Time,Category,Headline,Full_Text,URL,Sentiment_analysis,Passes_treshold
9.1.2025 7:00,All Points North,Ratkaise Sanapyramidi!,"Yhdistä ryhmiksi toisiinsa liittyvät sanat. Uusi peli julkaistaan joka aamu – tilaa ilmoitukset Yle-sovelluksesta. Osa artikkelin sisällöstä ei ole välttämättä saavutettavissa esimerkiksi ruudunlukuohjelmalla. Tilaa itsellesi Sanapyramidin ilmoitukset Yle-sovelluksesta, niin saat päivittäin tiedon uusista Sanapyramidi-pulmista. Sanapyramidissa pitää löytää neljä sanaryhmää, jotka muodostuvat 2, 3, 4 tai 5 sanasta. Jokaisen ryhmän sanoilla on joku yhdistävä tekijä. Pyramidin huipuksi tulee sana, joka ei kuulu mihinkään ryhmään. Esimerkkejä:
MATTI, TOIVO, YRJÖ ERKKI– miesten nimiä
TIE, KATU, KUJA – kulkuväyliä Valitse klikkaamalla sanat, jotka mielestäsi kuuluvat samaan ryhmään eli samaan pyramidin kerrokseen. Jos haluat perua jonkun valintasi, klikkaa ruutua uudestaan. Kun yksi rivi on valmis, paina Tarkista. Jos rivi on oikea, se asettuu paikalleen pyramidissa. Voit valita ryhmät missä tahansa järjestyksessä. Neljän väärän vastauksen jälkeen peli päättyy. Jos haluat apua, niin klikkaamalla Vihjettä saat ensimmäisen sanan alimmasta ratkaisemattomasta rivistä. Vihjeen saa vain viiden, neljän tai kolmen sanan riville. Huom! Myös vihjeeksi saatu sana täytyy erikseen klikata, kun valitset sanoja. Uusi Sanapyramidi julkaistaan joka aamu kello 6. Pelin on toteuttanut Yle Oppiminen.
Tekijät: Mikko Lehtola, Raili Löyttyniemi, Antti Saarenpää ja Anna-Leena Lappalainen Ruotsinkielinen sanapyramidi (Ordpyramiden)",https://yle.fi/a/74-20131998,"[{'label': '4 stars', 'score': 0.3326663374900818}]",1
9.2. 10:41,All Points North,News,"What would you like to hear on the All Points North podcast? Yle News' All Points North podcast has been running for nearly a decade, or over 300 episodes, and throughout that time on air our listeners have consistently proved to be our best source of inspiration and ideas. We are now working on updating and improving APN, and we would love your input on what we should do — or not do. Please share your feedback via this link to the survey. The survey takes about 5 minutes to complete and your answers will be anonymous, unless you specifically choose to leave your contact details.",https://yle.fi/a/74-20209097,"[{'label': '5 stars', 'score': 0.2915981113910675}]",1
30.1. 16:00,All Points North,News,"The All Points North podcast visits a school, examines the research, and hears an on-the-ground report from Australia in search of answers to whether Finland should ban social media for children. There is a growing groundswell of support in Finland to bring in a ban on the use of social media platforms by children, specifically those aged under 15. The calls have increased in volume in the wake of a similar move by Australia, which last year became the first country in the world to ban kids from accessing social media. In Finland, Prime Minister Petteri Orpo (NCP) has expressed his backing for a ban, saying he is concerned in particular about the ""lack of physical activity among children and young people"". Public health authority THL has also updated its recommendations on kids' use of social media, while a poll this week found two-thirds of Finns support a ban. ""We see a rise in self-harm and especially eating disorders. We see a big separation in the values of young girls and boys, which is also a big problem in society,"" researcher Silja Kosola tells APN. We also hear from Clare Armstrong, a journalist with Australia's public service broadcaster ABC, about how the ban has been received in Australia since coming into effect on 10 December. ""This happened at the start of our summer holidays, so most Australian children have just had 6 weeks of summer holidays that coincided with the first 6 weeks of this ban, and I find it really interesting reading these stories that kids are saying, you know what, I actually read books this summer or I hung out with my friends more, or I started a hobby,"" Armstrong explains. Listen to the episode via this embedded player, on Yle Areena, via Apple, Spotify or wherever you get your podcasts. In addition, we wrap up the rest of the week's news from Finland, and give listeners a tip about what to watch on Yle Areena. Ronan Browne produced and presented this episode of All Points North. The sound engineer was Joonatan Kotila. If you have any questions or want to share your thoughts, contact us via WhatsApp at +358 44 421 0909 or at yle.news@yle.fi and allpointsnorth@yle.fi.",https://yle.fi/a/74-20207418,"[{'label': '4 stars', 'score': 0.3933817744255066}]",1
30.12. 10:10,All Points North,News,"Over the past year, our listeners shared personal stories, day-to-day frustrations, and concerns about the future. Yle News' All Points North podcast covered a wide range of topics during 2025, with listeners taking on a much more active and participatory role in the weekly episodes. Our call-outs about subjects such as accessing mental health support, multicultural parenting, and Finland's best place to live regularly yielded hundreds of replies — and helped us bring those stories to the APN audience. One very popular episode featured the people who had moved to Finland from abroad because they fell in love with a Finn — but also discovered that the path is not always smooth. ""The real challenges they meet have to do with how their identity changes once they're here in Finland. So, if they meet a partner in some other location — and even if they both thoughtfully choose to move to Finland — probably neither one of them realise how much their identity is going to change once they come to a different society,"" marriage and family therapist Therese Sprinkel told us back in October. We also heard a diverse range of opinions on that most perennial of topics for immigrants in Finland: learning the Finnish language. ""I think the general feeling from a lot of us is why or how are we going to invest in a language that takes so much, so much out of you when you don't even know if you will be living in the country in the near future,"" Mariana said. Her comment succinctly summarised the frustrations that many immigrants were feeling about life in Finland during 2025, especially in light of the various legislative changes the government introduced around permanent residence permits, obtaining Finnish citizenship, and the controversial three-month rule. ""I feel that every new law and rule that they've made recently surrounding integration of foreigners and citizenship have been made to make it harder for us, more difficult, and it's already difficult, and I feel that we're just not wanted,"" Bronwyn Vainionpää, a joint citizen of Australia and New Zealand, told us in November. We were also very much on the move during 2025, from the rugby fields of Tampere to the 'Blue Zone' on Finland's west coast to daily life on a seafortress.",https://yle.fi/a/74-20201642,"[{'label': '4 stars', 'score': 0.42725592851638794}]",1
19.12. 15:53,All Points North,News,"Join us for a month-by-month journey through Finland's year in news. Over the past 12 months, our APN listeners have become a much more active and integral part of our weekly podcast. You've told us about the reasons you moved to Finland, the benefits and challenges of raising a family here, and your concerns about the future. In this review of 2025, we look back at the highlights — and lowlights — of life in Finland, in particular from the perspective of people who have moved here from abroad. Listen to the episode via this embedded player, on Yle Areena, via Apple, Spotify or wherever you get your podcasts. Ronan Browne produced and presented this episode of All Points North. The sound engineer was Panu Willman. If you have any questions or want to share your thoughts, contact us via WhatsApp at +358 44 421 0909 or at yle.news@yle.fi and allpointsnorth@yle.fi.",https://yle.fi/a/74-20200680,"[{'label': '4 stars', 'score': 0.44361546635627747}]",1
21.11. 15:56,All Points North,News,"Suomenlinna is one of the few places in the world where people live inside history. Step aboard the ferry as we hear from people who call the island home. If you've ever visited Helsinki, chances are you've been to Suomenlinna island. While there, you might have noticed signs urging visitors to be courteous because locals live there. Around 800 people live on Suomenlinna year-round, but what is everyday life like on the island? In this episode of All Points North, we speak to locals living at the Unesco World Heritage site and find out what life looks like here after the last visitor-filled ferry heads back to the mainland. Listen to the episode via this embedded player, on Yle Areena, via Apple, Spotify or wherever you get your podcasts. ""Time seems to run differently in Suomenlinna. The whole atmosphere is different from the mainland. There's much less rush,"" said island resident Ilkka Kilpeläinen, a journalist at Yle's Finnish sign language news team. Life there is much like being in a small village. ""I think the worst times were when you're a teenager on the island and you come home a bit late, you might be a bit drunk or something, and then you've got all of your neighbours and all of your friends' parents on the ferry,"" said Viivi Kallio-Meyers, who grew up in Suomenlinna. For a weekly roundup of the top stories from Finland, as well as an Yle Areena tip, sign up for Yle's newsletter with your Yle ID. Matthew Schilke produced and presented this episode of All Points North. The sound engineer was Katri Koivula. If you have any questions or want to share your thoughts, contact us via WhatsApp at +358 44 421 0909 or at yle.news@yle.fi and allpointsnorth@yle.fi.",https://yle.fi/a/74-20195404,"[{'label': '4 stars', 'score': 0.384706050157547}]",1
14.11. 15:24,All Points North,News,"Falling prices, nervous sellers and hopeful buyers — this week All Points North takes a closer look at Finland's shifting housing market. After years of falling prices in Finland, sales of used apartments are finally starting to climb, even as selling times stretch and prices stay flat. For some, it's a worrying sign. But for others, it's a long-awaited opportunity. As borrowing costs stabilise and inflation cools, APN asks if the real estate market is finally perking up. In this week's episode, we talk to first-time buyers, anxious homeowners, and housing experts to find out what's really happening in Finland's property market. We also unpack some Finnish housing quirks, from state-backed mortgages and notorious pipe renovations to the rise of all-digital home buying. Listen to the episode via this embedded player, on Yle Areena, via Apple, Spotify or wherever you get your podcasts. For a weekly roundup of the top stories from Finland, as well as an Yle Areena tip, sign up for Yle's newsletter with your Yle ID. Zena Iovino produced and presented this episode of All Points North. The sound engineer was Panu Willman. If you have any questions or want to share your thoughts, contact us via WhatsApp at +358 44 421 0909 or at yle.news@yle.fi and allpointsnorth@yle.fi.",https://yle.fi/a/74-20194023,"[{'label': '4 stars', 'score': 0.4329786002635956}]",1
14.11. 15:24,All Points North,News,"Falling prices, nervous sellers and hopeful buyers — this week All Points North takes a closer look at Finland's shifting housing market. After years of falling prices in Finland, sales of used apartments are finally starting to climb, even as selling times stretch and prices stay flat. For some, it's a worrying sign. But for others, it's a long-awaited opportunity. As borrowing costs stabilise and inflation cools, APN asks if the real estate market is finally perking up. In this week's episode, we talk to first-time buyers, anxious homeowners, and housing experts to find out what's really happening in Finland's property market. We also unpack some Finnish housing quirks, from state-backed mortgages and notorious pipe renovations to the rise of all-digital home buying. Listen to the episode via this embedded player, on Yle Areena, via Apple, Spotify or wherever you get your podcasts. For a weekly roundup of the top stories from Finland, as well as an Yle Areena tip, sign up for Yle's newsletter with your Yle ID. Zena Iovino produced and presented this episode of All Points North. The sound engineer was Panu Willman. If you have any questions or want to share your thoughts, contact us via WhatsApp at +358 44 421 0909 or at yle.news@yle.fi and allpointsnorth@yle.fi.",https://yle.fi/a/74-20194023#comments,"[{'label': '4 stars', 'score': 0.4329786002635956}]",1
11.11. 09:48,All Points North,News,"This week, the All Points North podcast is taking a closer look at Finland's housing market. More old stock apartments changed hands in October than at any time in the past three years, according to an industry group. Sales of used homes are picking up for the second month in a row, and in the Helsinki area, they're up nearly 10 percent from last year. This seems like good news, but prices still aren't moving up much. Selling times are longer than ever, and there are plenty of properties on the market, which is keeping prices in check. If you're a homeowner, the slowdown might be worrying. But if you're renting, maybe it's finally a reason to hope. What's your experience been? Have you bought or sold a home recently, or are you holding off, waiting for the right deal? We would love to hear your story: are you trying to sell, looking to buy or just watching the market from the sidelines? Drop us a message and tell us what the housing market looks like from where you are. Let us know in the comments below, and if you'd like us to get in touch, feel free to drop us a line at allpointsnorth@yle.fi. Users with an Yle ID can leave comments on our news stories. You can create your Yle ID via this link. Our guidelines on commenting and moderation are explained here.",https://yle.fi/a/74-20193315,"[{'label': '4 stars', 'score': 0.43265363574028015}]",1
11.11. 09:48,All Points North,News,"This week, the All Points North podcast is taking a closer look at Finland's housing market. More old stock apartments changed hands in October than at any time in the past three years, according to an industry group. Sales of used homes are picking up for the second month in a row, and in the Helsinki area, they're up nearly 10 percent from last year. This seems like good news, but prices still aren't moving up much. Selling times are longer than ever, and there are plenty of properties on the market, which is keeping prices in check. If you're a homeowner, the slowdown might be worrying. But if you're renting, maybe it's finally a reason to hope. What's your experience been? Have you bought or sold a home recently, or are you holding off, waiting for the right deal? We would love to hear your story: are you trying to sell, looking to buy or just watching the market from the sidelines? Drop us a message and tell us what the housing market looks like from where you are. Let us know in the comments below, and if you'd like us to get in touch, feel free to drop us a line at allpointsnorth@yle.fi. Users with an Yle ID can leave comments on our news stories. You can create your Yle ID via this link. Our guidelines on commenting and moderation are explained here.",https://yle.fi/a/74-20193315#comments,"[{'label': '4 stars', 'score': 0.43265363574028015}]",1
3.11. 09:05,All Points North,News,"APN wants to clear up the confusion surrounding the latest changes to the Citizenship Act. Finland's parliament recently approved a bill that will further tighten the rules around obtaining Finnish citizenship. The latest changes relate to an applicant's financial self-sufficiency as well as their ""integrity"" — meaning the committing of offences or crimes — and they make up the second phase of the government's three-step strategy aimed at making it more difficult to get a Finnish passport. The first phase focused on the amount of time an applicant should live in Finland before applying for citizenship, while the third will see the introduction of a citizenship test. The reform has however led to much confusion among Finland's immigrant population about if and how it relates to their citizenship applications. All Points North therefore wants to collate the questions our listeners have and find the answers. We also want to hear from people affected by the law changes. Will the changes prevent you from obtaining citizenship? What do you think about the reform? You can submit your questions or comments via WhatsApp on +358 44 421 0909 or you can send us an email, allpointsnorth@yle.fi.",https://yle.fi/a/74-20190622,"[{'label': '4 stars', 'score': 0.32513678073883057}]",1
3.11. 09:05,All Points North,News,"APN wants to clear up the confusion surrounding the latest changes to the Citizenship Act. Finland's parliament recently approved a bill that will further tighten the rules around obtaining Finnish citizenship. The latest changes relate to an applicant's financial self-sufficiency as well as their ""integrity"" — meaning the committing of offences or crimes — and they make up the second phase of the government's three-step strategy aimed at making it more difficult to get a Finnish passport. The first phase focused on the amount of time an applicant should live in Finland before applying for citizenship, while the third will see the introduction of a citizenship test. The reform has however led to much confusion among Finland's immigrant population about if and how it relates to their citizenship applications. All Points North therefore wants to collate the questions our listeners have and find the answers. We also want to hear from people affected by the law changes. Will the changes prevent you from obtaining citizenship? What do you think about the reform? You can submit your questions or comments via WhatsApp on +358 44 421 0909 or you can send us an email, allpointsnorth@yle.fi.",https://yle.fi/a/74-20190622#comments,"[{'label': '4 stars', 'score': 0.32513678073883057}]",1
31.10. 18:56,All Points North,News,"The All Points North podcast unpacks claims that deep-cover Russian agents are hidden in plain sight. Finland's relationship with Russia has always been complicated, and Nato membership has raised the stakes. The show explores a former CIA officer's recent claims that Russia continues to send ""illegals"" — deep-cover agents who live ordinary lives while carrying out secret missions — into Finland and other Nato countries. Listen to the episode via this embedded player, on Yle Areena, via Apple, Spotify or wherever you get your podcasts. Finland has a long history of espionage dating back to the Cold War, when Helsinki served as a training ground for Soviet agents. In this episode, we hear how key Finnish figures were assigned ""pet Russians"" and how espionage was used to gain access to Western technology, though, as it often turned out, the story behind the spy games was more complicated than it seemed. The Finnish Security and Intelligence Service (Supo) also weighs in on how concerns have shifted to hybrid tactics, rather than conventional military incursions. Zena Iovino produced and presented this episode of All Points North. The sound engineer was Pasi Ilkka. If you have any questions or want to share your thoughts, contact us via WhatsApp at +358 44 421 0909 or at yle.news@yle.fi and allpointsnorth@yle.fi.",https://yle.fi/a/74-20191365,"[{'label': '4 stars', 'score': 0.49826937913894653}]",1
24.10. 15:09,All Points North,News,"Many people who've moved to Finland did it for love. All Points North learns about the joys and hardships people experience as they make the country their home. This week the All Points North podcast looks at the experiences of people who've moved to Finland from abroad — and decided to stay — because they fell in love with a Finn. We hear from marriage and family therapist Therese Sprinkel, who helps multicultural couples work through issues they face. ""The real challenges they meet have to do with how their identity changes once they're here in Finland. So, if they meet a partner in some other location — and even if they both thoughtfully choose to move to Finland — probably neither one of them realise how much their identity is going to change once they come to a different society,"" Sprinkel explained. The show also features many vignettes from audience members who shared their personal stories and insights about life in their adopted country. Listen to the episode via this embedded player, on Yle Areena, via Apple, Spotify or wherever you get your podcasts. ""We've been married now for 55 years. Living in Finland for 49 of that period, three children, four grandchildren now. Finland's been very, very good to me, gave me a university position, a lectureship first, and then a permanent post after two years,"" said Michael, who moved to the country from Ireland in 1968. ""Accepting to marry him and move here are the only two good decisions I've ever made in my life. I really love the culture, not the drinking part though. I love the people. They are actually very super friendly, and I love that there is no small talk,"" Elizabeth told the podcast. Mark B. Odom produced and presented this episode of All Points North. The sound engineer was Matias Puumala.",https://yle.fi/a/74-20190229,"[{'label': '4 stars', 'score': 0.5191364884376526}]",1
24.10. 15:09,All Points North,News,"Many people who've moved to Finland did it for love. All Points North learns about the joys and hardships people experience as they make the country their home. This week the All Points North podcast looks at the experiences of people who've moved to Finland from abroad — and decided to stay — because they fell in love with a Finn. We hear from marriage and family therapist Therese Sprinkel, who helps multicultural couples work through issues they face. ""The real challenges they meet have to do with how their identity changes once they're here in Finland. So, if they meet a partner in some other location — and even if they both thoughtfully choose to move to Finland — probably neither one of them realise how much their identity is going to change once they come to a different society,"" Sprinkel explained. The show also features many vignettes from audience members who shared their personal stories and insights about life in their adopted country. Listen to the episode via this embedded player, on Yle Areena, via Apple, Spotify or wherever you get your podcasts. ""We've been married now for 55 years. Living in Finland for 49 of that period, three children, four grandchildren now. Finland's been very, very good to me, gave me a university position, a lectureship first, and then a permanent post after two years,"" said Michael, who moved to the country from Ireland in 1968. ""Accepting to marry him and move here are the only two good decisions I've ever made in my life. I really love the culture, not the drinking part though. I love the people. They are actually very super friendly, and I love that there is no small talk,"" Elizabeth told the podcast. Mark B. Odom produced and presented this episode of All Points North. The sound engineer was Matias Puumala.",https://yle.fi/a/74-20190229#comments,"[{'label': '4 stars', 'score': 0.5191364884376526}]",1
21.10. 11:53,All Points North,News,"We want to hear about the ups, downs and other experiences that multicultural couples in Finland deal with. Did you move to Finland because you fell in love with a Finn? If so, we want to hear from you! This week's All Points North podcast explores the ups, the downs and everything in between that multicultural couples in Finland deal with. Historically, multicultural marriages don't last as long compared to their fully domestic counterparts. At the same time, Finland's divorce rate is relatively high — but many Finn-foreigner couples do survive the tests of time. We want to hear from people who have been through — or are starting — those experiences. Ideally we'd like to hear all sides of the story. After you met your significant other, how did cultural and background differences affect the relationship? Were they challenging, a relief or a combination? Even the most fiery romances see the lustre of love dull after a while. What happened to your relationship after life in Finland became more routine? Would you recommend that your friends seek out love with a Finn? To share your stories and experiences, you can leave a comment below. You can also send them by email: allpointsnorth@yle.fi, or leave a text or voice message on WhatsApp: +358 44 421 0909. Please mention whether you would be interested in participating in the show — we might record your comments during a brief video conference. Again, it would be great if both partners take part. The sooner you get in touch with us the better, as the audience participation deadline is on Thursday at noon.",https://yle.fi/a/74-20189524,"[{'label': '4 stars', 'score': 0.5376553535461426}]",1
21.10. 11:53,All Points North,News,"We want to hear about the ups, downs and other experiences that multicultural couples in Finland deal with. Did you move to Finland because you fell in love with a Finn? If so, we want to hear from you! This week's All Points North podcast explores the ups, the downs and everything in between that multicultural couples in Finland deal with. Historically, multicultural marriages don't last as long compared to their fully domestic counterparts. At the same time, Finland's divorce rate is relatively high — but many Finn-foreigner couples do survive the tests of time. We want to hear from people who have been through — or are starting — those experiences. Ideally we'd like to hear all sides of the story. After you met your significant other, how did cultural and background differences affect the relationship? Were they challenging, a relief or a combination? Even the most fiery romances see the lustre of love dull after a while. What happened to your relationship after life in Finland became more routine? Would you recommend that your friends seek out love with a Finn? To share your stories and experiences, you can leave a comment below. You can also send them by email: allpointsnorth@yle.fi, or leave a text or voice message on WhatsApp: +358 44 421 0909. Please mention whether you would be interested in participating in the show — we might record your comments during a brief video conference. Again, it would be great if both partners take part. The sooner you get in touch with us the better, as the audience participation deadline is on Thursday at noon.",https://yle.fi/a/74-20189524#comments,"[{'label': '4 stars', 'score': 0.5376553535461426}]",1
10.10. 16:02,All Points North,News,"British magazine Time Out ranked Vallila as the ninth coolest neighbourhood in the entire world. Kallio has long been considered Helsinki's stereotypically cool neighbourhood, but nearby Vallila seems to be reaching for that title. British magazine Time Out ranked Vallila as the ninth coolest neighbourhood in the entire world. All Points North followed up with travel journalist Antti Helin, who penned Vallila's write-up. ""What's very nice about Puu-Vallila is it's not touristy at all. In any other city in the world, if you would have this picturesque wooden village so close to the city centre, there would be a ton of tourist shops, cafes and bars,"" Helin told APN. Listen to the episode via this embedded player, on Yle Areena, via Apple, Spotify or wherever you get your podcasts. APN also spoke with residents in Kallio and Vallila to get their opinions on Helsinki's cityscape. ""I think what makes Helsinki special is that it's like combination of different villages,"" Kallio resident and content creator Matti Lehto told APN. ""I like the convenience of the neighbourhood and I like the fact that you have some you have some bars, that you have some parks, there's a lot of diversity there,"" Vallila resident and Yle Kioski creator Jaakko Keso said. For a weekly roundup of the top stories from Finland, as well as an Yle Areena tip, sign up for Yle's newsletter with your Yle ID. Matthew Schilke presented this episode of All Points North. The sound engineer was Katja Kostiainen. If you have any questions or want to share your thoughts, contact us via WhatsApp at +358 44 421 0909 or at yle.news@yle.fi and allpointsnorth@yle.fi. Users with an Yle ID can leave comments on our news stories. You can create your Yle ID via this link. Our guidelines on commenting and moderation are explained here.",https://yle.fi/a/74-20187713,"[{'label': '4 stars', 'score': 0.3595444858074188}]",1
10.10. 16:02,All Points North,News,"British magazine Time Out ranked Vallila as the ninth coolest neighbourhood in the entire world. Kallio has long been considered Helsinki's stereotypically cool neighbourhood, but nearby Vallila seems to be reaching for that title. British magazine Time Out ranked Vallila as the ninth coolest neighbourhood in the entire world. All Points North followed up with travel journalist Antti Helin, who penned Vallila's write-up. ""What's very nice about Puu-Vallila is it's not touristy at all. In any other city in the world, if you would have this picturesque wooden village so close to the city centre, there would be a ton of tourist shops, cafes and bars,"" Helin told APN. Listen to the episode via this embedded player, on Yle Areena, via Apple, Spotify or wherever you get your podcasts. APN also spoke with residents in Kallio and Vallila to get their opinions on Helsinki's cityscape. ""I think what makes Helsinki special is that it's like combination of different villages,"" Kallio resident and content creator Matti Lehto told APN. ""I like the convenience of the neighbourhood and I like the fact that you have some you have some bars, that you have some parks, there's a lot of diversity there,"" Vallila resident and Yle Kioski creator Jaakko Keso said. For a weekly roundup of the top stories from Finland, as well as an Yle Areena tip, sign up for Yle's newsletter with your Yle ID. Matthew Schilke presented this episode of All Points North. The sound engineer was Katja Kostiainen. If you have any questions or want to share your thoughts, contact us via WhatsApp at +358 44 421 0909 or at yle.news@yle.fi and allpointsnorth@yle.fi. Users with an Yle ID can leave comments on our news stories. You can create your Yle ID via this link. Our guidelines on commenting and moderation are explained here.",https://yle.fi/a/74-20187713#comments,"[{'label': '4 stars', 'score': 0.3595444858074188}]",1
3.10. 15:39,All Points North,News,"We head to the stage to hear how young migrants are turning their difficult journeys into powerful stories. What's it like to arrive in Finland as a minor with no parents? In this episode of All Points North, we explore a youth theatre production where young people from Afghanistan, Somalia, Syria, Kurdistan and Ukraine turn their challenging journeys into stories of resilience and belonging. The show also touches on bigger migration issues in Finland, like the uncertain futures of these young performers who arrived here as unaccompanied minors. Listen to the episode via this embedded player, on Yle Areena, via Apple, Spotify or wherever you get your podcasts. ""In this society, we often talk about integration as a problem-oriented discussion, but here it's also our source of power — plurality — that everybody is so different and they come from different cultures,"" Jussi Lehtonen, head of communities and engagement at the Finnish National Theatre, told APN. Performers like Rozkin, Ada and Rizz bring their own stories to the stage, giving us a glimpse into what it's like to adapt and settle in a new country, ultimately finding their place in Finnish society. For a weekly roundup of the top stories from Finland, as well as an Yle Areena tip, sign up for Yle's newsletter with your Yle ID. Zena Iovino produced and presented this episode of All Points North. The sound engineer was Katri Koivula. If you have any questions or want to share your thoughts, contact us via WhatsApp at +358 44 421 0909 or at yle.news@yle.fi and allpointsnorth@yle.fi. Users with an Yle ID can leave comments on our news stories. You can create your Yle ID via this link. Our guidelines on commenting and moderation are explained here.",https://yle.fi/a/74-20186374,"[{'label': '4 stars', 'score': 0.41848620772361755}]",1
3.10. 15:39,All Points North,News,"We head to the stage to hear how young migrants are turning their difficult journeys into powerful stories. What's it like to arrive in Finland as a minor with no parents? In this episode of All Points North, we explore a youth theatre production where young people from Afghanistan, Somalia, Syria, Kurdistan and Ukraine turn their challenging journeys into stories of resilience and belonging. The show also touches on bigger migration issues in Finland, like the uncertain futures of these young performers who arrived here as unaccompanied minors. Listen to the episode via this embedded player, on Yle Areena, via Apple, Spotify or wherever you get your podcasts. ""In this society, we often talk about integration as a problem-oriented discussion, but here it's also our source of power — plurality — that everybody is so different and they come from different cultures,"" Jussi Lehtonen, head of communities and engagement at the Finnish National Theatre, told APN. Performers like Rozkin, Ada and Rizz bring their own stories to the stage, giving us a glimpse into what it's like to adapt and settle in a new country, ultimately finding their place in Finnish society. For a weekly roundup of the top stories from Finland, as well as an Yle Areena tip, sign up for Yle's newsletter with your Yle ID. Zena Iovino produced and presented this episode of All Points North. The sound engineer was Katri Koivula. If you have any questions or want to share your thoughts, contact us via WhatsApp at +358 44 421 0909 or at yle.news@yle.fi and allpointsnorth@yle.fi. Users with an Yle ID can leave comments on our news stories. You can create your Yle ID via this link. Our guidelines on commenting and moderation are explained here.",https://yle.fi/a/74-20186374#comments,"[{'label': '4 stars', 'score': 0.41848620772361755}]",1
22.9. 11:33,All Points North,News,"We're devoting an episode of the All Points North podcast to this important issue and want to highlight your experiences. A study in 2021 found that immigrants in Finland were more than twice as likely to develop mental health disorders than their native counterparts. Despite this, immigrants have been found to use and access mental health services less than the general population. We're devoting an episode of the All Points North podcast to this important issue and want to highlight your experiences. We want to hear from immigrants in Finland who have considered, sought or received help with mental health issues. What was it like? Were you able to get the help you needed? How much did it end up costing? Did you notice things that could be improved? We understand that mental health issues are a very private matter to most people. But we can quote you entirely anonymously, if we can verify your identity confidentially. In other words, you can participate without revealing who you are. If you don't want to use your voice to tell the story, we can also read aloud your written experiences. If you'd like to share, please leave a comment below — or if you prefer, contact us at allpointsnorth@yle.fi so we can arrange a more private conversation. Alternatively, you can leave us a voice message (which can be altered to disguise your voice) on WhatsApp, at: +358 44 421 0909. We look forward to hearing from you! Users with an Yle ID can leave comments on our news stories. You can create your Yle ID via this link. Our guidelines on commenting and moderation are explained here.",https://yle.fi/a/74-20184257,"[{'label': '4 stars', 'score': 0.31560057401657104}]",1
22.9. 11:33,All Points North,News,"We're devoting an episode of the All Points North podcast to this important issue and want to highlight your experiences. A study in 2021 found that immigrants in Finland were more than twice as likely to develop mental health disorders than their native counterparts. Despite this, immigrants have been found to use and access mental health services less than the general population. We're devoting an episode of the All Points North podcast to this important issue and want to highlight your experiences. We want to hear from immigrants in Finland who have considered, sought or received help with mental health issues. What was it like? Were you able to get the help you needed? How much did it end up costing? Did you notice things that could be improved? We understand that mental health issues are a very private matter to most people. But we can quote you entirely anonymously, if we can verify your identity confidentially. In other words, you can participate without revealing who you are. If you don't want to use your voice to tell the story, we can also read aloud your written experiences. If you'd like to share, please leave a comment below — or if you prefer, contact us at allpointsnorth@yle.fi so we can arrange a more private conversation. Alternatively, you can leave us a voice message (which can be altered to disguise your voice) on WhatsApp, at: +358 44 421 0909. We look forward to hearing from you! Users with an Yle ID can leave comments on our news stories. You can create your Yle ID via this link. Our guidelines on commenting and moderation are explained here.",https://yle.fi/a/74-20184257#comments,"[{'label': '4 stars', 'score': 0.31560057401657104}]",1
16.9. 10:31,All Points North,News,"From being told learning Finnish is essential for integration to hearing 'it’s too difficult, don’t bother,' many newcomers to Finland are left unsure which path to take. Update: A massive thank you to the hundreds of people who contributed to this discussion! Our latest episode, APN Podcast: What's the point of learning Finnish?, is now live. Listen to the episode via this embedded player, on Yle Areena, via Apple, Spotify or wherever you get your podcasts. How important is learning Finnish? Is it the central block to building a life in Finland? Or can you get by perfectly fine in English? We want to hear about your experiences, as we attempt to answer this quite divisive question in this week's episode of All Points North. Let us know your thoughts in the comments below, or if you'd like us to get in touch with you, feel free to drop us a line at allpointsnorth@yle.fi. We also welcome messages and especially voice notes via WhatsApp on +358 44 421 0909. Users with an Yle ID can leave comments on our news stories. You can create your Yle ID via this link. Our guidelines on commenting and moderation are explained here.",https://yle.fi/a/74-20183150,"[{'label': '5 stars', 'score': 0.4874196946620941}]",1
16.9. 10:31,All Points North,News,"From being told learning Finnish is essential for integration to hearing 'it’s too difficult, don’t bother,' many newcomers to Finland are left unsure which path to take. Update: A massive thank you to the hundreds of people who contributed to this discussion! Our latest episode, APN Podcast: What's the point of learning Finnish?, is now live. Listen to the episode via this embedded player, on Yle Areena, via Apple, Spotify or wherever you get your podcasts. How important is learning Finnish? Is it the central block to building a life in Finland? Or can you get by perfectly fine in English? We want to hear about your experiences, as we attempt to answer this quite divisive question in this week's episode of All Points North. Let us know your thoughts in the comments below, or if you'd like us to get in touch with you, feel free to drop us a line at allpointsnorth@yle.fi. We also welcome messages and especially voice notes via WhatsApp on +358 44 421 0909. Users with an Yle ID can leave comments on our news stories. You can create your Yle ID via this link. Our guidelines on commenting and moderation are explained here.",https://yle.fi/a/74-20183150#comments,"[{'label': '5 stars', 'score': 0.4874196946620941}]",1
12.9. 15:43,All Points North,News,"What are some of the cultural differences when it comes to raising kids in Finland? Ever wondered what growing up in Finland is really like? On this week's episode of All Points North, we tag along at a forest daycare in central Helsinki, where toddlers spend their mornings exploring the woods instead of playing with toys. In these forest kindergartens, kids learn by counting mushrooms, noticing the seasons and developing motor skills, all through nature. Families who move to Finland often point to the country's closeness to nature as one of the biggest perks of living here. But Finnish parenting also raises questions: how much independence is too much? We explore the debate around children making their own choices, screen time, and parental boundaries with insights and stories from foreign parents navigating Finnish ways of raising kids. Listen to the episode via this embedded player, on Yle Areena, via Apple, Spotify or wherever you get your podcasts. We also dive into uniquely Finnish customs, from the Saturday-only candy day to the family sauna. Joel Willans of the Very Finnish Problems franchise explains why communal nudity and sauna culture are surprisingly beneficial for children and families. For a weekly roundup of the top stories from Finland, as well as an Yle Areena tip, sign up for Yle's newsletter with your Yle ID. Zena Iovino presented this episode of All Points North. The sound engineer was Matias Puumala. If you have any questions or want to share your thoughts, contact us via WhatsApp at +358 44 421 0909 or at yle.news@yle.fi and allpointsnorth@yle.fi. Users with an Yle ID can leave comments on our news stories. You can create your Yle ID via this link. Our guidelines on commenting and moderation are explained here.",https://yle.fi/a/74-20182444,"[{'label': '4 stars', 'score': 0.40202322602272034}]",1
12.9. 15:43,All Points North,News,"What are some of the cultural differences when it comes to raising kids in Finland? Ever wondered what growing up in Finland is really like? On this week's episode of All Points North, we tag along at a forest daycare in central Helsinki, where toddlers spend their mornings exploring the woods instead of playing with toys. In these forest kindergartens, kids learn by counting mushrooms, noticing the seasons and developing motor skills, all through nature. Families who move to Finland often point to the country's closeness to nature as one of the biggest perks of living here. But Finnish parenting also raises questions: how much independence is too much? We explore the debate around children making their own choices, screen time, and parental boundaries with insights and stories from foreign parents navigating Finnish ways of raising kids. Listen to the episode via this embedded player, on Yle Areena, via Apple, Spotify or wherever you get your podcasts. We also dive into uniquely Finnish customs, from the Saturday-only candy day to the family sauna. Joel Willans of the Very Finnish Problems franchise explains why communal nudity and sauna culture are surprisingly beneficial for children and families. For a weekly roundup of the top stories from Finland, as well as an Yle Areena tip, sign up for Yle's newsletter with your Yle ID. Zena Iovino presented this episode of All Points North. The sound engineer was Matias Puumala. If you have any questions or want to share your thoughts, contact us via WhatsApp at +358 44 421 0909 or at yle.news@yle.fi and allpointsnorth@yle.fi. Users with an Yle ID can leave comments on our news stories. You can create your Yle ID via this link. Our guidelines on commenting and moderation are explained here.",https://yle.fi/a/74-20182444#comments,"[{'label': '4 stars', 'score': 0.40202322602272034}]",1
9.9. 10:45,All Points North,News,"From family sauna nights and candy day to forest school and the push for kids to be independent early on, Finland has its own unique ways of raising children. Update: Huge thanks to everyone who contributed! Our latest episode, 'What’s it like to grow up in Finland?', is now live. Listen to the episode via this embedded player, on Yle Areena, via Apple, Spotify or wherever you get your podcasts. Have you started parenting like a Finn since moving here? Which Finnish parenting habits have you picked up, and which are a hard pass? This week on the All Points North podcast, we're diving into parenting, Finnish style, and we would love to hear from you! Let us know in the comments below, and if you'd like us to get in touch with you, feel free to drop us a line at allpointsnorth@yle.fi. Users with an Yle ID can leave comments on our news stories. You can create your Yle ID via this link. Our guidelines on commenting and moderation are explained here.",https://yle.fi/a/74-20181831,"[{'label': '5 stars', 'score': 0.4431595504283905}]",1
9.9. 10:45,All Points North,News,"From family sauna nights and candy day to forest school and the push for kids to be independent early on, Finland has its own unique ways of raising children. Update: Huge thanks to everyone who contributed! Our latest episode, 'What’s it like to grow up in Finland?', is now live. Listen to the episode via this embedded player, on Yle Areena, via Apple, Spotify or wherever you get your podcasts. Have you started parenting like a Finn since moving here? Which Finnish parenting habits have you picked up, and which are a hard pass? This week on the All Points North podcast, we're diving into parenting, Finnish style, and we would love to hear from you! Let us know in the comments below, and if you'd like us to get in touch with you, feel free to drop us a line at allpointsnorth@yle.fi. Users with an Yle ID can leave comments on our news stories. You can create your Yle ID via this link. Our guidelines on commenting and moderation are explained here.",https://yle.fi/a/74-20181831#comments,"[{'label': '5 stars', 'score': 0.4431595504283905}]",1
29.4.2025 12:25,All Points North,News,"The countdown to Eurovision is on, and the All Points North podcast is looking for superfans to share their love for the contest! Whether you've been watching the Eurovision Song Contest since Lordi's historic win, keep spreadsheets, or host annual themed watch parties complete with scorecards and snacks, we want to hear from you! Tell us what the music competition means to you, who you're rooting for this year, or your favourite moment from contests past. Get in touch, and you might be featured in an upcoming episode! Let us know in the comments below, and if you'd like us to get in touch with you, feel free to drop us a line at allpointsnorth@yle.fi. Users with an Yle ID can leave comments on our news stories. You can create your Yle ID via this link. Our guidelines on commenting and moderation are explained here.",https://yle.fi/a/74-20158713,"[{'label': '5 stars', 'score': 0.500737190246582}]",1
25.4.2025 15:02,All Points North,News,"This week All Points North looks into the surging number of children in Finland being diagnosed with ADHD, with one in five primary school boys in one region now diagnosed with the condition. Finland has seen a dramatic rise in the number of children diagnosed with attention deficit hyperactivity disorder (ADHD) over the past decade. Figures published earlier this year by public health authority THL showed that more than 11 percent of primary school age (7-12) boys had an ADHD diagnosis in 2023, a sharp increase on the proportion of just 3.3 percent registered in 2015. The data also revealed startling regional discrepancies, with one in five primary school boys in North Karelia now diagnosed with the condition. Furthermore, the spike in diagnoses has been accompanied by a surge in the prescribing of ADHD medication, leading to questions about how Finland is dealing with the sudden increase. APN set out to discover the reasons behind these trends. Listen to the episode via this embedded player, on Yle Areena, via Apple, Spotify or wherever you get your podcasts. ""I think the most important factors are the big changes in kids' and teens' environments in recent years, such as more screen time, less physical activity and less sleep, and this evidently contributes a lot to the increase in ADHD diagnoses,"" THL chief physician Terhi Aalto-Setälä tells the show. We also wrap up the rest of the week's headlines from Finland, as well as offering our weekly recommendation of what to watch on Yle Areena. For a weekly roundup of the top stories from Finland, as well as an Yle Areena tip, sign up for Yle's newsletter service with your Yle ID. Ronan Browne and Zena Iovino presented this episode of All Points North. The sound engineer was Mikko Kymäläinen. If you have any questions or want to share your thoughts, contact us via WhatsApp at +358 44 421 0909 or at yle.news@yle.fi and allpointsnorth@yle.fi. Users with an Yle ID can leave comments on our news stories. You can create your Yle ID via this link. Our guidelines on commenting and moderation are explained here.",https://yle.fi/a/74-20158012,"[{'label': '4 stars', 'score': 0.36224880814552307}]",1
25.4.2025 15:02,All Points North,News,"This week All Points North looks into the surging number of children in Finland being diagnosed with ADHD, with one in five primary school boys in one region now diagnosed with the condition. Finland has seen a dramatic rise in the number of children diagnosed with attention deficit hyperactivity disorder (ADHD) over the past decade. Figures published earlier this year by public health authority THL showed that more than 11 percent of primary school age (7-12) boys had an ADHD diagnosis in 2023, a sharp increase on the proportion of just 3.3 percent registered in 2015. The data also revealed startling regional discrepancies, with one in five primary school boys in North Karelia now diagnosed with the condition. Furthermore, the spike in diagnoses has been accompanied by a surge in the prescribing of ADHD medication, leading to questions about how Finland is dealing with the sudden increase. APN set out to discover the reasons behind these trends. Listen to the episode via this embedded player, on Yle Areena, via Apple, Spotify or wherever you get your podcasts. ""I think the most important factors are the big changes in kids' and teens' environments in recent years, such as more screen time, less physical activity and less sleep, and this evidently contributes a lot to the increase in ADHD diagnoses,"" THL chief physician Terhi Aalto-Setälä tells the show. We also wrap up the rest of the week's headlines from Finland, as well as offering our weekly recommendation of what to watch on Yle Areena. For a weekly roundup of the top stories from Finland, as well as an Yle Areena tip, sign up for Yle's newsletter service with your Yle ID. Ronan Browne and Zena Iovino presented this episode of All Points North. The sound engineer was Mikko Kymäläinen. If you have any questions or want to share your thoughts, contact us via WhatsApp at +358 44 421 0909 or at yle.news@yle.fi and allpointsnorth@yle.fi. Users with an Yle ID can leave comments on our news stories. You can create your Yle ID via this link. Our guidelines on commenting and moderation are explained here.",https://yle.fi/a/74-20158012#comments,"[{'label': '4 stars', 'score': 0.36224880814552307}]",1
11.4.2025 15:25,All Points North,News,"In this week's podcast we look ahead to Sunday's local elections. Finland goes to the polls this weekend to elect thousands of municipal and county councillors — but is turnout what it could be? Foreign-background voters have been slower to head to the ballot boxes than the general population, and that could have a growing impact as the population diversifies. We asked researcher Josefina Sipinen about Finland's democratic deficit — and especially the reluctance to get involved. ""There is this new dimension to it when the population is changing and becoming more and more diverse in this sense, and clearly it takes time for the system to adapt to this,"" said Sipinen. With Donald Trump announcing trade tariffs on allies this week, the news agenda has been dominated by economic turmoil. We took a look at the perspective of retail investors, who have been faced with tough choices on whether or not to cash out their portfolios. Sari Lounasmeri from the Finnish Association for Share Promotion told us that it is a good time to check your targets and plans for your investments. ""It's a good time now to ask yourself if you're in it for the long haul or if you actually need cash in the short term,"" said Lounasmeri. For a weekly roundup of the top stories from Finland, as well as an Yle Areena tip, sign up for Yle's newsletter service with your Yle ID. Egan Richardson and Zena Iovino presented this episode of All Points North. The sound engineer was Juha Hjelm. If you have any questions or want to share your thoughts, contact us via WhatsApp at +358 44 421 0909 or at yle.news@yle.fi and allpointsnorth@yle.fi. Users with an Yle ID can leave comments on our news stories. You can create your Yle ID via this link. Our guidelines on commenting and moderation are explained here.",https://yle.fi/a/74-20155463,"[{'label': '4 stars', 'score': 0.35058027505874634}]",1
11.4.2025 15:25,All Points North,News,"In this week's podcast we look ahead to Sunday's local elections. Finland goes to the polls this weekend to elect thousands of municipal and county councillors — but is turnout what it could be? Foreign-background voters have been slower to head to the ballot boxes than the general population, and that could have a growing impact as the population diversifies. We asked researcher Josefina Sipinen about Finland's democratic deficit — and especially the reluctance to get involved. ""There is this new dimension to it when the population is changing and becoming more and more diverse in this sense, and clearly it takes time for the system to adapt to this,"" said Sipinen. With Donald Trump announcing trade tariffs on allies this week, the news agenda has been dominated by economic turmoil. We took a look at the perspective of retail investors, who have been faced with tough choices on whether or not to cash out their portfolios. Sari Lounasmeri from the Finnish Association for Share Promotion told us that it is a good time to check your targets and plans for your investments. ""It's a good time now to ask yourself if you're in it for the long haul or if you actually need cash in the short term,"" said Lounasmeri. For a weekly roundup of the top stories from Finland, as well as an Yle Areena tip, sign up for Yle's newsletter service with your Yle ID. Egan Richardson and Zena Iovino presented this episode of All Points North. The sound engineer was Juha Hjelm. If you have any questions or want to share your thoughts, contact us via WhatsApp at +358 44 421 0909 or at yle.news@yle.fi and allpointsnorth@yle.fi. Users with an Yle ID can leave comments on our news stories. You can create your Yle ID via this link. Our guidelines on commenting and moderation are explained here.",https://yle.fi/a/74-20155463#comments,"[{'label': '4 stars', 'score': 0.35058027505874634}]",1
28.3.2025 15:17,All Points North,News,"This week All Points North looks beyond the poll rankings to hear the real stories behind life in Finland's cities, towns and villages. With Finland's place as the happiest country in the world firmly cemented, we set off on a quest to find the best place to live in the world's most contented nation. Our call-out for nominations garnered a huge reaction among APN listeners, with stories and suggestions coming in from across the country — especially from people who have moved from abroad and now call their corners of Finland ""home"". We hear about vibrant neighbourhoods in the south, the positive effects of an ambitious climate change policy in the east, and the tranquil beauty of life in Finnish Lapland. Listen to the episode via this embedded player, on Yle Areena, via Apple, Spotify or wherever you get your podcasts. Aarne Granlund, a resident of North Karelia in the east of the country, told APN that the criteria for finding a good place to live in Finland is almost universal. ""If everything is working correctly and we get to go out to nature and have our sauna, we don't want anything much more than that. So if the basics are correct, then we are happy, but we do a lot of work to get the basics right in Finland,"" Granlund said. We also wrap up the rest of the week's news and offer our weekly recommendation of what to watch on Yle Areena. Ronan Browne and Egan Richardson presented this episode of All Points North, with additional reporting by Zena Iovino. The sound engineer was Joonatan Kotila. If you have any questions or want to share your thoughts, contact us via WhatsApp at +358 44 421 0909 or at yle.news@yle.fi and allpointsnorth@yle.fi. Users with an Yle ID can leave comments on our news stories. You can create your Yle ID via this link. Our guidelines on commenting and moderation are explained here.",https://yle.fi/a/74-20152444,"[{'label': '4 stars', 'score': 0.43444669246673584}]",1
28.3.2025 15:17,All Points North,News,"This week All Points North looks beyond the poll rankings to hear the real stories behind life in Finland's cities, towns and villages. With Finland's place as the happiest country in the world firmly cemented, we set off on a quest to find the best place to live in the world's most contented nation. Our call-out for nominations garnered a huge reaction among APN listeners, with stories and suggestions coming in from across the country — especially from people who have moved from abroad and now call their corners of Finland ""home"". We hear about vibrant neighbourhoods in the south, the positive effects of an ambitious climate change policy in the east, and the tranquil beauty of life in Finnish Lapland. Listen to the episode via this embedded player, on Yle Areena, via Apple, Spotify or wherever you get your podcasts. Aarne Granlund, a resident of North Karelia in the east of the country, told APN that the criteria for finding a good place to live in Finland is almost universal. ""If everything is working correctly and we get to go out to nature and have our sauna, we don't want anything much more than that. So if the basics are correct, then we are happy, but we do a lot of work to get the basics right in Finland,"" Granlund said. We also wrap up the rest of the week's news and offer our weekly recommendation of what to watch on Yle Areena. Ronan Browne and Egan Richardson presented this episode of All Points North, with additional reporting by Zena Iovino. The sound engineer was Joonatan Kotila. If you have any questions or want to share your thoughts, contact us via WhatsApp at +358 44 421 0909 or at yle.news@yle.fi and allpointsnorth@yle.fi. Users with an Yle ID can leave comments on our news stories. You can create your Yle ID via this link. Our guidelines on commenting and moderation are explained here.",https://yle.fi/a/74-20152444#comments,"[{'label': '4 stars', 'score': 0.43444669246673584}]",1
25.3.2025 14:52,All Points North,News,"This week on the All Points North podcast, we're on a mission to find the best place to live in Finland — and we want your input! Where in Finland do you get the best balance of urban lifestyle and natural beauty? Tampere and the Pirkanmaa region have frequently topped numerous polls and surveys, earning a reputation as one of the most desirable areas to live in the country. But does this popularity truly reflect the day-to-day reality of living there? Finland's urban centres often offer more job opportunities, cultural activities and convenience, while rural areas tend to provide peace, space, and closer proximity to nature. Which one do you prefer? What are you looking for in a place to live? This week on the All Points North podcast, we're on a mission to find the best place to live in Finland — and we’d love to hear your thoughts! Let us know in the comments below, and if you'd like us to get in touch with you, feel free to drop us a line at allpointsnorth@yle.fi. Users with an Yle ID can leave comments on our news stories. You can create your Yle ID via this link. Our guidelines on commenting and moderation are explained here.",https://yle.fi/a/74-20151769,"[{'label': '4 stars', 'score': 0.396505206823349}]",1
25.3.2025 14:52,All Points North,News,"This week on the All Points North podcast, we're on a mission to find the best place to live in Finland — and we want your input! Where in Finland do you get the best balance of urban lifestyle and natural beauty? Tampere and the Pirkanmaa region have frequently topped numerous polls and surveys, earning a reputation as one of the most desirable areas to live in the country. But does this popularity truly reflect the day-to-day reality of living there? Finland's urban centres often offer more job opportunities, cultural activities and convenience, while rural areas tend to provide peace, space, and closer proximity to nature. Which one do you prefer? What are you looking for in a place to live? This week on the All Points North podcast, we're on a mission to find the best place to live in Finland — and we’d love to hear your thoughts! Let us know in the comments below, and if you'd like us to get in touch with you, feel free to drop us a line at allpointsnorth@yle.fi. Users with an Yle ID can leave comments on our news stories. You can create your Yle ID via this link. Our guidelines on commenting and moderation are explained here.",https://yle.fi/a/74-20151769#comments,"[{'label': '4 stars', 'score': 0.396505206823349}]",1
7.3.2025 15:40,All Points North,News,"All Points North explores the professional ups and downs of trailing spouses who followed their partners to Finland. Trailing spouses follow their partners across cities, countries, and even continents. But what happens to their own dreams, ambitions, and sense of identity along the way? This week we hear from spouses making a new life in Finland, and hear how they can restart their careers. ""Networking is such a big thing here, and I think the thing about networking is that it's sometimes a scary word for people,"" Lauren Jung, a community coordinator for the city of Espoo, told the show. ""Sometimes it feels like this very formal thing, like, oh, I need to go to a conference and wear my best blazer and, you know, shake hands with big important people. But I think the important thing to remember is that networks are everywhere."" Lucia Vuillermin, a career counsellor at the Turku University of Applied Sciences, also talked about how foreigners in Finland have to make themselves visible, instead of waiting for someone to come knocking on the door. ""They think somebody will find my 'hidden gem' and understand that what I've done is so precious and important, and they will recognise and hire me. Unfortunately, it is not like that,"" she said. Listen to the episode via this embedded player, on Yle Areena, via Apple, Spotify or wherever you get your podcasts. We also round up the rest of the week's news from around the country and share a tip on what to stream from Yle's Areena platform. Priya Ramachandran D'souza and Zena Iovino presented this episode of All Points North. The sound engineer was Katja Kostiainen. If you have any questions or want to share your thoughts, contact us via WhatsApp at +358 44 421 0909 or at yle.news@yle.fi and allpointsnorth@yle.fi. Users with an Yle ID can leave comments on our news stories. You can create your Yle ID via this link. Our guidelines on commenting and moderation are explained here.",https://yle.fi/a/74-20148135,"[{'label': '4 stars', 'score': 0.4649142622947693}]",1
7.3.2025 15:40,All Points North,News,"All Points North explores the professional ups and downs of trailing spouses who followed their partners to Finland. Trailing spouses follow their partners across cities, countries, and even continents. But what happens to their own dreams, ambitions, and sense of identity along the way? This week we hear from spouses making a new life in Finland, and hear how they can restart their careers. ""Networking is such a big thing here, and I think the thing about networking is that it's sometimes a scary word for people,"" Lauren Jung, a community coordinator for the city of Espoo, told the show. ""Sometimes it feels like this very formal thing, like, oh, I need to go to a conference and wear my best blazer and, you know, shake hands with big important people. But I think the important thing to remember is that networks are everywhere."" Lucia Vuillermin, a career counsellor at the Turku University of Applied Sciences, also talked about how foreigners in Finland have to make themselves visible, instead of waiting for someone to come knocking on the door. ""They think somebody will find my 'hidden gem' and understand that what I've done is so precious and important, and they will recognise and hire me. Unfortunately, it is not like that,"" she said. Listen to the episode via this embedded player, on Yle Areena, via Apple, Spotify or wherever you get your podcasts. We also round up the rest of the week's news from around the country and share a tip on what to stream from Yle's Areena platform. Priya Ramachandran D'souza and Zena Iovino presented this episode of All Points North. The sound engineer was Katja Kostiainen. If you have any questions or want to share your thoughts, contact us via WhatsApp at +358 44 421 0909 or at yle.news@yle.fi and allpointsnorth@yle.fi. Users with an Yle ID can leave comments on our news stories. You can create your Yle ID via this link. Our guidelines on commenting and moderation are explained here.",https://yle.fi/a/74-20148135#comments,"[{'label': '4 stars', 'score': 0.4649142622947693}]",1
11.2. 10:33,All Points North,News,"The Finnish government's plans to amend the Driving Licence Act, which aims to improve road safety for young drivers, will be debated in Parliament next week. One third of young people in Finland believe the threshold for obtaining a driving license is too low, according to a survey commissioned by Fintraffic, the country's traffic management agency. The poll collected the views of over 800 people between the ages of 15 and 24, of whom 463 hold a driving license. The apparent ease of securing a license raises serious safety concerns, Fintraffic CEO Pasi Anteroinen wrote in a press release, noting that Finland lags behind the other Nordic countries in youth traffic safety. The government's plans to amend the Driving Licence Act, which aims to improve road safety for young drivers, will come before Parliament next week. ""At present, there is too little instruction. The proposed law would increase it by three theory lessons and one driving lesson. Although the increase is small, it’s a step in the right direction,"" Anteroinen wrote. Aside from the increased lessons, the government's bill will also tighten the requirements under which an underage driver can receive an exemption license as well as impose a nighttime driving ban on those with such permits. Finland's legal driving age is 18, but a law change in 2018 allowed 17-year-olds to obtain driving licences under certain, less-stringent circumstances. According to figures from Fintraffic, currently nine out of 10 applicants meet the criteria to receive an exemption license and some 20,000 17-year-olds now hold such permits, nearly a third of the entire age group. Based on that data, Anteroinen questions whether the regulation can be considered an ""exemption"" any longer. He also welcomes the government's plans to ban 17-year-old license holders from driving between midnight and 5am. ""Two out of five fatal traffic accidents involving young people happen at night. A nighttime driving ban is an easy way to try to prevent nearly half of fatal crashes,"" Anteroinen noted. Nearly half (45 percent) of the young people surveyed backed this view, while 35 percent were against a nighttime ban for 17-year-old drivers. If approved by Parliament, the legislative change will take effect on 1 June.",https://yle.fi/a/74-20209565,"[{'label': '4 stars', 'score': 0.23682749271392822}]",1
11.2. 16:51,All Points North,News,"The flag carrier's comparable operating profit soared by 29%, but revenues declined on US routes. Finnair's share price soared by more than 14 percent on Wednesday after CEO Turkka Kuusisto said the company had the best final quarter in comparable history. ""Since the pandemic, we have seen that even though consumer confidence indices have been low, people still have money available. And in our view, it is being used more and more for experiences and travel,"" Kuusisto said. Based on that stronger travel demand, the company forecast higher earnings this year. Finnair's turnover only grew by about one percent, but its comparable operating profit surged by 29 percent to around 62 million euros, up from 48 million a year earlier. Demand grew briskly, especially in Asia and Europe. The company has increased flights to Japan and, according to Kuusisto, is the largest operator in European connecting traffic with 25 weekly flights. ""However, international conflicts, global political instability and the threat of trade wars cause uncertainty in the operating environment,"" the CEO said. Kuusisto pointed to North America as a softer spot. Finnair has added routes there – but revenue has decreased. However, Finnair still sees the US market as important in the long term. ""Naturally, we are following the development of this market area with particular attention,"" he said. Finnish tourism to the US fell by one quarter last year, according to the Association of Finnish Travel Industry. Due to Russia’s war of aggression in Ukraine, Finnair is not flying over Russian airspace – but a Chinese rival plans to do so. China Southern Airlines aims to fly between Beijing and Helsinki, which would give it a clear competitive advantage over Finnair. ""It is obvious that flying over Siberia saves many hours and tens of tons of kerosene. This competitive imbalance is significant. We should consider at the EU level what to do about this – especially if Russia's war of aggression in Ukraine continues,"" said Kuusisto. ""However, I personally think that there are no shortcuts when it comes to value choices,"" he added.",https://yle.fi/a/74-20209721,"[{'label': '2 stars', 'score': 0.3964291512966156}]",1
11.2. 14:10,All Points North,News,"Education in Finland faces significant challenges, including declining PISA results, growing disparities in the classroom, and increased mental health issues among young people. An expert group working under the leadership of the Finnish education ministry has published its vision of what Finland's schools should look like in 2045. Under the title, ""Comprehensive Schools 2045: The vision for life"", the report outlines the importance of teaching the children of the future to work together for a better world. ""The task of comprehensive schools is to increase competence and the willingness to use knowledge to advance the common good. Sound knowledge and basic skills are combined with ethical, social and flexible thinking skills, as well as the ability to guide one’s own learning,"" the report states. The panel was established by the education ministry as concerns grow in Finland about declining PISA results, growing disparities in the classroom, and increased mental health issues among young people. In addition to the above, the working group noted that the climate crisis as well as technological advancements will also bring significant challenges to education institutions of the future. To meet these challenges, it proposes fostering a deeper link between learning and wellbeing in the classrooms of 2045, while also encouraging schools to build stronger connections with parents. ""The aim is the psychological, social and physical wellbeing of the entire school community, which also sustains schoolchildren’s wellbeing,"" the report notes. With the advent of AI a growing point of discussion, the group urged schools to embrace technology, rather than reject it. ""Technology can be used to deepen human interaction and to enable better guidance, learning that is more equal, and knowledge-based leadership,"" the report stated. In a press release, Minister of Education Anders Adlercreutz (SPP) described Finland's schools as ""the most important institution for the future of society"". ""There is no need to reinvent comprehensive school, but it needs to be updated to meet today's requirements and challenges,"" Adlercreutz wrote. ""The vision takes a strong stand on the fact that, in the midst of the changed operating environment, there is an increasing demand to reinforce not only basic skills but also our ability to work together,"" he added. The committee compiled its vision over the course of two years, drawing on the views of over 5,000 people in Finland as well as on the findings of Finnish and international research.",https://yle.fi/a/74-20209671,"[{'label': '4 stars', 'score': 0.46759554743766785}]",1
11.2. 13:01,All Points North,News,"The legislative amendment follows last year's decision by the European Court of Justice, which upheld a logging ban during the nesting season in Estonia. The government plans to ban logging in certain types of forests during the bird nesting season in spring and summer. According to the draft bill, logging would be prohibited in deciduous forests, groves and coastal forests in northern Finland between May and July. In the rest of Finland, the ban period would begin and end two weeks earlier. Under the bill, northern Finland is defined as Lapland plus the municipalities of Kuusamo, Pudasjärvi, Taivalkoski, Hyrynsalmi, Puolanka and Suomussalmi. According to the proposal, before harvesting, loggers must assess the birdlife in the area based on factors such as forest type and age. Conservation groups have warned that the population of many of Finland’s best-known bird species has dropped sharply in recent years. The wording of the bill pledges that the three-month restriction will not have a significant impact on private forest owners. It notes that the areas subject to a limited ban are small and that logging can be carried out at other times. The government says that the legislative change is not expected to affect the sale price of timber, either. It is circulating the draft proposal for comments until next week. The Forest Act will be amended to reflect a ruling by the European Court of Justice last August, which banned logging in Estonian forests during the bird breeding season. That case stemmed from a decision in 2021 when Estonia’s Environmental Board suspended logging by two companies until late June. The board ruled that the forestry work posed a real risk of disturbing bird nesting or destroying nests, Estonian public broadcaster ERR reported.",https://yle.fi/a/74-20209630,"[{'label': '4 stars', 'score': 0.2921488285064697}]",1
11.2. 11:54,All Points North,News,"President Alexander Stubb heads to the Munich Security Conference while PM Petteri Orpo (NCP) meets with EU colleagues at a Belgian castle before a visit to the Winter Olympics. Finnish President Alexander Stubb heads to Germany for the Munich Security Conference on Friday and Saturday. Nearly 50 heads of state and government are to attend, including the leaders of most European countries, the EU, Nato and the UN. The US will be represented by Secretary of State Marco Rubio. Along with the conference’s basic theme of European security and defence, participants will discuss the fraught state of transatlantic relations and the multilateral system and Russia’s full-scale war in Ukraine, now entering its fifth year. Stubb is to take part in several discussion and panel events, including a Nato-hosted roundtable on the future information environment. He will also hold one-to-one talks with various other leaders on the sidelines of the conference. The president will be accompanied by Foreign Minister Elina Valtonen and Defence Minister Antti Häkkänen, both from Stubb’s former National Coalition Party (NCP). Stubb’s successor as NCP leader, Prime Minister Petteri Orpo, meanwhile travels to Belgium on Thursday for an EU leaders’ retreat. The informal meeting, focusing on EU competitiveness, will be held at Alden Biesen castle in northeastern Belgium. In a statement ahead of the meeting, Orpo said that the EU should reduce its ""harmful dependencies,"" without providing any more specifics. EU leaders are to discuss Europe’s future competitiveness with former Italian PM and European Central Bank chief Mario Draghi, among others. Orpo will also attend the Milan–Cortina Winter Olympics, meeting Finnish athletes and cheering them on. The games run until 22 February in northern Italy.",https://yle.fi/a/74-20209586,"[{'label': '4 stars', 'score': 0.5615372061729431}]",1
10.2. 16:43,All Points North,News,"Valmet Automotive's CEO says the electric bus deal is another step in advancing the firm's strategy of expanding into new industries. Valmet Automotive is planning to begin mass production of electric buses at its factory in Uusikaupunki, on Finland's west coast. Announcing the plan on Tuesday, the company said it has signed an agreement with Jeti Industries, a Finnish firm specialising in the design, development and production of electric buses and other vehicles. The agreement means that Valmet Automotive's factory in Uusikaupunki will manufacture electric city and regional buses on a contractual basis. In mid-December, Valmet Automotive announced plans to assemble military vehicles for Sisu Auto at the Uusikaupunki facility. The firm also announced plans in October to partner with Finnish defence vehicle firm Patria in manufacturing efforts. The plant underwent major redundancy talks in the autumn, after a manufacturing contract with Mercedes-Benz came to an end. Following those talks, in November the company announced that it would cut a maxiumum of 235 jobs and furlough up to 860 workers. According to Valmet Automotive's CEO, Pasi Rannus, the electric bus deal is another step in advancing the firm's strategy of expanding into new industries. ""Given our history in car manufacturing, producing zero-emission electric buses for next-generation mobility is a logical step for us and a continuation of our long-standing expertise in manufacturing electric vehicles. Jeti Industries has developed an excellent product innovation with an existing, international market. We are excited to participate in the development of novel mobility solutions and to enable the serial production of a Finnish high-tech product,"" Rannus said in a press release on Tuesday. Negotiations on the deal's final agreements are underway, the release said.",https://yle.fi/a/74-20209458,"[{'label': '2 stars', 'score': 0.2594108581542969}]",1
10.2. 13:08,All Points North,News,"A massive reform of the way in which regional healthcare authorities are funded was introduced in 2022, but many people are dissatisfied with the results. A group of about 100 people held a demonstration on the steps outside the Parliament Building in Helsinki on Tuesday afternoon, calling for a review of how healthcare funds are distributed around the country. According to an Yle reporter at the scene, the group was mainly made up of people from the regions of South Karelia, South Savo, and Kymenlaakso — three areas of Finland which have been hit especially hard by the financial crisis currently facing the public healthcare system. The group — made up of regional councillors, municipal decision-makers as well as ordinary members of the public — is demanding the government review the way in which Finland funds its regional healthcare authorities, also known as wellbeing services counties. The current funding model — nicknamed sote — was introduced in 2022 by the government of Sanna Marin after a decade of political wrangling and failures by previous coalitions to get the legislation over the line. However, people in Finland have not been pleased with the consequences of the sweeping reform. A poll last year found a clear majority felt their local health services had deteriorated since sote was brought in. Many healthcare regions face spiralling debts, with some forced to lay off hundreds of workers as they try to balance the books. The protestors outside parliament on Tuesday pointed in particular to what they said is the unfair nature in which funds are distributed, and the subsequent knock-on effects such decisions can have on smaller regions.",https://yle.fi/a/74-20209383,"[{'label': '2 stars', 'score': 0.34321093559265137}]",1
10.2. 11:31,All Points North,News,"The European Consumer Centre (ECC) helps people with problems related to cross-border trade. The European Consumer Centre (ECC) saw a nine-percent increase in the number of complaints from consumers in Finland last year compared to 2024. The ECC is a network of 29 independent, national offices that aims to help consumers with problems related to cross-border trade. It is funded by the European Commission as well as by member governments. In a press release, the centre noted that the most common complaint it received from people in Finland last year related to flights. In total, it received some 2,748 contacts from Finnish consumers, of which one in five were related to air travel — usually in connection with flight cancellations or delays. The next most-complained-about category was online services, with the centre handling complaints about, for example, consumers receiving invoices they were not expecting in relation to health assessments or CV services. Nearly 850 cases, of the overall total, proceeded to mediation — a 17 percent increase on the figure for 2024. Of the mediation cases concerning Finnish consumers that were completed in 2025, the ECC noted that 51 percent ended in full settlements and five percent in partial settlements. ""In 30 percent of the cases, no resolution was reached, because the trader did not accept the consumer's claim, did not respond to the request for a reply, or could not be reached,"" the centre said, adding that a further four percent of cases were settled independently.",https://yle.fi/a/74-20209352,"[{'label': '4 stars', 'score': 0.26730260252952576}]",1
9.2. 16:47,All Points North,News,"The use of plastic bags decreased last year, the S and K groups report. Finland’s two biggest retail chains, the S and K stores, are raising the price of plastic bags to 50 cents this month. The aim of the price increase is to reduce the use of plastic bags. Previously, a plastic bag cost 35 euros at a K-Citymarket, for example. Both grocery chains say that people bought fewer plastic bags last year. Now only about 20 percent of shoppers buy a plastic bag on a typical visit. Both major retailers raised the price of plastic bags last spring, after which their sales clearly decreased. The use of plastic bags decreased by almost 10 percent last year, the S group says. Correspondingly, demand for paper bags has grown strongly. Since the price of plastic bags rose in the spring, sales of paper at S and K stores rose by almost 50 percent from a year earlier. The EU's target is that each consumer should buy no more than 40 plastic bags per year. There is still some way to go to achieve that goal in Finland, where the average resident still buys around 60 plastic bags annually. According to the EU, lightweight plastic carrier bags with a thickness of less than 50 microns are among the top 10 littered items in Europe. It points out that while they are often only used once, they take centuries to fully degrade in the natural environment. Before that, they are frequently ingested by animals or break up into microplastics. Either way, they end up in the human and animal food chain. According to a recent study by the Finnish Environment Institute (Syke), re-using ordinary plastic bags may be a better alternative than using so-called biodegradable plastic ones.",https://yle.fi/a/74-20209212,"[{'label': '2 stars', 'score': 0.3951174318790436}]",1
9.2. 15:36,All Points North,News,"Many women say that their complaints are not taken seriously in Finland. An increasing number of Finnish women are travelling to Sweden for treatment of injuries sustained during childbirth, according to a report by Yle's Swedish-language unit. Svenska Yle interviewed nearly 30 women injured during vaginal delivery. In Sweden, birth injuries are more routinely treated with pelvic floor surgery. Finnish gynaecologists take a more cautious view of this kind of surgery. Some doctors worry that operations are performed too readily in Sweden. At the same time, many women in Finland say their symptoms are not taken seriously. Finnish gynaecologist Päivi Karjalainen said Sweden is a pioneer in the treatment of childbirth injuries, both compared with Finland and internationally. She works at Hospital Nova in Jyväskylä, where she regularly treats women injured during childbirth. In her view, Sweden leads the field in perineal repair surgery. According to her, perineal injuries have received less attention in Finland and elsewhere because their significance has long been poorly understood. Karjalainen said Finland has taken a more cautious approach to the surgical treatment of childbirth injuries. She believes this reflects an outdated view that perineal repair surgery does more harm than good. Tomi Mikkola, chief physician and head of gynaecological surgery at Helsinki University Hospital, meanwhile, said the Swedish way of describing the procedures is misleading. He argued that it is simplistic to suggest that surgeons simply identify a muscle, stitch it and repair the damage. In practice, Mikkola said, individual muscles cannot be repaired in isolation. Surgical procedures instead aim to reattach larger structures, in the process also restoring the muscles. His position is that there is no major difference between the Swedish and Finnish approaches in the treatment of birthing injuries.",https://yle.fi/a/74-20209171,"[{'label': '2 stars', 'score': 0.32483717799186707}]",1
12.2.2024 11:26,Presidential election,News,"Finland woke up on Monday to a new era after NCP candidate Stubb won a cordially-conducted presidential election on Sunday night. Finland has a new president, and in this edition of the All Points North podcast we look at the implications of the race and what the Alexander Stubb presidency might bring. Speaking to international media on Sunday evening, Stubb said that Finland had conducted an exemplary democratic election. ""I'm very proud of the way we have conducted the elections here in Finland,"" said Stubb, who becomes the country's 13th president when he takes office on 1 March. ""It's been very constructive, very positive, and in many ways very respectful. It's been a victory I think for liberal democracy. The reason for that is for us foreign and security policy is existential. We fully understand that we cannot have tough debates on foreign and security policy, especially not in this world political situation."" Listen to the episode via this embedded player, Yle Areena, Apple, Spotify or wherever you get your podcasts. Professor of World Politics Teivo Teivainen said that he felt the less stable international situation would bring different challenges for Sauli Niinistö's successor. ""In Finland many people have been thinking all throughout independence that it's an existential question if and when Russia attacks, will someone come and help us?"" In addition to a new president, Finland also gets its first foreign-born spouse. Susanne Innes-Stubb is a British-born lawyer, and she told APN on Sunday that she was looking forward to the new role. ""It's a huge honour,"" said Innes-Stubb. ""Finland has been my home for 15 years but to take on this position would be a massive honour and a huge privilege."" This week's show was presented by Ronan Browne, Egan Richardson and Zena Iovino, with additional reporting by Miyuki Jokiranta. The sound engineer was Matias Puumala. If you have any questions or would like to share your thoughts, contact us via WhatsApp on +358 44 421 0909 or at yle.news@yle.fi and allpointsnorth@yle.fi. Users with an Yle ID can leave comments on our news stories. You can create your Yle ID via this link. Our guidelines on commenting and moderation are explained here.",https://yle.fi/a/74-20074111,"[{'label': '4 stars', 'score': 0.3826856017112732}]",1
12.2.2024 11:06,Presidential election,News,"On average, around 1.4 million viewers were tuned in to Yle's election programming. Almost 2.6 million people tuned into Yle TV to watch the results of the second and final round of the presidential election on Sunday evening. The largest audience watching Yle coverage simultaneously was around two million people. But on average, around 1.4 million viewers were tuned in to Yle's election programming. Another one million people watched the coverage on the public broadcaster's streaming platform Areena. Yle's website was also busy and viewed around 2.9 million times on election day. Yle viewership was roughly the same during the election's first round. On Sunday night, National Coalition Party candidate Alexander Stubb beat independent candidate Pekka Haavisto (Independent, Green) by an historically close margin. After the ballots were counted, Stubb received 51.6 percent of the vote, leaving Haavisto with 48.4 percent. Users with an Yle ID can leave comments on our news stories. You can create your Yle ID via this link. Our guidelines on commenting and moderation are explained here.",https://yle.fi/a/74-20074113,"[{'label': '4 stars', 'score': 0.2951531410217285}]",1
7.2.2024 10:47,Presidential election,News,"Despite a record high turnout of nearly 46 percent, some voters told Yle they were still contemplating their decision as they reached the polling booth. Advance voting in the Finnish presidential second round run-off has set a new record turnout for a national election, with nearly 46 percent of voters casting their ballots early. By the time polling stations closed at 8pm on Tuesday evening after seven days of advance voting, some 1.96 million people had voted. This turnout even outstrips the first round, which itself set a new record at 44.7 percent. Voter Samuel Sylf told Yle that choosing between Alexander Stubb and Pekka Haavisto as Finland's next president was not an easy decision, and he was still considering his preference as he went to cast his vote. ""Yes, security issues are crucial, and then whether the candidate has managed to put his or her values across,"" Sylf said. Viivi Kovanen meanwhile said she also found it difficult to choose between the two candidates, noting that both are well suited to the role. ""I consider the candidate's values and their approachability to be the most important things,"" Kovanen said. Helsinki Univeristy world politics professor Teivo Teivainen told the All Points North podcast that the tight race was encouraging people to vote. Listen to the episode via this embedded player, on Yle Areena, via Apple, Spotify or wherever you get your podcasts. As the countdown to election day continues, farmers' union newspaper Maaseudun Tulevaisuus published a poll on Wednesday morning which showed Alexander Stubb holding an eight-point lead over Pekka Haavisto. The survey found that Haavisto had more backing among young women voters, while Stubb was most popular among older men. MT's poll produced the same result as a similar survey published by Helsingin Sanomat on Monday, which also found 54 percent support for Stubb and 46 percent for Haavisto. More than 1,000 people responded to the MT survey, with a margin of error of around three percent in either direction. The latest on the Finnish presidential election — including candidate profiles, a very simple guide and Yle's election compass — is available here. Users with an Yle ID can leave comments on our news stories. You can create your Yle ID via this link. Our guidelines on commenting and moderation are explained here.",https://yle.fi/a/74-20073365,"[{'label': '4 stars', 'score': 0.27997857332229614}]",1
6.2.2024 15:58,Presidential election,News,"Alexander Stubb's lead over Pekka Haavisto in the presidential election second round is down to 6 percentage points in the latest poll, having stood at 14 points last week. A poll published on Tuesday by news group Uutissuomalainen suggests that National Coalition Party (NCP) candidate Alexander Stubb is on course to become Finland's next president. Stubb's lead in the second round run-off over his rival Pekka Haavisto now stands at 53-47. The result is roughly in line with a similar survey published by Helsingin Sanomat on Monday, which found 54 percent support for Stubb and 46 percent for Haavisto. However, both polls show that the gap between the two candidates is narrowing — as Helsingin Sanomat's previous poll gave Stubb a lead of 14 percentage points. The Uutissuomalainen survey was carried out between 30 January and 5 February and asked 1,000 Finnish citizens for their preferred candidate in the second round, with 822 people stating their preference. The All Points North podcast this week asks what differentiates the two candidates vying to become Finland's next president. Listen to the episode via this embedded player, on Yle Areena, via Apple, Spotify or wherever you get your podcasts. Tuesday marks the seventh and final day of advance voting in the second round of Finland's presidential election. Turnout hit 40 percent at 11 o'clock on Tuesday morning, and if the current pace continues, a new advance voting record could be set by the time polling stations close at 8pm on Tuesday evening. The pace of advance voting has even outstripped that of the first round, which reached 35.9 percent by the morning of the final day. The Ministry of Justice later revealed that the advance voting turnout for the first round was 44.7 percent. The latest on the Finnish presidential election — including candidate profiles, a very simple guide and Yle's election compass — is available here. Users with an Yle ID can leave comments on our news stories. You can create your Yle ID via this link. Our guidelines on commenting and moderation are explained here.",https://yle.fi/a/74-20073252,"[{'label': '4 stars', 'score': 0.35714367032051086}]",1
5.2.2024 14:26,Presidential election,News,"Respondents were asked whom they would vote for if the second round of the presidential election were held now. The National Coalition Party's presidential candidate, Alexander Stubb, is still leading but has lost ground to Pekka Haavisto (Independent/Green), according to Helsingin Sanomat's latest support survey. The newspaper's latest poll found Stubb receiving 54 percent of support from respondents, with Haavisto getting 46 percent backing. Respondents were asked whom they would vote for if the second round of the presidential election were held now. Compared to the paper's previous presidential election poll, Stubb's lead has narrowed by a few percentage points. Last week's HS survey found support for Stubb at 57 percent, and 43 percent for Haavisto. The latest on the Finnish presidential election — including candidate profiles, a very simple guide and Yle's election compass — is available here. Male respondents were more likely to support Stubb while females more commonly supported Haavisto, according to HS. The election's first round was on 28 January, when Stubb received 27.2 percent of the vote while 25.8 percent voted for Haavisto, leading the pair to the second round which is scheduled for Sunday 11 February. Advance voting in the second round ends on Tuesday. The survey was commissioned by Helsingin Sanomat and was carried out online by polling firm Verian on 2-4 February. It queried 1,154 people over the age of 18 across Finland, with the exception of Åland. It had a margin of error of 2.9 percentage points in either direction. The All Points North podcast asked what differentiates the two candidates vying to become Finland's next president. Listen to the episode via this embedded player, on Yle Areena, via Apple, Spotify or wherever you get your podcasts. Users with an Yle ID can leave comments on our news stories. You can create your Yle ID via this link. Our guidelines on commenting and moderation are explained here.",https://yle.fi/a/74-20073010,"[{'label': '4 stars', 'score': 0.32492321729660034}]",1
30.1.2024 15:56,Presidential election,News,"The poll measured support for Stubb at 57 percent, ahead of his rival Haavisto with 43 percent support. If the second round of the presidential election were held right now, National Coalition Party candidate Alexander Stubb would win, according to newspaper Helsingin Sanomat's latest survey. The poll, which was carried out in the days following the election's first round on Sunday, found support for Stubb at 57 percent and his rival Pekka Haavisto (Green/independent) with 43 percent support. The paper's latest poll agrees with the results of a similar survey by Yle ahead of the first round, which suggested that Stubb would receive 59 percent of support, and Haavisto getting 41 percent in an eventual second round scenario. Yle News published a simple guide explaining everything you need to know about this election. Our election compass also offers a look at the views of all the candidates, and an opportunity for you to see which might match your own politics. During Sunday's election, Stubb received 27.2 percent support from voters and Haavisto received 25.8 percent. Advance voting in the second round begins on Wednesday and continues until Tuesday 6 February. Election day is on Sunday 11 February. Edited to adjust advance voting dates. Users with an Yle ID can leave comments on our news stories. You can create your Yle ID via this link. Our guidelines on commenting and moderation are explained here.",https://yle.fi/a/74-20072130,"[{'label': '4 stars', 'score': 0.3625759780406952}]",1
28.1.2024 19:47,Presidential election,News,"This page features results from Finland's presidential election as they come in from across the country. Parts of the article content might not be accessible, for example, with a screen reader. The first round of Finland's presidential election takes place on Sunday. Results are available on this page, while news updates can be found on the live blog.",https://yle.fi/a/74-20071741,"[{'label': '3 stars', 'score': 0.3720369338989258}]",1
26.1.2024 18:25,Presidential election,News,"The early voter turnout of 44 percent could delay election results by an hour on Sunday. The first-round 2024 Finnish presidential election result will likely be delayed, due to the record number of advance votes that need to be counted. Counting the votes of the largest constituencies will still be in progress when voting on the actual election day ends on Sunday evening. ""I think the early voting results will be ready after nine,"" director of Electoral Administration at the Ministry of Justice, Arto Jääskeläinen, told Yle Radio 1's Ykkösaamu. The delay is not due to the ballot counters, says Jääskeläinen, but to the fact that more than a third of those entitled to vote have already voted. According to Jääskeläinen's estimate, the first round election result should be in by 10 pm Sunday. Users with an Yle ID can leave comments on our news stories. You can create your Yle ID via this link. Our guidelines on commenting and moderation are explained here.",https://yle.fi/a/74-20071620,"[{'label': '3 stars', 'score': 0.2544501721858978}]",1
26.1.2024 18:25,Presidential election,News,"The early voter turnout of 44 percent could delay election results by an hour on Sunday. The first-round 2024 Finnish presidential election result will likely be delayed, due to the record number of advance votes that need to be counted. Counting the votes of the largest constituencies will still be in progress when voting on the actual election day ends on Sunday evening. ""I think the early voting results will be ready after nine,"" director of Electoral Administration at the Ministry of Justice, Arto Jääskeläinen, told Yle Radio 1's Ykkösaamu. The delay is not due to the ballot counters, says Jääskeläinen, but to the fact that more than a third of those entitled to vote have already voted. According to Jääskeläinen's estimate, the first round election result should be in by 10 pm Sunday. Users with an Yle ID can leave comments on our news stories. You can create your Yle ID via this link. Our guidelines on commenting and moderation are explained here.",https://yle.fi/a/74-20071620#comments,"[{'label': '3 stars', 'score': 0.2544501721858978}]",1
25.1.2024 6:01,Presidential election,News,"Finland's election day is on Sunday, 28 January. National Coalition Party candidate Alexander Stubb leads Yle's final poll before presidential election day on Sunday. His support has fallen since December's poll, however. The latest poll, conducted by Taloustutkimus, suggests that Stubb would have the support of some 27 percent of voters, compared to 31 percent in December. In second spot was Pekka Haavisto (Green), who is running as an independent candidate backed by a voters' association and the Green party. Finns Party candidate Jussi Halla-aho has shown the greatest increase in support, rising from 10 percent in December to 18 percent now. Halla-aho has overtaken Olli Rehn, who is backed by a voters' association and the Centre Party. Rehn's support also rose, from 12 percent in December to 14 percent now. The poll was conducted via phone interviews. Taloustutkimus Managing Director Jari Pajunen said that phone interviews have proven more accurate than online surveys, which have been used in other recent presidential polls. The poll was conducted between 17 and 23 January. In second-round matchups, Stubb appears to be the overwhelming favourite. According to the poll, he would beat every possible second-round opponent. The poll suggests that Haavisto's chances depend on his second-round opponent. He would struggle if he faces Stubb, and the race could be very even in the unlikely event of a second-round matchup with Rehn. Against Halla-aho, Haavisto would be the favourite. Pajunen said, however, that the number of undecided voters had grown and now stands at some 15 percent. The likely second-round election would take place on Sunday, 11 February, with advance voting from 31 January to 6 February. Users with an Yle ID can leave comments on our news stories. You can create your Yle ID via this link. Our guidelines on commenting and moderation are explained here.",https://yle.fi/a/74-20071134,"[{'label': '4 stars', 'score': 0.37465620040893555}]",1
25.1.2024 6:01,Presidential election,News,"Finland's election day is on Sunday, 28 January. National Coalition Party candidate Alexander Stubb leads Yle's final poll before presidential election day on Sunday. His support has fallen since December's poll, however. The latest poll, conducted by Taloustutkimus, suggests that Stubb would have the support of some 27 percent of voters, compared to 31 percent in December. In second spot was Pekka Haavisto (Green), who is running as an independent candidate backed by a voters' association and the Green party. Finns Party candidate Jussi Halla-aho has shown the greatest increase in support, rising from 10 percent in December to 18 percent now. Halla-aho has overtaken Olli Rehn, who is backed by a voters' association and the Centre Party. Rehn's support also rose, from 12 percent in December to 14 percent now. The poll was conducted via phone interviews. Taloustutkimus Managing Director Jari Pajunen said that phone interviews have proven more accurate than online surveys, which have been used in other recent presidential polls. The poll was conducted between 17 and 23 January. In second-round matchups, Stubb appears to be the overwhelming favourite. According to the poll, he would beat every possible second-round opponent. The poll suggests that Haavisto's chances depend on his second-round opponent. He would struggle if he faces Stubb, and the race could be very even in the unlikely event of a second-round matchup with Rehn. Against Halla-aho, Haavisto would be the favourite. Pajunen said, however, that the number of undecided voters had grown and now stands at some 15 percent. The likely second-round election would take place on Sunday, 11 February, with advance voting from 31 January to 6 February. Users with an Yle ID can leave comments on our news stories. You can create your Yle ID via this link. Our guidelines on commenting and moderation are explained here.",https://yle.fi/a/74-20071134#comments,"[{'label': '4 stars', 'score': 0.37465620040893555}]",1
24.1.2024 18:59,Presidential election,News,"Early voter turnout rose to 44 percent, compared to less than 37 percent in the last presidential election. Finns voted more enthusiastically in advance in the current presidential election than six years ago, when Sauli Niinistö was re-elected for a second term by a wide margin in the first round. A new record was set for early voting in the presidential election before polling sites closed on Tuesday evening. Voter turnout rose to 44.0 percent. Six years ago, the preliminary figure reported on the last day was 36.1 percent. That figure was later adjusted to 36.7 percent. A total of 1.88 million Finns cast their votes in advance between 17 and 23 January. It is difficult to estimate the final turnout based on preliminary votes, though, according to Yle election expert Sami Borg, who is research manager at the Foundation for Municipal Development. ""I have thought for a long time, even before voting began, that we could reach 75 percent turnout in this election. That would be a significant increase from [almost] 70 percent six years ago. An increase in the voting percentage would be very rare in Finnish elections. It may be that now some kind of record will be set,"" he told Yle. The total turnout in 2018 was 66.76 percent. According to Borg, the fairly even competition between the top candidates this time may mean that some voters are waiting to vote on election day proper, which is next Sunday, January 28. A likely second-round runoff election would take place on Sunday, 11 February, with advance voting from 31 January to 6 February. Users with an Yle ID can leave comments on our news stories. You can create your Yle ID via this link. Our guidelines on commenting and moderation are explained here.",https://yle.fi/a/74-20071162,"[{'label': '2 stars', 'score': 0.28150951862335205}]",1
23.1.2024 10:52,Presidential election,News,"Advance voting for the first round of the presidential election ends on Tuesday. By Monday evening, almost 1.5 million Finns had cast votes in the presidential election, with domestic turnout rising to 34.9 percent of eligible voters. Advance voting for the first round of voting ends on Tuesday and election day is on Sunday. Advance voting abroad ended on Saturday. Election stories — including profiles of each candidate — can be found here, and here's a really simple guide to Finland's 2024 presidential election. Voter turnout has so far been highest in the Pirkanmaa region, where close to 40 percent voted by Monday evening. Early voting was lowest in the autonomous Åland Islands, with only 15.2 percent of eligible voters casting their ballot as of 8pm on Monday. More women than men have cast early votes. If there is a second round of voting, the election day will be on 11 February with domestica advance voting open between 31 January to 6 February. Finns who live abroad will be able to vote in the second round from 31 January to 3 February. Users with an Yle ID can leave comments on our news stories. You can create your Yle ID via this link. Our guidelines on commenting and moderation are explained here.",https://yle.fi/a/74-20070785,"[{'label': '4 stars', 'score': 0.3679773509502411}]",1
22.1.2024 18:38,Presidential election,News,"There's less than a week until the presidential election's first round, on Sunday 28 January. Support for Jussi Halla-aho (Finns) rose to 18 percent in Helsingin Sanomat's latest presidential poll, which is only two percentage points away from the survey's runner-up, Pekka Haavisto (Green) who received 20 percent support. Comparatively, Halla-aho received 13 percent support in a similar HS survey last month. Meanwhile, the survey's leader, Alexander Stubb (NCP), received the support of 22 percent of respondents. Both Stubb and Haavisto saw support levels drop in January's survey. Twelve percent of respondents supported Olli Rehn (Cen), which was an increase compared to HS' last poll. The remaining five candidates polled in the single digits, according to Helsingin Sanomat. Election related stories — including profiles of each candidate — can be found here. The Helsingin Sanomat-sponsored survey was carried out by Verian (formerly Kantar Public), with data collected on 17-20 January. It queried 1,008 people in Finland over the age of 18, excluding ones who live on Åland. The survey's maximum margin of error was 3.1 percentage points in either direction. Users with an Yle ID can leave comments on our news stories. You can create your Yle ID via this link. Our guidelines on commenting and moderation are explained here.",https://yle.fi/a/74-20070719,"[{'label': '2 stars', 'score': 0.2973611652851105}]",1
22.1.2024 18:38,Presidential election,News,"There's less than a week until the presidential election's first round, on Sunday 28 January. Support for Jussi Halla-aho (Finns) rose to 18 percent in Helsingin Sanomat's latest presidential poll, which is only two percentage points away from the survey's runner-up, Pekka Haavisto (Green) who received 20 percent support. Comparatively, Halla-aho received 13 percent support in a similar HS survey last month. Meanwhile, the survey's leader, Alexander Stubb (NCP), received the support of 22 percent of respondents. Both Stubb and Haavisto saw support levels drop in January's survey. Twelve percent of respondents supported Olli Rehn (Cen), which was an increase compared to HS' last poll. The remaining five candidates polled in the single digits, according to Helsingin Sanomat. Election related stories — including profiles of each candidate — can be found here. The Helsingin Sanomat-sponsored survey was carried out by Verian (formerly Kantar Public), with data collected on 17-20 January. It queried 1,008 people in Finland over the age of 18, excluding ones who live on Åland. The survey's maximum margin of error was 3.1 percentage points in either direction. Users with an Yle ID can leave comments on our news stories. You can create your Yle ID via this link. Our guidelines on commenting and moderation are explained here.",https://yle.fi/a/74-20070719#comments,"[{'label': '2 stars', 'score': 0.2973611652851105}]",1
18.1.2024 15:34,Presidential election,News,"The latest episode in our presidential election series asks what issues will be on voters' minds as they go to cast their ballot. Finland will elect a new president in the coming weeks, with advance voting for the first round kicking off this week ahead of polling day proper on Sunday 28 January. Yle's senior political correspondent Ari Hakahuhta tells APN that there is one big topic on Finns' minds as they prepare to cast their ballot. ""It's foreign policy, stupid,"" Hakahuhta says, a reference to the famous phrase, 'it's the economy stupid', coined during Bill Clinton's successful 1992 US presidential election campaign. Listen to the episode via this embedded player, on Yle Areena, via Apple, Spotify or wherever you get your podcasts. Hakahuhta added that voters will also be assessing the morals and values of each candidate, as the president is often viewed as an ethical bellwether for many Finns. This is a viewpoint echoed by Jenni Karimäki, a political researcher at the University of Helsinki. ""I think that in many cases the ideological or party political background of the candidate speaks about their values... this perhaps bears a lot more weight when people decide between candidates than actual security and foreign policy issues,"" Karimäki tells APN. This week's show was presented by Ronan Browne and Miyuki Jokiranta. The sound engineer was Mikko Kymäläinen. If you have any questions or would like to share your thoughts, contact us via WhatsApp on +358 44 421 0909 or at yle.news@yle.fi and allpointsnorth@yle.fi. Users with an Yle ID can leave comments on our news stories. You can create your Yle ID via this link. Our guidelines on commenting and moderation are explained here.",https://yle.fi/a/74-20070125,"[{'label': '4 stars', 'score': 0.40845024585723877}]",1
18.1.2024 11:05,Presidential election,News,"Advance voting has started and the election's first round will be held on Sunday, 28 January. Alexander Stubb (NCP) took the top spot in the latest presidential candidate support poll by rural-focused newspaper Maaseudun Tulevaisuus (MT). Published on Thursday, the survey found 24 percent of respondents supported Stubb while his closest competitor, Pekka Haavisto, backed by a voters' association and the Green Party, received support of 21 percent. Fifteen percent of respondents chose the Finns Party's candidate Jussi Halla-aho, while 12 percent supported Olli Rehn, who's backed by a voters' association and the Centre Party. Support for the remainder of the nine candidates running for Finland's top political post were in the single digits. The Social Democrats' Jutta Urpilainen and Li Andersson from the Left Alliance each received support from seven percent of respondents. Voters' association-backed Mika Aaltola and the Christian Democrats' candidate Sari Essayah each received two percent support, while the Movement Now candidate, Harry 'Hjallis' Harkimo received support from one percent of those surveyed. Advance voting in the presidential election began on Wednesday. The first round's election day is on Sunday, 28 January. If no single candidate gains 50 percent or more of the vote in the first round, the top two candidates will go to a second round run-off on 11 February. Election related stories — including profiles of each candidate — can be found here. Yle News published ""A really simple guide to Finland's 2024 presidential election"", which includes information about the election and offers some insight about its history. The MT-commissioned survey was carried out by data analytics firm Kantar Agri during 12-17 January. More than one thousand people aged between 18-79 took part in the poll, which had a three percentage point margin of error in either direction. Users with an Yle ID can leave comments on our news stories. You can create your Yle ID via this link. Our guidelines on commenting and moderation are explained here.",https://yle.fi/a/74-20070069,"[{'label': '4 stars', 'score': 0.3782520890235901}]",1
18.1.2024 11:05,Presidential election,News,"Advance voting has started and the election's first round will be held on Sunday, 28 January. Alexander Stubb (NCP) took the top spot in the latest presidential candidate support poll by rural-focused newspaper Maaseudun Tulevaisuus (MT). Published on Thursday, the survey found 24 percent of respondents supported Stubb while his closest competitor, Pekka Haavisto, backed by a voters' association and the Green Party, received support of 21 percent. Fifteen percent of respondents chose the Finns Party's candidate Jussi Halla-aho, while 12 percent supported Olli Rehn, who's backed by a voters' association and the Centre Party. Support for the remainder of the nine candidates running for Finland's top political post were in the single digits. The Social Democrats' Jutta Urpilainen and Li Andersson from the Left Alliance each received support from seven percent of respondents. Voters' association-backed Mika Aaltola and the Christian Democrats' candidate Sari Essayah each received two percent support, while the Movement Now candidate, Harry 'Hjallis' Harkimo received support from one percent of those surveyed. Advance voting in the presidential election began on Wednesday. The first round's election day is on Sunday, 28 January. If no single candidate gains 50 percent or more of the vote in the first round, the top two candidates will go to a second round run-off on 11 February. Election related stories — including profiles of each candidate — can be found here. Yle News published ""A really simple guide to Finland's 2024 presidential election"", which includes information about the election and offers some insight about its history. The MT-commissioned survey was carried out by data analytics firm Kantar Agri during 12-17 January. More than one thousand people aged between 18-79 took part in the poll, which had a three percentage point margin of error in either direction. Users with an Yle ID can leave comments on our news stories. You can create your Yle ID via this link. Our guidelines on commenting and moderation are explained here.",https://yle.fi/a/74-20070069#comments,"[{'label': '4 stars', 'score': 0.3782520890235901}]",1
16.1.2024 17:26,Presidential election,News,"The first round's official election day is on Sunday, 28 January. If a second round is needed, it will be held on 11 February. Advance voting in Finland's first round of the presidential election begins on Wednesday and will continue until next Tuesday. Finns who live abroad will have the opportunity to vote in advance from Wednesday until Saturday of this week. Last week, Yle News published ""A really simple guide to Finland's 2024 presidential election"" , an article offering insights into the history that shaped how Finns elect their presidents. It also provides information about the election, including details about dates and deadlines. Nine candidates are running for the important job and Yle News has published profiles about each of them. Election related stories — including the profiles — can be found here. Yle also posted an election compass which aims to help people find the presidential candidates that most share their views. The first round's election day is on Sunday, 28 January. If no single candidate gains 50 percent or more of the vote in the first round, the top two candidates will go to a second round run-off on 11 February. Users with an Yle ID can leave comments on our news stories. You can create your Yle ID via this link. Our guidelines on commenting and moderation are explained here.",https://yle.fi/a/74-20069791,"[{'label': '4 stars', 'score': 0.4002763330936432}]",1
16.1.2024 9:22,Presidential election,News,"Alexander Stubb and Jussi Halla-aho proved popular candidates among under-18s. Alexander Stubb received the most votes in a mock presidential election organised by the Finnish National Youth Council, Allianssi, reports Iltalehti. The National Coalition Party candidate drew 21.5 percent of the vote, just a whisker more than Jussi Halla-aho of the Finns Party, who was a close second with 20.8 percent. Only 646 votes separated the two. The youth group staged shadow elections in 545 schools located in 198 municipalities across Finland. Yle News' All Points North podcast asked what first-time voters think about the presidential election. When it's snowing heavily at Helsinki Airport, maintenance crews have less than fifteen minutes to clear a three-kilometer-long runway. So how do planes in Finland take off in heavy snow that would disrupt flights in many other places? The secret, according to Helsingin Sanomat, is a fearsome-looking 25-metre and 30-tonne brush blower dubbed ""the Monster"". When the weather is particularly bad, ten of these beasts move in succession to clear the snow. Last in the procession is another type of machine that sucks up any leftover snow and spits it out in a spray. The airport's winter maintenance department employs 60 staffers, with Finavia bringing in another 75 every winter. In the summers, these snow workers are often asphalt workers, farmers and loggers. Ilta-Sanomat follows up on recent feedback in HS from a reader in the UK claiming that people in Finland are overheating their homes and should stop complaining about high electricity costs. In England, it's normal for indoor temperatures to be around 17–18 degrees Celsius in wintertime, according to this reader. IS, however, notes that Finland's respiratory health watchdog recommends an adequate room temperature to be between 20–22 degrees. One 78-year-old, who's house is 18C, told IS that thick rugs and curtains help keep the cold out. As a saving measure, another reader said she was using a wood-heated baking oven, though firewood was also a rising cost these days. Users with an Yle ID can leave comments on our news stories. You can create your Yle ID via this link. Our guidelines on commenting and moderation are explained here.",https://yle.fi/a/74-20069619,"[{'label': '2 stars', 'score': 0.24554112553596497}]",1
16.1.2024 9:22,Presidential election,News,"Alexander Stubb and Jussi Halla-aho proved popular candidates among under-18s. Alexander Stubb received the most votes in a mock presidential election organised by the Finnish National Youth Council, Allianssi, reports Iltalehti. The National Coalition Party candidate drew 21.5 percent of the vote, just a whisker more than Jussi Halla-aho of the Finns Party, who was a close second with 20.8 percent. Only 646 votes separated the two. The youth group staged shadow elections in 545 schools located in 198 municipalities across Finland. Yle News' All Points North podcast asked what first-time voters think about the presidential election. When it's snowing heavily at Helsinki Airport, maintenance crews have less than fifteen minutes to clear a three-kilometer-long runway. So how do planes in Finland take off in heavy snow that would disrupt flights in many other places? The secret, according to Helsingin Sanomat, is a fearsome-looking 25-metre and 30-tonne brush blower dubbed ""the Monster"". When the weather is particularly bad, ten of these beasts move in succession to clear the snow. Last in the procession is another type of machine that sucks up any leftover snow and spits it out in a spray. The airport's winter maintenance department employs 60 staffers, with Finavia bringing in another 75 every winter. In the summers, these snow workers are often asphalt workers, farmers and loggers. Ilta-Sanomat follows up on recent feedback in HS from a reader in the UK claiming that people in Finland are overheating their homes and should stop complaining about high electricity costs. In England, it's normal for indoor temperatures to be around 17–18 degrees Celsius in wintertime, according to this reader. IS, however, notes that Finland's respiratory health watchdog recommends an adequate room temperature to be between 20–22 degrees. One 78-year-old, who's house is 18C, told IS that thick rugs and curtains help keep the cold out. As a saving measure, another reader said she was using a wood-heated baking oven, though firewood was also a rising cost these days. Users with an Yle ID can leave comments on our news stories. You can create your Yle ID via this link. Our guidelines on commenting and moderation are explained here.",https://yle.fi/a/74-20069619#comments,"[{'label': '2 stars', 'score': 0.24554112553596497}]",1
15.1.2024 11:32,Presidential election,News,"Finland's Speaker of Parliament and presidential candidate Jussi Halla-aho (Finns) has filed two separate defamation claims against a comedian and a Green party councillor. The two defamation cases brought by Finland's Speaker of Parliament and presidential candidate Jussi Halla-aho (Finns) have not been prioritised over other investigations, Finnish police have said in a statement. Halla-aho reported Ilkka Kivi to the police in November after a social media post by the comedian in which Halla-aho was described as a fascist. He filed a second complaint in December, this time against Aino Tuominen, a Green Party deputy city councillor in Helsinki. The pace at which the two cases have proceeded from the filing of the reports to the suspects being questioned has led some people on social media to question if Halla-aho's complaints were receiving special treatment because of his position as a prominent politician. Similar cases, some have noted, proceed at a much slower pace. However, a police spokesperson denied that the cases have been prioritised. ""Unlike other similar cases, the case has not been prioritised,"" Detective Inspector Juha-Matti Suominen wrote in an emailed reply to Yle's questions. He added that defamation investigations will in future be carried out by a dedicated unit created in response to criticism over the slow pace of defamation investigations. The unit will be led by Suominen. Clear-cut cases will be dealt with as quickly as possible, Suominen noted, while preliminary investigations will be launched into the more difficult cases. The relatively rapid investigative pace in the Halla-aho cases are explained by this new unit's way of working, Suominen said, adding further that investigations can still take a long time even if interviews are carried out relatively early in the preliminary probe.",https://yle.fi/a/74-20069442,"[{'label': '4 stars', 'score': 0.3136589229106903}]",1
16.1. 10:27,Sport,News,"The Helsinki native won the doubles title at the Australian Open last year alongside his British playing partner Henry Patten, the highlight of a very successful year on the court for the Finn. Tennis player Harri Heliövaara has been voted Finland's Athlete of the Year for 2025. The Helsinki native narrowly beat two former winners — basketball star Lauri Markkanen and ice hockey player Aleksander Barkov — in the vote by the Finnish Association of Sports Journalists. ""It’s an incredible honour. It really is something unique. Not just in tennis, but across sports. Pride is definitely the first thing that comes to mind from this,"" Heliövaara told the gala event on Thursday evening via a video call from Adelaide, Australia. Heliövaara won the doubles title at the Australian Open last year alongside his British playing partner Henry Patten, the highlight of a very successful year on the court for the Finn, who climbed to number three in the world rankings for doubles tennis. He also became the first tennis player to ever win Finland's athlete of the year award. The Association of Sports Journalists has awarded the title of Athlete of the Year since 1947, usually voting from a shortlist of 10 names. Breakthrough of the year: Suvi Minkkinen, biathlon Young athlete of the year: Miikka Muurinen, basketball Role model of the year: Anni Kärävä, freeskier Coach of the Year: Lassi Tuovi, men’s national basketball team Most active workplace: Luhta Sportswear Company Finland’s Most Active Municipality: Sotkamo Sports Journalist of the Year: Juha Kanerva, IS, HS and Urheilulehti Team of the Year: Men’s national basketball team",https://yle.fi/a/74-20204684,"[{'label': '5 stars', 'score': 0.5890469551086426}]",1
18.11. 11:40,Sport,News,"The striker capped off a record-breaking international career with his 43rd and final goal in Monday evening's match against Andorra in Tampere. Finland's all-time top goalscorer in men's football, Teemu Pukki, signed off his international career with a goal and an assist in a 4-0 win over minnows Andorra on Monday evening in Tampere. Pukki notched a record 43 goals during his 133 games for the Huuhkajat, or Eagle Owls, over the course of 16 years. His 43rd and final goal for Finland will not go down as his finest, but it capped off an emotional night at Tammela stadium for players and fans alike — but especially for Pukki himself, who wept openly when he was substituted to a standing ovation on 70 minutes. ""It was an absolutely amazing experience. I got the goal I wanted, and the win. And with this kind of farewell, I can be happy,"" Pukki told Yle Sport after the game, adding that his final goal for Finland was ""probably the ugliest"". ""But every goal counts. I’ll happily take it. It might have even gone in off my hand, so maybe it should have been disallowed,"" he said. The former Norwich and Celtic striker's success in front of goal for the national side led to Finnish fans celebrating a ""Pukki party"" each time he added to his tally. The term originated during Finland's historic qualification for the 2020 European Championships — the first time the men's national team reached a major finals — with Pukki scoring 10 goals along the way. Pukki, however, departs on something of a sour note, as a 1-0 defeat to Malta in his final competitive game for this country last Friday ended any lingering hopes Finland had of qualifying for next summer's World Cup finals.",https://yle.fi/a/74-20194713,"[{'label': '4 stars', 'score': 0.4075305759906769}]",1
16.11. 12:14,Sport,News,"The city will hold an official opening event for the Oulunkylä ice field on Saturday 29 November with activities including an ice disco. Helsinki residents will once again be able to skate at the Oulunkylä artificial ice field, which reopens to the public on Sunday following renovations that began last year. The overhaul included upgrades to the ice field itself, the refrigeration technology of the adjacent ice hall and the maintenance building, which houses a gym and exercise hall. The refrigeration system was modernised into a hybrid model utilising geothermal heat and condensation heat from the cooling process. Despite the extensive work, the site's historically protected features — including the concrete light poles and the lights suspended above the ice — have been preserved. Built in 1977, the Oulunkylä rink is considered Europe's largest single artificial ice surface during winter and remains one of Helsinki's most popular skating venues. Deputy Mayor Paavo Arhinmäki (Left) said maintaining natural ice has become increasingly difficult as winters warm. ""It is even more important that we continue to provide Helsinki residents with winter sports opportunities, such as free-of-charge public skating slots on artificial ice fields,"" he said, adding that the renovation was carried out ""with respect for the old and traditional while still utilising today's technologies and necessities."" The Oulunkylä field has space for two bandy rinks and three speed skating tracks. Free public skating sessions will be held daily, with separate areas reserved for skaters and stick users. Artificial ice facilities across Helsinki will open gradually through November and December depending on weather conditions, with public skating remaining free of charge citywide. The city will hold an official opening event for the Oulunkylä ice field on Saturday 29 November. The free family event will feature appearances by Deputy Mayor Arhinmäki and rapper VilleGalle, as well as demonstrations and activities from Finnish ice sports associations. Visitors will be able to try a range of ice sports with guidance from local clubs, while Helsinki's sports services will organise games and activities at the edge of the rink. The event will conclude with an ice disco. A new artificial ice field will also open in Sipoo's Söderkulla on Sunday, featuring a rink and a free-skating area. Outside the skating season, the site is used as a sand-based artificial turf field.",https://yle.fi/a/74-20194383,"[{'label': '5 stars', 'score': 0.4490480422973633}]",1
11.9. 10:31,Sport,News,"The ""wolf pack"" will face Germany in Friday's semi-final, marking the first time a Finnish team has reached the last four of the European championships. Finland's men's basketball team has progressed to the semi-finals of the European championships for the first time, after a convincing 93-79 win over Georgia in Wednesday evening's quarter final in Riga. An impressive show of scoring by Finland's ""wolf pack"" included 17 three-pointers, as well as a spectacular slam dunk by Finnish basketball's new wonderkid Miikka Muurinen. Finland will face a stern test in Friday's semi-final against world champions Germany, who they lost to during the group phase on a scoreline of 91-61. Yle Sport pundit Pekka Salminen noted that the defeat to Germany could actually play into Finland's hands in the semi-final. ""We learned from that, and I'm sure it also sticks in the minds of the Germans that the game was pretty easy for them. Now the situation will be different,"" Salminen said. The win over Georgia on Wednesday evening sparked scenes of celebration across the country, including at a bar in the Vallila district of Helsinki. Salminen added further that the team's historic progression to the semi-final of a European championship tournament has come at just the right time for Finnish basketball. ""Now we have momentum,"" he said. ""We need to take advantage of the visibility and the hype, bring in more players, and raise the profile of the sport even further. The boys are doing their best out there, and the people behind the scenes are handling the PR – let’s make the most of this opportunity together.""",https://yle.fi/a/74-20182297,"[{'label': '4 stars', 'score': 0.5328325033187866}]",1
11.8.2025 9:53,Sport,News,"Tampere was the host city for this year's European Athletics U20 Championships, and the young athletes gave the home crowd plenty to shout about. Finnish athletes secured a total of seven medals at the European Athletics U20 Championships, the nation's best medal haul this century in the biennial competition. The tally included four silver medals — won by Ella Mikkola in the high jump, Aatu Kangasniemi in the shot put, Mico Lampinen in the hammer throw and Rebecca Nelimarkka in the javelin — as well as three bronze, for Enni Virjonen (Heptathlon), Pinja Kärhä (hammer throw) and Aatu Kangasniemi again in the hammer throw. The result left Finland in eighth place overall from 33 competing nations in the final Placing Table standings, marking the best performance by a Finnish team in the U20 championships since the 1999 games in Latvia, when the Finns secured 10 medals. The previous record for this century was five medals, won at each of the games in 2001, 2017 and 2021. While the medalists grabbed the headlines, Finland's points tally was helped by the number of Finnish athletes who finished in 4th or 5th place — garnering the team an additional 80 points in total. Jesse Jokinen, Yle Sport's athletics expert, noted that the medal haul in Tampere bodes well for the future of Finnish athletics. ""They are ready to compete. It is not enough to perform in training, you have to be able to do it in the competition arena. If you are aiming for the highest level, then that is a really important trait for an athlete. There were a lot of guys like that on this team,"" Jokinen said. Jokinen singled out high jumper Ella Mikkola and heptathlon athlete Enni Virjonen in particular as potential stars for the future, as they now look to make the step up to compete against the established adult athletes. ""I believe that both have the potential to reach an extremely good level in Europe,"" he said. Elite young athletes from across Europe had converged on the city of Tampere for the four-day event, which ran from Thursday until Sunday. Athletes born between the years of 2006 to 2009 were eligible to compete, with the first championships having taken place in 1970.",https://yle.fi/a/74-20176779,"[{'label': '5 stars', 'score': 0.4945809245109558}]",1
11.7.2025 11:01,Sport,News,"Despite being the lowest-ranked team in their group, the Finnish women's team came within just a few minutes of progressing to the knockout stage. Finland were knocked out of the UEFA Women's European Championship in dramatic fashion on Thursday evening in the Swiss city of Geneva. A goal in added time by Swiss midfielder Riola Xhemaili cancelled out Finland's 1-0 lead, and sent the tournament hosts through to the next phase — the quarter finals — by the narrowest of margins. A 79th minute penalty by Natalia Kuikka looked like it would be enough for the Helmarit, or Boreal Owls, to advance but Xhemaili's late equaliser meant both teams finished on four points in Group A — with the Swiss squeezing through by virtue of their +1 goal difference. ""It's really disappointing,"" Kuikka told Yle after the game. ""We should have advanced from this group. We weren't good enough to win. It's a shame we couldn't do better."" Despite the disappointment, coach Marko Saloranta's charges can be proud of their performances. They entered the tournament as the lowest ranked team in their group, yet their results included a 1-0 win over Iceland, followed by a narrow 2-1 defeat to Norway before Thursday's 1-1 draw with the hosts. ""There were difficult moments in this game. More difficult than in the previous two combined. That's why this is going to hurt us all for a long time,"" Saloranta said.",https://yle.fi/a/74-20172172,"[{'label': '3 stars', 'score': 0.3504646420478821}]",1
10.7.2025 17:30,Sport,News,"The city has drawn crowds of orienteering fans since the events kicked off on Monday. About 400 athletes from over 40 countries are competing at the World Orienteering Championships 2025 currently being held in Kuopio in North Savo, Finland. The main races are being run next to residential areas in Kuopio’s Neulamäki district. Around 500 volunteers are helping to organise the event, which has been in the works since 2019. Event Director Jari Kymäläinen said he’s pleased with the preparations and the strong turnout of volunteers. “We’ve found people willing to take responsibility, and we’ve also got enough on-the-ground helpers for the competition days,” Kymäläinen said. The World Championships will conclude on Saturday, 12 July, with the relay races held in the Puijo terrain. Organisers expect up to 8,000 spectators to gather at the arena. The 2024 edition of the championship was held in Edinburgh, Scotland The city has drawn crowds of orienteering fans since the events kicked off on Monday. “The atmosphere here is incredibly exciting. I’m hoping for great experiences,” said Ira Kantelinen, from Hausjärvi, who took part in the sprint race earlier this week. She believes Finnish orienteers will win medals in several events on home turf. Arto Karjalainen, who came from Kajaani to watch the event, said he’s especially hoping for medals from the Finnish women’s team. Karjalainen has done a lot of orienteering himself, particularly at the Kainuu Orienteering Week, and has also taken part in several Jukola relays. “You can really relate to the athletes out there in the forest and follow their progress with GPS tracking — it’s all very familiar,” Karjalainen said.",https://yle.fi/a/74-20172079,"[{'label': '5 stars', 'score': 0.4619223475456238}]",1
28.6.2025 12:42,Sport,News,"Heili Sirviö won her first gold medal in the X Games in Salt Lake City. Finnish skateboarder Heili Sirviö won her first X Games gold medal by winning the women's park event in Salt Lake City, US, on Friday. On her first attempt, the 14-year-old Sirviö earned a score of 74.33, but her second run started stronger and earned her a winning score of 86.00. Her third attempt was unfinished. Japan's Cocona Hiraki finished second in the competition with 83.66 points. US skater Bryce Wettstein took home the bronze medal with 82.66 points. Sirviö also has an X Games bronze medal under her belt, when she came third in the park competition last September in Japan. Sirviö represented Finland at the Paris Olympics as the youngest Olympic athlete in the country's history. At the time, 13-year-old Sirviö finished fifth in the final of the park event.",https://yle.fi/a/74-20170058,"[{'label': '4 stars', 'score': 0.4255279302597046}]",1
30.5.2025 13:52,Sport,News,"Turkey was able to provide a better compensation package. Competitive sailor Sinem Kurtbay, who represented Finland at the Tokyo and Paris Olympics, will from now on compete for her other home country, Turkey. The news follows earlier reports that Kurtbay was stepping away from the Finnish national team. ""We fully understand Sinem's decision and give her our full support. That she can, as a dual citizen, choose to represent one country over Finland does not make her any less Finnish. Instead, it highlights the harsh reality of funding elite sports and sailing in Finland. This is something we need to change,"" said Mats Welin, chair of an association for sailing and boating in Finland, in a press release. At the turn of the year, during the World Championships in the Moth class, Kurtbay said she realised she wanted to pursue sailing full-time. ""I'm at a point in my life where I want to start a family and be able to support myself. That led me, this spring, to reconsider the Turkish offer,"" she explained. Despite switching national teams, Kurtbay said she still sees herself primarily as Finnish. ""Finnish sailing has given me so much, and that's why this decision was difficult,"" she explained. ""At the same time, this is a chance for me to strengthen my connection to my other nationality and the country where I first learned to sail.""",https://yle.fi/a/74-20164912,"[{'label': '4 stars', 'score': 0.2792832553386688}]",1
16.5.2025 10:56,Sport,News,"The City has installed a steel and plywood screen around the landmark to protect it if Finland wins at the Eurovision Song Contest and/or the Ice Hockey World Championships. Havis Amanda, the statue amidst a fountain close by Helsinki's market square is well into her second century, and despite being completely refurbished just over a year ago, her bronze beauty cannot take the abuse of being climbed on by intoxicated hockey fans. In the past, world championship wins by the Finnish Lions have sparked spontaneous celebrations, with crowds gathering in and around ""Manta"" as the statue is affectionately known, and she has suffered. For the first time, the City of Helsinki has erected protective screens around the statue – just in case. The final of the Eurovision Song Contest will take place on Saturday this week. A celebration is planned for central Helsinki, if the Finnish contestant Erika Vikman or the Swedish representative, the Finnish band KAJ, win the contest. In addition, the men's 2025 IIHF World Ice Hockey Championship final will take place on Sunday 25 May. A gold medal victory for the Finnish team would almost certainly result in a huge crowd celebrating in the streets. In the past, the city tried using plywood fencing to keep crowds away from the fountain and its statue with little success. This is the first time these new steel-framed screens have been put in place. The total cost of erecting and dismantling the protective enclosure is around 20,000 euros. Juha Ahonen, the head of Helsinki's Division of Culture and Leisure, said last week that the Havis Amanda's protection will remain in place until at least 23 May. If the Lions advance to the finals of the hockey world championship, the screens will not be dismantled until 26 May. Users with an Yle ID can leave comments on our news stories. You can create your Yle ID via this link. Our guidelines on commenting and moderation are explained here.",https://yle.fi/a/74-20162189,"[{'label': '5 stars', 'score': 0.395587682723999}]",1
16.5.2025 10:56,Sport,News,"The City has installed a steel and plywood screen around the landmark to protect it if Finland wins at the Eurovision Song Contest and/or the Ice Hockey World Championships. Havis Amanda, the statue amidst a fountain close by Helsinki's market square is well into her second century, and despite being completely refurbished just over a year ago, her bronze beauty cannot take the abuse of being climbed on by intoxicated hockey fans. In the past, world championship wins by the Finnish Lions have sparked spontaneous celebrations, with crowds gathering in and around ""Manta"" as the statue is affectionately known, and she has suffered. For the first time, the City of Helsinki has erected protective screens around the statue – just in case. The final of the Eurovision Song Contest will take place on Saturday this week. A celebration is planned for central Helsinki, if the Finnish contestant Erika Vikman or the Swedish representative, the Finnish band KAJ, win the contest. In addition, the men's 2025 IIHF World Ice Hockey Championship final will take place on Sunday 25 May. A gold medal victory for the Finnish team would almost certainly result in a huge crowd celebrating in the streets. In the past, the city tried using plywood fencing to keep crowds away from the fountain and its statue with little success. This is the first time these new steel-framed screens have been put in place. The total cost of erecting and dismantling the protective enclosure is around 20,000 euros. Juha Ahonen, the head of Helsinki's Division of Culture and Leisure, said last week that the Havis Amanda's protection will remain in place until at least 23 May. If the Lions advance to the finals of the hockey world championship, the screens will not be dismantled until 26 May. Users with an Yle ID can leave comments on our news stories. You can create your Yle ID via this link. Our guidelines on commenting and moderation are explained here.",https://yle.fi/a/74-20162189#comments,"[{'label': '5 stars', 'score': 0.395587682723999}]",1
21.3.2025 17:55,Sport,News,"Saga Vanninen, a 21-year-old from Tampere, won the indoor pentathlon title 12 days after winning the European championship. Finnish athlete Saga Vanninen won the world championship in indoor pentathlon in Nanjing, China on Friday. Vanninen became the first Finnish woman to win a senior global combined events title. She won the final event, the 800m, ahead of Ireland’s Kate O'Connor and US athlete Taliyah Brooks, who took silver and bronze in the overall five-category event at the World Indoor Championships. Vanninen, who captured the European championship in the Netherlands earlier this month, took first place with 4,821 points, 79 points ahead of O'Connor. O’Connor, with 4,742 points, became the first Irish woman to win a global combined events medal. Brooks claimed her first major medal, taking bronze with a personal best of 4,669 points. Tampere native Vanninen, who turns 22 in May, has previously won a raft of titles in heptathlon. These include two under-20 world championships and the European under-20 and under-23 championships. She also scored silver at the Glasgow World Athletics Indoor Championships last year. This is the first time in nearly half a century that a Finnish track-and-field athlete has won two gold medals in the same year. The previous record was held by running legend Lasse Virén, who won twice at the 1976 Montreal Olympic Games. Four years earlier, Virén earned double gold at the 1972 Summer Olympics in Munich. Vanninen is also the first Finnish track-and-field athlete to win a world or Olympic championship since javelin thrower Tero Pitkämäki at the 2007 World Championships in Osaka. Her win provides some comfort for Finnish athletics fans after the debacle of last summer's Paris Olympic Games, when Finland failed to pick up a single medal for the first time ever.",https://yle.fi/a/74-20151111,"[{'label': '4 stars', 'score': 0.5066524744033813}]",1
6.2. 13:41,Weather,News,"Temperatures will mostly range between -10 and -15 degrees Celsius nationwide. The approaching weekend will be cold but mostly dry, according to the Finnish Meteorological Institute (FMI). Temperatures on Friday range from –10 to –15 degrees Celsius in southern and central areas, and from –5 to –12 in Lapland. It will turn colder on Saturday, with much of the country seeing –10 to –15, before easing a little on Sunday. Skies will be mixed, with clearer conditions likely in the north and east on Saturday and a chance of sunshine in Lapland on Sunday. This past January was the coldest in northern Finland since 1987, according to the FMI.",https://yle.fi/a/74-20208757,"[{'label': '3 stars', 'score': 0.43708327412605286}]",1
31.1. 16:49,Weather,News,"Freezing temperatures have tightened their grip across the country, and the cold snap is set to continue through the weekend.",https://yle.fi/a/74-20207611,"[{'label': '4 stars', 'score': 0.44789549708366394}]",1
30.1. 10:59,Weather,News,"The Finnish Meteorological Institute (FMI) has issued warnings for potentially dangerous cold temperatures across most of Finland on Saturday. Southern areas of Finland saw the lowest temperature of the winter on Friday morning. In the southeastern city of Lappeenranta, a temperature of -31.1 degrees Celsius was measured at 8am. In the Western Uusimaa municipality of Vihti, it got down to -29.3 degrees on Friday morning. It was even colder up north in Lapland, where temperatures ranged between -30 and -35 degrees. However, due to more overcast conditions, it has been milder in central areas, with temperatures between -15 and -20 degrees. According to Yle's forecast, the severe cold is set to continue in southern areas in the coming days. Overnight temperatures of -25 degrees are expected in interior parts of the country, while it should be slightly milder closer to the coast. A high-pressure area over Europe is expected to keep Finland's skies mostly clear. However, there's still some uncertainty about that forecast. The cold conditions in Lapland are expected to ease on Sunday. The Finnish Meteorological Institute (FMI) has issued warnings for potentially dangerous cold temperatures across most of Finland — with the exception of some areas in the southwest — on Saturday. Meanwhile, due to the lack of wind at the country's windfarms, among other things, the spot price for electricity was set at its highest point of the year on Friday. Starting on Friday morning, the hourly price shot up from 20 cents up to more than 40 cents per kilowatt-hour (kWh). A decline — to the still relatively high 20-plus cents per kWh — is not in store until the evening. While people in urban areas keep warm with district heating, many households in other areas use electricity to heat their homes. Edited at 12:35 on 30 January 2026 to change the temperature map, removing an identical one with Finnish text on it.",https://yle.fi/a/74-20207405,"[{'label': '4 stars', 'score': 0.2925562262535095}]",1
16.1. 14:23,Weather,News,"A bus carrying around 30 schoolchildren skidded off the road near Porvoo on Friday morning. No injuries were reported. A low-pressure system will bring heavy snowfall and showers of freezing rain to many parts of Finland over the coming weekend, prompting the Finnish Meteorological Institute (FMI) to issue a warning of dangerous driving conditions. The snowfall could reach up to 20 centimetres in some western areas, according to Yle meteorologist Matti Huutonen, although other parts of the country are more likely to see freezing rain and sleet than snow showers. ""Driving conditions will be poor in many places due to snow and freezing drizzle,"" Huutonen said, adding that roads will be especially poor in Finnish Lapland. Temperatures over the weekend will range from +2 degrees Celsius in the south to -15 degrees in Finnish Lapland on Saturday, while on Sunday conditions will be a few degrees milder in both regions. The dangers posed to motorists by slippery roads were evident on Friday morning when a bus carrying around 30 schoolchildren skidded off the road near Porvoo. Mikael Forsell, the on-duty fire chief with the Eastern Uusimaa Rescue Department, confirmed to Yle that there were no injuries as a result of the incident. ""No one was injured. The passengers were given another ride and were able to continue on to school, a little late,"" he said. Although Finland's roads will remain hazardous on Saturday, conditions are expected to improve on Sunday, especially in eastern and northern areas. Elsewhere on Friday morning, an electric bus operating a local route between Kotka and Hamina caught fire just after 8am. There were about 40 passengers on board the bus when the blaze started, and they were all safely evacuated. The cause of the fire is currently being investigated.",https://yle.fi/a/74-20204769,"[{'label': '4 stars', 'score': 0.3021773099899292}]",1
14.1. 11:28,Weather,News,"Over the weekend, temperatures across the country are expected to rise to between zero and minus five degrees Celsius. Finland has been in a deep freeze for some time, but the cold is now easing. Temperatures are set to rise across the country through the end of the week, with weekend readings expected between zero and minus five degrees Celsius. Even in the north, where last weekend brought extreme cold, the temperatures are up by tens of degrees. In the coming days, temperatures will continue to climb, and in southern parts of the country, they may even cross into positive territory. ""On Friday, western Finland could see daytime temperatures above zero for a while,"" said Yle meteorologist Aleksi Lohtander. In northern Finland, temperatures on Friday are expected to range between zero and minus ten degrees, while in the east, they should settle between zero and minus five. Snowfall will reach southwestern Finland on Wednesday night, with expected accumulations between two and ten centimeters. The heaviest snow is forecast for the southwestern archipelago and along the coast from Turku to Vaasa. As temperatures rise in western Finland, showers there are likely to fall increasingly as rain or sleet. Over the weekend, temperatures nationwide are expected to hover between zero and minus five degrees Celsius.",https://yle.fi/a/74-20204186,"[{'label': '4 stars', 'score': 0.4109869599342346}]",1
9.1. 10:25,Weather,News,"The chilly conditions are expected to continue into the weekend, with lows of -40C in Finnish Lapland and -20C in the south of the country. A weather station in the Finnish Lapland municipality of Savukoski registered the coldest temperature of the winter so far on Friday morning, when the mercury plunged to -42.8 degrees Celsius. This chilly reading beat the previous record of -41.4C, set at the same location on Thursday morning. Temperatures in Lapland are set to remain around the -40C mark throughout the coming weekend, according to Yle meteorologist Anniina Valtonen, while southern and central parts of the country can expect lows of -20C. However, the cold snap will begin to subside by Sunday, when the clear skies will give way to cloudier conditions. ""At this time of year, even a small patch of cloud, when winds are light and there is high pressure, acts like a warm blanket,"" Valtonen said, but added that wind gusts will keep the chill factor high. ""It's worth remembering that the wind will strengthen over the weekend, especially in the south. With these kinds of temperatures, the wind doesn't need to be strong to make the cold feel much more biting,"" she explained. While the freezing temperatures have brought many challenges to daily life in Finland, the effect on nature can be spectacular — including along the shore of Lake Näsijärvi in Tampere. Below is a selection of photos from around Finland taken over the past few days.",https://yle.fi/a/74-20203338,"[{'label': '4 stars', 'score': 0.4801059067249298}]",1
8.1. 11:16,Weather,News,"Demand is high as temperatures drop across the country on Thursday, with parts of Finnish Lapland seeing the mercury plunge below -40 degrees Celsius. Electricity consumption in Finland has reached an all-time record high, according to national grid operator Fingrid, as temperatures across the country plummet on Thursday. In a post on social media platform X, Fingrid wrote that a consumption rate of 15,128 megawatts per hour was registered on Thursday morning — a new record — adding further that the level may still rise. The operator also noted that Finland's power system is functioning as normal, despite the spike in demand, and there is currently a sufficient supply of electricity. The cold snap is also putting pressure on another source of energy — car batteries. Daniel Isoaho of auto accessories retailer Vaasa Motonet told Yle that a car battery charger is a very useful tool during these extreme weather conditions. ""You can put the battery on a maintenance charger overnight if you've already had problems before. If the car is standing unused for a longer period, it's a good idea to remove the battery entirely,"" Isoaho said. A car battery's so-called maintenance charger (ylläpitolaturi in Finnish) works in a similar way to a phone charger. The charger is first connected to the battery and the other end is plugged into a socket. Isoaho also advises motorists to always carry a jump starter in case they get stranded. However, it is important to carefully read the car manufacturer's instructions about using these devices, as incorrect usage could damage the car's electronic control units and fuses. In addition, driving for longer periods can extend a car battery's lifespan and improve its performance. Cars that are mainly used around a city, for example, should also be driven for at least half an hour once or twice a week.",https://yle.fi/a/74-20203123,"[{'label': '2 stars', 'score': 0.2990385890007019}]",1
6.1. 14:37,Weather,News,"Cold weather will persist across Finland this week. The weather is set to stay largely cold and at times cloudy over the next few days, the Finnish Meteorological Institute (FMI) told Finnish news agency STT on Tuesday. On Tuesday and Wednesday, temperatures will stay low, particularly in the north, where cold temperature warnings are in effect. Southern areas are experiencing slightly milder conditions, with temperatures ranging between -5 and -15 degrees Celsius on Tuesday, while central Finland is expected to warm somewhat by Wednesday. Later in the week, the cold is forecast to continue as a high-pressure system over the northern part of the country strengthens.",https://yle.fi/a/74-20202799,"[{'label': '3 stars', 'score': 0.37846097350120544}]",1
2.1. 14:21,Weather,News,"The nationwide average temperature for last year was 4.5 degrees Celsius, the Finnish Meteorological Institute reports, which is 1.6 degrees higher than the long-term average for the years 1991–2020. Last year was the second-warmest ever recorded in Finland, according to preliminary data published on Friday by the Finnish Meteorological Institute (FMI). The nationwide average temperature for 2025 was 4.5 degrees Celsius, which is 1.6 degrees higher than the long-term average for the years 1991–2020. The warmest year on record is 2020, when the nationwide average temperature stood at 4.8 degrees. Annual average temperatures last year ranged from about +8 degrees in the southwestern archipelago to around zero degrees in northwestern Lapland. On average, temperatures in 2025 were 1-2 degrees higher than normal in most parts of the country. Most of Finland's weather measurement stations recorded their second-highest ever average temperature, just below the records set in 2020. The highest temperature of last year was 32.6 degrees, registered in Oulu in July, while the lowest temperature of 2025 was -39.6 degrees, recorded in Savukoski in February. Finland saw an unprecedented heatwave during the summer of 2025, with at least one weather station in the country recording temperatures above 30 degrees Celsius for 22 consecutive days — from 12 July to 2 August. The previous record was set in 1972, when the mercury climbed above 30 degrees on 13 consecutive days. Last January, the FMI issued a warning that the climate in the Nordic region is warming considerably faster than the rest of the world.",https://yle.fi/a/74-20202321,"[{'label': '2 stars', 'score': 0.2512710690498352}]",1
2.1. 10:10,Weather,News,"A low-pressure front moving in from the southwest could bring up to 40cm of snow as well as temperatures of -25C in some areas of Finland over the coming days. Finnish Lapland has experienced a bone-chilling start to 2026, with a temperature of -39.9 degrees Celsius measured in the village of Kilpisjärvi in Enontekiö on Friday morning. This was even colder than the -38.4 degrees Celsius registered in the same location on New Year's Day, which itself was until then the lowest temperature recorded in Finland so far this winter. ""These severely cold temperatures will continue in the north for several days. It’s quite possible that in the coming days the record [colder than -40C] could be broken,"" Antti Jylhä-Ollila of the Finnish Meteorological Institute (FMI) said. Although the rest of the country will not see temperatures plunge to quite the same level, a low pressure front moving in from the southwest will bring snowfall of up to 40 centimetres as well as temperatures of -25C in some areas. Both Fintraffic and the FMI have issued warnings of hazardous driving conditions across southern and central parts of Finland, effective for Friday and Saturday. Yle meteorologist Anniina Valtonen added that the light, powdery snow expected over the coming days will reduce visibility and make road surfaces slippery. Meanwhile, about 800 customers of the electricity network company Elenia, which operates in six regions, are still without power following the winter storm Hannes last weekend. A spokesperson for Elenia told Yle that the worst damage is in Pirkanmaa and South Ostrobothnia, with faults proving particularly difficult to repair in the municipalities east of the city of Tampere. ""More than five days without electricity is an extremely long time, and we are very sorry about that,"" Heikki Paananen of Elenia said. According to the FMI, last weekend's Hannes storm was one of the worst low-pressure storms to hit Finland so far this century. The storm's impact led to some 180,000 households losing power simultaneously, while emergency services received over 3,000 calls about damage caused by Hannes.",https://yle.fi/a/74-20202267,"[{'label': '2 stars', 'score': 0.31853777170181274}]",1
1.1. 16:29,Weather,News,"Southern Finland could see more than 40 centimetres of snowfall by Saturday says an Yle meteorologist. Southern Finland could see heavy snowfall over the coming days as a low-pressure system moves in from the southwest, according to Yle meteorologist Anniina Valtonen. She said the weather system will pass over the south-west coast, with its centre remaining over the Baltic Sea. ""Because the sea is unfrozen, the air is cold and the wind is blowing from the east, a snow-cannon effect will form over the Gulf of Finland,"" Valtonen said. The phenomenon is expected to create bands of intense snow showers drifting towards the coast. Large snowfall accumulations are forecast between Southwest Finland and Uusimaa, and driving conditions could become extremely hazardous. ""At worst, more than 40 centimetres of snow could fall by Saturday,"" Valtonen warned. Fintraffic's road traffic centre has issued a warning that driving conditions will deteriorate from late Friday night. Valtonen said the light, powdery snow will both reduce visibility and make road surfaces slippery. ""This type of snow does not stick to anything, as the crystals are very fine and polish and ice the road surface,"" she said. ""If this forecast materialises, conditions will be extremely dangerous."" Temperatures in southern Finland are expected to ease slightly as the snowstorm arrives, before falling again after Sunday. Valtonen added that even small changes in wind direction could significantly affect where the heaviest snowfall occurs. ""If the wind direction changes even slightly, the snow bands will remain over the Gulf of Finland, and coastal areas will see more typical snowfall,"" she said.",https://yle.fi/a/74-20202206,"[{'label': '4 stars', 'score': 0.29286274313926697}]",1
1.1. 11:26,Weather,News,"In northern Lapland, temperatures fell to minus 38.4 degrees Celsius. Finland has recorded its coldest temperatures of the winter so far, as the cold intensified across large parts of the country on Wednesday morning. According to the Finnish Meteorological Institute (FMI), the lowest reading was measured shortly after 8:00am on Thursday in the village centre of Kilpisjärvi, in Enontekiö, where temperatures fell to minus 38.4 degrees Celsius. Severe cold was recorded widely across northern Finland. In Muonio, temperatures dropped to minus 37.5 degrees, while much of Lapland experienced lows under minus 30 degrees. Freezing conditions were also felt further south. In eastern Finland, temperatures in the Kuopio area fell to around minus 20 degrees, while similar readings were recorded at Helsinki Airport. In southwestern Finland, Turku saw overnight lows of between minus 16 and minus 17 degrees. The Finnish Meteorological Institute said the cold spell strengthened during the morning hours, setting a new winter low for the current season.",https://yle.fi/a/74-20202181,"[{'label': '2 stars', 'score': 0.33957287669181824}]",1
31.12. 10:40,Weather,News,"It's time to dig out the hats, scarves and gloves as downright chilly weather sweeps across the country. Revellers welcoming the new year should be prepared for biting cold across Finland. According to the Finnish Meteorological Institute (FMI), sub-zero temperatures are in store nationwide, reaching as far south as the Åland Islands. As evening turns to night on Wednesday, the cold will intensify, with parts of Lapland seeing temperatures plunge to between –30 and –35 degrees Celsius. In the capital region, temperatures will range between –10 and –15 degrees Celsius. Skies will be mostly clear in the west and north, while eastern parts of the country will see more cloud cover and occasional snowfall. Although clouds may temper the cold during daylight hours in the east, temperatures there will also fall sharply as night approaches. Heavy snowfall is possible on Thursday, New Year's Day, particularly in Åland and along the west coast, where accumulations of up to 20 centimetres are forecast. Snow is also expected on Friday, with substantial amounts expected across southern and central parts of the country. This year is meanwhile drawing to a close with high electricity prices. On New Year's Eve, the spot price of power is set to peak at around 23 cents per kilowatt-hour. Weather service Foreca said it expects spot electricity prices to remain elevated at the start of the new year. Colder temperatures are pushing up demand while lighter winds are curbing windpower generation — a combination that drives up prices.",https://yle.fi/a/74-20202047,"[{'label': '4 stars', 'score': 0.5116095542907715}]",1
28.12. 13:50,Weather,News,"Traditional winter weather is expected to arrive in southern Finland for the New Year. Temperatures in Finland started dropping on Sunday as the weekend's winter storm passed, according to Yle meteorologist Elias Paakkanen. He said frosts could be severe around the turn of the year, even in southern and central Finland. ""By New Year’s at the latest, temperatures in southern Finland could plunge below minus ten degrees,"" he said. Next week is expected to bring mostly dry and at times sunny winter weather. Winter swimmers in southern parts of the country may also soon be able to plunge into ice holes — provided the sea freezes. On Saturday, water temperatures were 1.9 degrees Celsius at Pikkukoski beach on the Vantaa River and 3.3 degrees at Hietaniemi.",https://yle.fi/a/74-20201629,"[{'label': '4 stars', 'score': 0.3697637617588043}]",1
27.12. 10:40,Weather,News,"A powerful winter storm is coinciding with post-holiday return traffic. Power outages were reported across parts of western Finland on Saturday as a winter storm named Hannes swept into the country, bringing powerful winds, particularly to western and northern areas. By Saturday afternoon, around 14,000 households in western Finland were without electricity. The Finnish Meteorological Institute (FMI) said prolonged gusts are toppling trees and disrupting transport. In eastern Finland, power companies are also on alert, with extra crews deployed to prepare for storm-related outages. In Lapland, ski resorts have been forced to shut down lifts due to strong winds. In neighbouring Sweden, several train and ferry services scheduled for Saturday have been cancelled, and bridges have been closed to traffic. The first hurricane-force gust from Storm Hannes was recorded off the coast of Kaskinen, on Sälgrund island, according to weather service Foreca. The strongest gust so far reached 33 metres per second. The storm is forecast to be at its strongest late on Saturday evening. Hannes is bringing heavy snow and sleet, particularly in northern Finland. Poor visibility is meanwhile expected in western and central parts of the country. The timing of the storm is particularly unfortunate, as Saturday is expected to be the busiest day for post-Christmas return travel.",https://yle.fi/a/74-20201561,"[{'label': '4 stars', 'score': 0.29487377405166626}]",1
22.12. 11:09,Weather,News,"A wave of cold air from the north began bringing down temperatures on Monday. According to the Finnish Meteorological Institute (FMI), Finland will get increasingly cold over the course of the day on Monday and into the evening. Some areas of Lapland could see temperatures drop down to -25 degrees Celsius by early Monday evening. In the southwest and along the western coast, temperatures will be around -10 degrees on Monday, with the rest of mainland Finland reaching that frigid level by the evening at the latest. Southern and western areas of Finland could also see some light snow. Further north and east, conditions will be drier, according to weather forecasts from Foreca. Fog is possible in Lapland, it said. On Wednesday, Christmas Eve, it will still be cold across most of the country, with temperatures hovering between five and 10 degrees below zero. Warmer temperatures at sea could make conditions milder in coastal areas, according to Tuukka Keränen, FMI's on-call meteorologist. However, on Christmas Day, temperatures will start to rise, he said, noting that western coastal areas could be as warm as +8 degrees Celsius. Snowfall that arrives on Monday and Tuesday is expected to stay put at least until Christmas Eve, according to Keränen. ""A few flakes of snow may even fall in Uusimaa. On Tuesday there will be a relatively light snow system along the eastern border too,"" Keränen said.",https://yle.fi/a/74-20201107,"[{'label': '3 stars', 'score': 0.310991495847702}]",1
21.12. 16:30,Weather,News,"Direct flights to the eastern Kainuu region have been arranged for British tourists this year, marketed as trips to Lapland. The German travel operator TUI has once again cancelled a trip to Kainuu for British tourists. The tour group was to have arrived in Kajaani, capital of the eastern region, on Sunday. However, the trip was called off due to the scanty snow cover in the area. That’s according to Tiina Rimpiläinen, hotel manager of the Vuokatti Sokos Hotel, and Adam Györki, Nordic regional communications director at the TUI Group. According to the Finnish Meteorological Institute's snow depth map, there are a couple of centimetres of snow around the Sotkamo and Vuokatti ski resorts. Sunday’s flight will pick up tourists vacationing in Kainuu, but not bring any new holidaymakers. A flight from the UK to Kajaani is also planned for Christmas Eve. According to Györki, TUI is monitoring snow forecasts and will make a decision about that trip later. Györki explained that travellers have been offered the opportunity to postpone or cancel their trips or change their destination further north to Finnish Lapland. He declined to comment on whether there is still accommodation available in Lapland, saying only that each situation will be considered on a case-by-case basis. Passengers on Christmas Eve trip have already been offered the opportunity to make changes. TUI has previously cancelled trips to Kainuu due to lack of snow. Kainuu is marketed as being part of Finnish Lapland on the TUI website, although Kajaani is more than 300km south of the regional capital, Rovaniemi, for instance. Most of Finland is likely to remain without snow over Christmas, but colder, sunnier weather is forecast for the south next week.",https://yle.fi/a/74-20201016,"[{'label': '4 stars', 'score': 0.3258298337459564}]",1
18.12. 12:45,Weather,News,"If you want to see snow and ice over Christmas, you'll have to head pretty far north, according to the latest forecast. Christmas Eve is only six days away. It seems that central and southern areas across Finland will be snowless — or at least have very little of the white stuff — over Christmas, according to Yle's meteorology unit on Thursday. However, Yle meteorologist Aleksi Lohtander noted that Christmas Eve is still six days away, making accurate forecasting difficult. There is a chance of snow showers or light snowfall in southern areas at the beginning of next week and on Christmas Eve, but it's unlikely to arrive in significant amounts. ""If you want to see snow and ice over Christmas, you'll have to go to Koililismaa (in Northern Ostrobothnia) or Lapland,"" Lohtander said. While central areas of the country will get a few centimeters of snow on Thursday, it is expected to melt away as temperatures rise in the coming days. At the moment, the only areas expected to have snow cover during Christmas will be in Lapland, eastern parts of Northern Ostrobothnia and some areas in Kainuu. At the moment, the area around the city of Oulu has around seven centimeters of snow cover, but it's melting. ""It's possible that even Oulu will be snow-free over Christmas, which would be a very rare occurrence. On the other hand, nothing can be said for sure at this stage,"" Lohtander explained. ""Snowfall estimates fluctuate from forecast to forecast, which is completely understandable five or six days in advance,"" he continued.",https://yle.fi/a/74-20200505,"[{'label': '3 stars', 'score': 0.3480071723461151}]",1
10.12. 13:02,Weather,News,"Many parts of Finland will see sunshine on Friday for the first time this month. Finland will see a mixed bag of weather conditions over the coming days, with plunging temperatures and hazardous driving conditions on the horizon — but also some rare December sunshine. Heavy snowfall is predicted for northern and central parts of the country on Wednesday, with 15 centimetres forecast for Finnish Lapland and 5-10 centimeters of snow set to fall in Central Finland. This has prompted the Finnish Meteorological Institute (FMI) to issue a warning of dangerous driving conditions for northern and central areas on Wednesday and continuing into Thursday. Southern and western parts will see scattered snow and sleet showers on Wednesday and Thursday. According to Yle meteorologist Aleksi Lohtander, this low-pressure front will move eastwards on Thursday evening, bringing cold but clear conditions to much of the country on Friday. Temperatures during the day on Friday will range from -4 degrees Celsius in the south to -16 degrees in Finnish Lapland — but many parts of the country will see sunshine for the first time this month. ""In the south, Friday may feel quite chilly compared to recent days. It may be a couple of degrees below freezing, but the wind will make it feel even colder,"" Lohtander said. The cold but clear conditions are also expected to continue into the weekend, Lohtander added, with daytime temperatures in the south falling to about -5 degrees. Looking ahead, Lohtander said there is a good chance that southern parts of the country will see snowfall in the early part of next week — but the outlook is unclear. ""It’s not impossible that snow could reach all the way to the south then,"" he said. A return to plus degree temperatures in the latter part of next week suggests that Christmas week will be milder than usual, Lohtander noted.",https://yle.fi/a/74-20198916,"[{'label': '4 stars', 'score': 0.3722599744796753}]",1
6.12. 09:49,Weather,News,"Rain persists in the west and south, while snow and sleet are falling in the central parts of the country and around Oulu. Much of Finland is set to face damp, overcast weather on Saturday as the country celebrates Independence Day, with only Lapland expected to see temperatures below freezing. Rain will spread in from the southwest during the day, falling as water across southern and western regions. By afternoon and evening, the precipitation is forecast to turn to sleet and snow in northern Central Finland as well as in North Savo and North Karelia. Snow is also expected later in the evening as far north as the Oulu region, though Lapland is likely to remain mostly dry. All Points North's latest episode examines the legacy of Finland's dwindling war generation. Listen to the episode via this embedded player, on Yle Areena, via Apple, Spotify or wherever you get your podcasts. ""At least a few centimetres of snow are expected overnight in central areas and around Oulu,"" meteorologist Kristian Roine from weather service Foreca told Finnish News Agency STT. A traffic weather warning will be in effect for Central Finland and North Savo from 6pm on Saturday until 1:00am on Sunday due to sleet and snowfall. Roine said motorists should remain cautious into Sunday morning. ""Early on Sunday, drivers should be particularly careful in North Karelia and North Savo, as well as in Central Finland north of Jyväskylä and further toward Oulu,"" he said. However, Roine noted that snowfall is not expected to be severe. ""There's no snow chaos on the way,"" he added.",https://yle.fi/a/74-20198238,"[{'label': '4 stars', 'score': 0.4907812476158142}]",1
25.11. 13:05,Weather,News,"The area's period of darkness will continue until mid-January. The polar night — when the sun sets and does not rise for many weeks — has started in northern Finnish Lapland's Utsjoki. The phenomenon, known locally as kaamos, will last until mid-January in the area, while the darkness period begins later and ends sooner in more southern latitudes. According to weather outlet Foreca, the temperature in Utsjoki on Tuesday at around midday was -24.4 degrees Celsius. Its local forecast summary noted that the sun would not be rising. On the other hand, in the summer, the area will have many weeks of daylight.",https://yle.fi/a/74-20196058,"[{'label': '3 stars', 'score': 0.40311142802238464}]",1
8.2. 16:27,Finland / Domestic,News,"The effort will cost an estimated 25 million euros and continue until late 2028. Finland's only medieval basilica, Turku Cathedral, is closing on Monday for an extensive, multi-year renovation effort. In the interim, the historic church will be closed to the public. Church services that would normally be hosted there, like baptisms and weddings, will be held at other churches. Consecrated in the year 1300, Turku Cathedral is set to open again on 2 December 2028, at the start of Advent, ahead of Turku's 800th anniversary. The renovation work will cost an estimated 25 million euros. According to Turku Cathedral's website, the renovation plans considered both functionality and historical preservation. It said a chief goal is transforming the buiding's under-utilised spaces into areas that can be used by the congregation. However, it noted that the main church hall would only undergo minor modifications. The last time Turku Cathedral underwent a major renovation was between 1976 and 1979. After the current work is complete, the cathedral is not set for a major overhaul until the 2070s, at the earliest.",https://yle.fi/a/74-20209012,"[{'label': '4 stars', 'score': 0.3263434171676636}]",1
8.2. 15:27,Finland / Domestic,News,"The opposition party's leader has criticised the tax credit reforms as one of the government's most short-sighted decisions. According to the leader of the opposition Centre Party, Antti Kaikkonen, Finland needs to restore a tax break for household maintenance costs to its original form. Last year, Prime Minister Petteri Orpo's (NCP) government reformed the tax credit arrangement, reducing its maximum amount, while increasing its non-deductible share. Taxpayers can receive the credit for things like home renovations, child care and cleaning work that is carried out by hired help. Among other things, Kaikkonen said the reform has particularly hurt small entrepreneurs and worsened unemployment. In a press release, he characterised the move as one of the government's most short-sighted decisions. Kaikkonen said that restoring the household maintenance tax break to their original form would be a quick way to support small businesses and promote employment. However, the party did not specify how such a move would be financed. In early 2021, a study by the Institute for Economic Research (VATT) and the Labour Institute for Economic Research (PT) found that the tax credit was not working as intended and disproportionately benefiting high-income earners.",https://yle.fi/a/74-20208997,"[{'label': '2 stars', 'score': 0.37390804290771484}]",1
7.2. 11:23,Finland / Domestic,News,"Financial strain is increasingly affecting a broader segment of the population. Food banks in Finland are seeing a new kind of visitor: people who own their homes, drive cars and hold down jobs. According to the Church Resources Agency (Kirkkopalvelut), the number of people seeking church-run charitable assistance rose by 40 percent last year. Anita Salonen, a diaconal expert at the Church Council, said demand for economic assistance has risen markedly since changes to the social security system came into force at the start of 2024. The distribution of food aid by the Church's diaconal services increased most sharply at the end of last year. Last December, diaconal organisations handed out more than 40,000 food parcels — twice as many as in December 2024. A new development is that food aid is increasingly being sought by people who own their homes, drive cars and hold down jobs. Many have struggled for a long time to keep up with loan repayments before turning, often reluctantly, to charitable help. ""There are working families, working people living alone, and then those who have been reliant on social benefits for a longer period. The number of new clients is rising steadily. It's a trend seen across Finland,"" said Mari Kulmala of the Savonlinna Evangelical-Lutheran Parish. Kulmala said she believes that people are increasingly aware of the assistance offered by church-run services. When individuals share their financial difficulties on social media, others are quick to advise them to seek help from their local parish. Alongside the Church's diaconal work, financial aid and food assistance are also provided by organisations such as the Finnish Red Cross, Hope and a range of other charities.",https://yle.fi/a/74-20208896,"[{'label': '2 stars', 'score': 0.28116917610168457}]",1
6.2. 14:23,Finland / Domestic,News,"The school tradition celebrates eleventh graders' status as the new seniors. On Friday, upper secondary schools across Finland celebrated the Seniors' Ball, where eleventh graders don elegant ball gowns and black ties to mark their rise as the school's new seniors, stepping into the spotlight as the graduating class readies for their matriculation examinations. Vanhat Day dances (or dances of the old) are a long-standing Finnish high school tradition, marking who's now ""on top"" of the school hierarchy. The dances are choreographed ahead of the big day and typically feature classical ballroom styles. Finland's twelfth graders on Thursday meanwhile tossed candy from trucks to celebrate their last days of school before getting time off to study for their final exams this spring.",https://yle.fi/a/74-20208766,"[{'label': '4 stars', 'score': 0.5444112420082092}]",1
5.2. 16:26,Finland / Domestic,News,"Finland's state church saw a rise in new members last year, even as overall membership continues to decline. The Evangelical Lutheran Church of Finland reported a continuing rise in new members, with 25,000 joining last year, up from 23,000 the previous year. Over 26,000 children were baptised during the same period. The largest age group among new members was 30–39-year-olds, accounting for roughly 30 percent of joiners. At the same time, departures from the church remain significantly higher. More than 50,000 people left last year, mostly aged 20–29, though the number of resignations has declined annually since 2022. With over 46,000 members dying last year, the church's total membership now stands at just over 3.5 million, or about 60 percent of Finland's population. The Evangelical Lutheran Church and the Orthodox Church have a special status as national churches. They have the right to levy tax, and receive public funding for handling societal responsibilities such as record-keeping, maintenance of cemeteries and churches, as well as some social services.",https://yle.fi/a/74-20208601,"[{'label': '2 stars', 'score': 0.2886193096637726}]",1
5.2. 15:32,Finland / Domestic,News,"It's that time of year again: students are donning costumes and tossing candy to passers-by. High school seniors across the country celebrated their last days of school on Thursday before getting time off to study for their final exams this spring. It's a century-old tradition known as penkkarit when upper secondary school seniors enjoy their last hurrah — the end of formal classes — before they take a break to prepare for their matriculation exams. The tradition took off after 1919, when the first set of matriculation exams were held at the University of Helsinki. Back then, students from all over the country travelled to the capital for the final test.",https://yle.fi/a/74-20208582,"[{'label': '4 stars', 'score': 0.36124810576438904}]",1
5.2. 15:22,Finland / Domestic,News,"The cake stands at 57 centimetres, weighing more than 33 kilos. What is being billed as the world's largest Runeberg torte has been baked in Turku, at Café Dominic in the local adult education centre. The cake rises 57 centimetres and weighs 33.5 kilos. It can be cut into roughly 350 slices, the product of three days' work in the kitchen. On Wednesday, baker Tero Kemppainen put the finishing touches to the confection alongside chef Robin Hoppe. Lifting the jam-topped ""cap"" into place required a steady hand from both. ""The final details are always the most nerve-racking,"" Kemppainen said, adding that the two managed the task ""with four hands"" without mishap. He revealed the technique behind achieving such height, drawing on experience from similarly towering wedding cakes. Yle News reporter Matthew Schilke dove into the history of the Runeberg torte in the embedded video below. The previous record dates back two years to a café in Pori, where a Runeberg torte measuring 46 centimetres was produced. Finland observes Runeberg Day on 5 February in honour of Finland's national poet, Johan Ludvig Runeberg. The commemorations are closely associated with the Runeberg torte, a pastry that has become the edible highlight of the occasion.",https://yle.fi/a/74-20208551,"[{'label': '5 stars', 'score': 0.38659238815307617}]",1
5.2. 14:11,Finland / Domestic,News,"Iran is experiencing intense, nationwide anti-government protests since the start of the year. Finland's immigration authority Migri has partially suspended the processing of asylum applications from Iranian nationals. The Finnish Immigration Service said it would pause decisions in cases that require updated information about Iran's domestic situation. The move follows a review of Iran's security environment, which officials say has shifted amid large scale protests and the increasingly forceful response of Iranian security forces. According to the agency, such pauses are standard practice across the European Union when there are significant and sudden changes in a country's security situation, making it difficult to reliably assess an applicant's circumstances. Migri is currently considering roughly 100 asylum applications from Iranian citizens. Last month, Finnish Foreign Minister Elina Valtonen (NCP) urged Iran's regime to ""immediately stop violence against its own citizens.""",https://yle.fi/a/74-20208536,"[{'label': '2 stars', 'score': 0.32250067591667175}]",1
5.2. 13:40,Finland / Domestic,News,"The value of last year's exports reached more than 74 billion euros. The value of Finland's exports grew by three percent last year, amounting to a total of around 74.3 billion euros, according to Finnish Customs' preliminary data. The year saw growth in exports outside the EU. Meanwhile, exports to European countries were roughly at the same level seen in 2024, accounting for just over 56 percent of exports. ""The development of exports to countries outside the EU is particularly pleasing, with an increase of 7.3 percent. Finland is still an island in terms of foreign trade, as 95 percent of it is carried out by sea,"" Finnish Customs' statistics chief Olli-Pekka Penttilä said in a press release on Thursday. In monetary terms, last year's sea exports amounted to 82.5 percent of all exports, which was a slight decrease compared to 2024. There was a larger share of sea-carried imports compared to exports, the agency said. Finland's exports to the Middle East saw significant growth, particularly to the United Arab Emirates, Saudi Arabia and Israel. Customs said that exports to the United States also grew, mostly due to the delivery of a large cruise ship. There was also export growth to a number of South American countries. Regarding Europe, Finland saw growth in exports to Switzerland, the UK and Norway. Finland's biggest export markets in 2025 included Sweden, the US and Germany, with those countries accounting for nearly one third of all Finnish exports that year. Year-on-year exports to Germany declined last year, making the US Finland's second-largest export market, according to the agency.",https://yle.fi/a/74-20208530,"[{'label': '2 stars', 'score': 0.2593331038951874}]",1
5.2. 12:16,Finland / Domestic,News,"The US news outlet is again reporting on Finland featuring in US State Department cables. News outlet Politico is following up on its reporting of dispatches obtained from the US Embassy in Helsinki. It now reports that Finland has urged American officials not to describe future security pledges to Ukraine as ""Article 5-like."" Article 5 is Nato's mutual defence clause, outlining that an armed attack on one member is considered an attack on all of the alliance's members. The cable is based on discussions in mid-January between Foreign Minister Elina Valtonen (NCP) and American lawmakers who are also members of the House Armed Services Committee. Politico suggests that talk of Article 5 regarding Ukraine could weaken the clause's deterrence while confusing other bilateral promises made to the country. The news outlet also attributed Valtonen as underscoring Finland's position that Russia is a ""long-term strategic threat"" and warned against a ""weak"" peace deal for Ukraine. The Foreign Ministry has not commented on the reporting. In December Prime Minister Petteri Orpo (NCP) said that Finland is not prepared to offer security guarantees to Ukraine.",https://yle.fi/a/74-20208496,"[{'label': '2 stars', 'score': 0.32316094636917114}]",1
4.2. 16:19,Finland / Domestic,News,"Over 170 jobs were initially on the line, but some employees were able to find other positions within the company. Finland's national mail carrier Posti has announced the conclusion of restructuring negotiations, with the firm set to make 121 workers redundant. In a press release, Posti noted that 172 jobs had been on the line when the talks started at the beginning of January, but some employees were able to find other positions within the company — reducing the number of redundancies. When announcing the launch of restructuring talks, Posti said that job cuts would be necessary as the firm adapts to changes ""driven by the overall transformation of the postal market"". ""Customer needs and the broader societal operating environment are changing and evolving faster than before. This requires us to renew our operations,"" Production Director Mikko Hoikkala said. In addition to the redundancies, Posti also announced in January that it will also close its own stores in three locations in Helsinki, as well as in Espoo and Jyväskylä. The services of these five Posti-owned stores will be transferred to partner companies. Posti currently employs about 15,000 people.",https://yle.fi/a/74-20208365,"[{'label': '2 stars', 'score': 0.291647732257843}]",1
2.2. 11:37,Finland / Domestic,News,"TikTok remains the primary source of news for the majority of young people in Finland, with about half of the survey's respondents saying they use the social media platform to follow news updates. Young people in Finland are following the news more actively than previously, according to the results of a study carried out by the Uutismedia news group. The survey was conducted during December by Kantar Media on behalf of Uutismedia. Nearly 800 young people aged 13–18 responded to the poll. Some 40 percent of respondents to the poll said they follow the news on a daily basis, a figure that is up by five percentage points from a similar survey in December 2024. TikTok remains the primary source of news for the majority of teenagers, the survey found, with about half of respondents saying they use the Chinese-owned social media platform to follow news updates. ""It is important that young people encounter reliable journalistic content in their daily TikTok use. Through TikTok, news media can reach young audiences and make their own media and journalism more familiar to them,"" Hanna Romppainen, the group's media education specialist at the News Media Association, noted in a press release. TikTok has been the number-one news channel for young people in Finland since 2023. The latest survey found that Instagram is now the second most popular news channel. The All Points North podcast probes plans for Finland to introduce a similar ban on social media as in Australia. You can listen to the episode via this embedded player, on Yle Areena, via Apple, Spotify or wherever you get your podcasts. The poll also revealed the topics that young people are most interested in, with a growing interest in local news reports. Teenagers are also interested in news topics related to their own lives, the survey found. While interest in these topics has increased, young people have been turning away from major news events — both from Finland and abroad. ""When there is turmoil in the world, interest in topics related to one’s own life and home region clearly increases. Close-to-home and local topics can bring a sense of security in the midst of crisis reporting,"" Romppainen noted.",https://yle.fi/a/74-20207798,"[{'label': '4 stars', 'score': 0.36027002334594727}]",1
1.2. 16:45,Finland / Domestic,News,"Cases are reported most often in coastal and archipelago areas. The free tick-borne encephalitis, or TBE, vaccination programme is expanding to eight new areas in Finland. TBE is a viral disease spread by ticks and occurs in some parts of Finland. New locations include west Herttoniemi in Helsinki, Saarijärvi in Kuopio, and Kaakkuri in Oulu. The basic TBE vaccination series provided under the national immunisation programme will be available free of charge. Cases are reported most often in coastal and archipelago areas. On average, around one to two percent of ticks in high-risk areas carry the TBE virus. In Uusimaa, ticks are spreading to new areas. Until now, free vaccinations in Helsinki have been offered to residents of Karhusaari. Since January, the free basic vaccination series will also be available to people living in the Raasepori archipelago and in West Herttoniemi in Helsinki. The vaccine is available to all residents over the age of three, as well as to cottage-goers who spend extended periods in high-risk areas. The vaccine is provided by the wellbeing services county responsible for the risk area named in the vaccination programme. This means that people with holiday homes can receive the vaccine through the wellbeing services county where their cottage is located. In Finland, the incidence of tick-borne encephalitis is highest in Kustavi, Parainen and the Åland Islands.",https://yle.fi/a/74-20207697,"[{'label': '4 stars', 'score': 0.4009271264076233}]",1
29.1. 13:51,Business,News,"Beyond trade, Finland and China plan to step up cooperation on mitigating climate change and promoting the green transition. China and Finland have signed a commercial cooperation agreement on mining machinery, healthcare, papermaking and green construction, according to China's Ministry of Commerce. Officials from the two countries signed the preliminary agreement in Beijing during this week’s visit to Beijing by Prime Minister Petteri Orpo (NCP). When Orpo met with Chinese Minister of Commerce Wang Wentao on Monday, the Finnish PM expressed his hope for cooperation in a changing world. ""I hope that China and Finland can work together to preserve the rules-based trading system,"" Orpo said on Monday. On Thursday, a ministry spokesperson described Orpo's visit to China as ""successful,"" adding that the two sides achieved a series of ""pragmatic outcomes in economic and trade cooperation"". More than 50 Chinese and Finnish companies held in-depth discussions on cooperation in innovation, green development, and digitalisation, and signed multiple commercial agreements covering sectors such as mining machinery, healthcare, papermaking and green buildings, the commerce ministry said. Orpo was accompanied by a large corporate delegation including representatives of more than 20 Finnish companies. ""That is an indication that Finnish companies are committed to long-term collaboration with their Chinese counterparts,"" Finnish Ambassador to China Mikko Kinnunen told a news conference, as quoted by China Daily. He told the paper that 11 cooperation agreements and six memorandums of understanding were signed during Orpo's trip, covering areas such as paper manufacturing, mining equipment, biomedicine, meat exports and tourism. Beyond trade, Finland and China plan to step up cooperation on mitigating climate change and promoting the green transition, Kinnunen added. China is the world's largest annual greenhouse gas emitter, responsible for more than one-third of global emissions in 2023 according to the International Energy Agency. Finland and China also announced they had signed a memorandum of understanding on energy cooperation. It focuses on clean energy, smart energy systems and innovation. In a statement on Thursday, the Orpo government said that Finland and China aim to promote low-carbon technologies and exports of Finnish clean energy solutions. Areas of collaboration include biomass, waste-to-energy, energy storage, hydrogen, and carbon capture, among others. The non-binding deal also encourages joint pilot projects and cooperation between local authorities and businesses to advance new energy tech.",https://yle.fi/a/74-20207178,"[{'label': '5 stars', 'score': 0.27418917417526245}]",1
29.1. 12:12,Business,News,"An OP analyst suggested that some investors may have sensed Nokia's decline a day before its fourth quarter report went public. Nokia’s profit dropped slightly in the last few months of last year compared to a year earlier. The telecoms equipment maker said its comparable operating for the fourth quarter was 1.06 billion euros, from 1.09 billion in the same period of 2024. However the firm said on Thursday that its fourth-quarter net sales rose by three percent year-on-year, with growth in Network Infrastructure and Mobile Networks segments offsetting other declines. Network Infrastructure’s Optical Networks unit reported 17 percent growth. ""Optical is a critical component of the infrastructure required to support AI at scale, and we are investing with a long-term view,"" the company said in a press release. Investors were not impressed by Nokia's earnings. Its share price fell by about six percent in morning trading on the Helsinki Stock Exchange, the business daily Kauppalehti reported. Nokia's shares were already down by about four percent on Wednesday, ahead of the Q4 report. ""Maybe someone sensed or knew that there could be softness here,"" OP Pohjola's head of equity fund management, Juuso Kenkkilä, suggested in a live broadcast before the stock market opened. Nokia's profits also dropped in the third quarter of last year. Meanwhile Nordea Bank, Finland's most valuable and most widely owned listed company, reported slightly weaker results last year than the previous year. The entire Nordic banking conglomerate’s full-year operating profit fell by approximately four percent to 6.3 billion euros. The bank operates in Denmark, Finland, Norway and Sweden. It said that demand for loans was weaker in Finland than in other Nordic countries, while credit losses were also higher here. In Finland, credit losses on loans to individuals averaged 0.19 percent in the last quarter of the year, while the corresponding figure in Sweden was only 0.06 percent. Overall, Nordea's credit losses in the last quarter of the year were lower than a year earlier. A key indicator of the bank's success, net interest income, slumped by almost six percent year-on-year, to 7.2 billion euros. Last month, Finland's Financial Supervisory Authority accused Nordea of lax monitoring of sanctions against Russia.",https://yle.fi/a/74-20207124,"[{'label': '2 stars', 'score': 0.38399213552474976}]",1
27.1. 11:48,Business,News,"PM Petteri Orpo says Finnish companies have signed 11 trade agreements with their Chinese counterparts Prime Minister Petteri Orpo's early morning meeting with Chinese President Xi Jinping was cordial, with no mention of Russian relations. The half-hour sitdown at a horseshoe-shaped negotiating table saw Xi appear in good spirits. Xi said China was ready to strengthen cooperation with Finland, noting that closer ties would benefit both countries. Orpo, for his part, said he wished to discuss bilateral and current international issues with Xi. In the public session, however, he did not raise Finland's critical positions on matters such as China's trade barriers or its relations with Russia. On Monday, Orpo said Finnish companies signed 11 trade agreements with their Chinese counterparts. The visit will also see the signing of six memoranda covering sustainable construction, energy cooperation and tourism promotion. Orpo's visit has drawn attention in Chinese media, including the state-run Xinhua, which ran an article suggesting that ""Finland, as an active EU member with an interest in economic cooperation with China, could serve as a bridge in China–EU relations."" Orpo is still set to meet Premier Li Qiang before the visit wraps up. China is one of Finland's biggest trading partners. In 2024, Finland imported 7.5 billion euros' worth of goods from China, while exporting 3.5 billion euros' worth to the country.",https://yle.fi/a/74-20206666,"[{'label': '4 stars', 'score': 0.24556127190589905}]",1
26.1. 11:18,Business,News,"Reliance on American technology may prove costly for Finand, a cyber expert warns. Finnish cybersecurity expert Petteri Järvinen told Yle he finds it odd that while Europe is strengthening its defence capabilities, it has left its information systems at the mercy of American companies. According to him, that's not a good approach. ""If we in Europe always opt for the cheapest IT solution, we'll lose this game. We need to develop our skills and services and be prepared to pay for them,"" Järvinen said. Just a year ago, things looked different. Three major agencies announced plans to move Finnish data to American cloud services. In November, Yle reported that Kela was transferring health data to American data centres, including information on therapy reimbursements and parental leave. Meanwhile, the Ministry of Justice is moving Finland's election data from domestic provider Tieto to Amazon's cloud service. Residents' tax data will also be moved to Microsoft's Azure cloud. These reforms are scheduled to take effect by 2027. ""A year or two ago, the notion was that there was no risk. In the United States, the position is that if information is important for national security or foreign policy, corporate agreements don't matter,"" Järvinen explained, referring to the so-called Cloud Act. That law obliges American technology companies to hand over any data in their possession at the request of authorities, regardless of where in the world the data centre is located. In Finland, people may be waking up to the fact that American companies control the channels through which they communicate and the tools they use, from Gmail, WhatsApp, Meets and Teams to Facebook and X. At the same time, Järvinen said he sees a bigger problem in Europe's failure to develop its own cloud services. In Germany, alternatives to Microsoft have been trying to gain a foothold in municipal services for 25 years, and Denmark has embarked on a similar path. Dependence on American technology could prove costly, as the companies can significantly raise prices. ""Microsoft has announced price increases of 10 to 20 percent this year,"" he noted.",https://yle.fi/a/74-20206417,"[{'label': '2 stars', 'score': 0.3903038203716278}]",1
25.1. 13:53,Business,News,"Finland's exports to China are worth less than half as much as its imports from the world's #2 economy – including a growing ""tsunami"" of cheap mail-order items. Prime Minister Petteri Orpo (NCP) arrived in the Chinese capital Beijing on Sunday. He is scheduled to meet with Chinese President Xi Jinping, Prime Minister Li Qiang and National People's Congress Chair Zhao Leji on Tuesday. The stated purpose of the trip is to ""continue dialogue with the Chinese leadership"" and promote Finnish business in the country. In addition to bilateral relations between Finland and China, the topics of official discussions in Beijing include Russia's war of aggression in Ukraine and ""challenges in the rules-based system and trade"". The last Finnish prime minister to visit China was Juha Sipilä (Cen) in June 2017. President Alexander Stubb paid a state visit to China in October 2024, followed by Speaker of Parliament Jussi Halla-aho (Finns) last spring. Under Finnish law, the president is generally responsible for foreign policy in tandem with the government, except for EU affairs, which are under the purview of the government. On Monday, Orpo meets with Chinese Minister of Commerce Wang Wentao along with representatives of Finnish blue-chip companies such as Finnair, Fazer, Kemira, Kone, Valio, Valmet and Wärtsilä. China is one of Finland's biggest trading partners. In 2024, Finland imported 7.5 billion euros’ worth of goods from China, while exporting 3.5 billion euros’ worth to the country. That imbalance parallels the EU's trade gap with China, as officials negotiate over issues such as Chinese electric carmakers' access to the European market ahead of a visit to Beijing next month by German Chancellor Friedrich Merz. Last month, Finland's Chemical Industry Federation warned that increased Chinese exports are causing ever-growing job losses. Meanwhile Finnish Customs and some politicians have called for restrictions on the ""tsunami"" of cheap mail-order products from China, which often go uninspected and untaxed. More than 200 Finnish companies operate subsidiaries in China, the world's second-largest economy. 4.50pm: Updated with arrival in Beijing.",https://yle.fi/a/74-20206317,"[{'label': '2 stars', 'score': 0.2756919264793396}]",1
22.1. 16:36,Business,News,"Wind and hydropower together exceeded nuclear in Finland’s electricity palette last year, with solar also on the rise. Total electricity consumption in Finland grew moderately last year, with an increasing share of it generated by wind power. According to the Finnish energy industry association, Finland consumed 85 terawatt hours (TWh) of electricity last year, with imports accounting for less than 6 TWh. Finland enjoyed Europe's third-cheapest electricity prices in 2025, with negligible production from traditional fossil fuel sources. Approximately 28 percent of domestic electricity production came from wind power. By far the largest production area for wind power is North Ostrobothnia, which includes Oulu. The region boasts more than a third of the country’s wind power capacity. North Ostrobothnia is also a major producer of hydropower, with several large plants on the Oulu and Ii rivers. North Ostrobothnia also has large solar power plants, with more planned. Wind power’s share of Finnish electricity production has climbed by nearly 10 percentage points over the past two years. In 2023, it was still behind hydropower, with a share of over 18 percent in Finnish electricity production. Last year wind turbines generated almost 28 percent while hydropower slipped to 16 percent as some dams were removed from some rivers. According to the Dam Removal Europe report, Finland leads Europe in river restoration. Wind power has clearly emerged as the second-largest source of electricity after nuclear power. Over the past two years, nuclear has accounted for approximately 40 percent of domestic production, much of it produced by Europe's largest reactor, Olkiluoto 3. In 2023, its share was still clearly higher than hydro and wind power together. In 2024 they were nearly on par, but last year wind and hydropower together exceeded nuclear in Finland’s electricity palette. Meanwhile, solar power is also growing, but it still only accounts for a little over one percent of Finland's electricity production. On Thursday, the energy consultancy Ember said that the EU’s electricity transition reached a turning point last year, with wind and solar generating more power than fossil fuels.",https://yle.fi/a/74-20205942,"[{'label': '5 stars', 'score': 0.3779526650905609}]",1
18.1. 16:36,Business,News,"Calling the threat ""a serious matter"", the PM said that he had been surprised by the news while cross-country skiing on Saturday evening. Finnish Prime Minister Petteri Orpo (NCP) said US President Donald Trump's latest tariff threat, issued on Saturday evening Finnish time, is based on incorrect conclusions. He stressed that although Finland's relations with the United States are good, some things are not tolerable. Orpo answered reporters’ questions during the first Prime Minister's interview hour programme on Sunday afternoon, broadcast live by Yle from his official residence in Helsinki’s Meilahti district. Calling the threat ""a serious matter"", Orpo said that he had been surprised by the news while cross-country skiing on Saturday evening. ""Undeniably, the atmosphere on the ski trip changed. [I had] received countless messages,"" Orpo said. Orpo declared that the EU will prevent Trump's threat from coming true through concrete actions. ""Concrete means are decisive action, clear boundaries for what is acceptable and what is not,"" he told journalists during the regular roundtable meeting. According to Orpo, communication with European colleagues is now crucial and Europe must be prepared for trade policy countermeasures if Trump carries out his threat. The premier said he hopes for a quick solution to the Greenland situation, noting that European countries now have two weeks to try to prevent Trump's tariff threat from taking effect. If no solution is reached, there is a real risk of a trade war, he added. The EU must also be prepared to respond with sufficient force to Trump's actions through trade policy. Orpo also said the government will update its foreign and security policy report. It aims to complete the work this spring so that Parliament can consider it as soon as possible. The parliamentary session formally opens on 4 February.​​​​​​​​​​​​ It is expected to end in late June.",https://yle.fi/a/74-20205013,"[{'label': '3 stars', 'score': 0.2524237632751465}]",1
17.1. 12:45,Business,News,"The government still wants to create 100,000 jobs during its term in office, which is expected to end in spring 2027. Employment minister Matias Marttinen (NCP) insists that the government remains committed to its target of creating 100,000 new jobs during its term. A new government is to be formed after the April 2027 elections. Other members of his party, however, have expressed doubts about achieving the goal. Marttinen said he remains steadfast on the government's employment targets. In an interview with Yle, he said the administration intends to uphold all its objectives on labour policy. ""We will not give up. We will push reforms forward and aim to strengthen employment as much as possible before the end of the parliamentary term,"" he said. Marttinen acknowledged that the employment situation is challenging. The ministry of economic affairs and employment has begun preparatory work aimed at restoring consumer confidence. The problem, however, is that Finland's economy is underperforming, and employment is not rising at the pace the government had promised. According to the finance ministry's forecast, the number of employed is expected to return to roughly the same level by the end of the government's term as when it took office in 2023. The finance ministry has said weak domestic demand accounts for much of the economy's sluggish performance. Right now, people in Finland are choosing to sock away their money rather than spend it. ""We now need to assess whether tax measures could be used to target support for a stronger rebound in private consumption,"" Marttinen said. Restoring consumer confidence is easier said than done. According to Marttinen, there is no single silver bullet to resolve the situation. One indication of the challenge is that Finns are holding record amounts of money in bank accounts and investment funds. Marttinen said Finland's unemployment situation is particularly difficult, with the country recording the highest jobless figures in Europe, according to Eurostat data. ""The situation is tough, and there is no way around it. Long-term unemployment has risen, and the number of jobs is far from sufficient,"" he said. At the same time, Marttinen pointed to some positive signs in the economy. Both employment and total hours worked picked up towards the end of last year. The finance ministry's latest forecast, however, suggests that the government is unlikely to meet any of its economic targets.",https://yle.fi/a/74-20204894,"[{'label': '3 stars', 'score': 0.28371965885162354}]",1
17.1. 11:11,Business,News,"Businesses in Finland are showing signs of hope, according to a new survey. Activity is picking up among Finland's small and medium-sized businesses. Growth among SMEs has accelerated, order books have strengthened, and total turnover is expected to rise by around 8 percent this year, according to state-owned investment company Tesi. Things are especially expected to improve in information and communications technology and in industry, while the construction sector is likely to expand at a more subdued pace, though the worst of the downturn is thought to be over. These forecasts have historically exhibited optimism, meaning that the adjusted growth estimate is significantly lower, Tesi noted. Around two-thirds of the SMEs surveyed describe themselves as growth-oriented or strongly growth-oriented. The survey revealed marked differences in internationalisation. Nearly 80 percent of industrial firms operate abroad or aim to do so, compared with fewer than one in five construction companies. Nearly one in five small and medium-sized enterprises reported experiencing labour shortages last year, a problem particularly pronounced in the information and communications sector. The Tesi survey drew on responses from almost 1,500 SMEs between mid-October and early January. The survey was conducted by Taloustutkimus.",https://yle.fi/a/74-20204885,"[{'label': '4 stars', 'score': 0.28932100534439087}]",1
13.1. 13:37,Business,News,"The move reflects a growing interest in nuclear-powered heat as Finland looks to decarbonise its cities. Finnish energy group Fortum is deepening its partnership with Steady Energy, a domestic company developing a small nuclear reactor for district heating. The two firms have signed a framework agreement under which Fortum will provide a broad range of nuclear expertise, with particular focus on design and operation. ""Small nuclear power is being developed as an alternative to replace fossil fuels in energy production. Finland has strong and extensive expertise in nuclear power,"" Gustav Eilertsen, Vice President, Innovation & Venturing at Fortum, said in a statement. Fortum is also backing the project financially, investing 2.1 million euros in Steady Energy's district-heating reactor development. Steady Energy is involved in small nuclear projects in Helsinki, Kuopio and Kerava. Last spring, the City of Helsinki's energy company, Helen, shut down its coal-fired Salmisaari power and district heating plant, the last of its kind in Finland. Finland has set itself a goal of reaching carbon neutrality by 2035.",https://yle.fi/a/74-20203991,"[{'label': '4 stars', 'score': 0.3427733778953552}]",1
13.1. 11:34,Business,News,"Iceye says its satellites provide high-resolution imagery with ground resolution of up to 16 cm, regardless of darkness, cloud cover, rain or snow. The Espoo-based space technology company Iceye has signed a deal to sell reconnaissance and surveillance satellites to the Swedish Armed Forces. The company is to supply Sweden with software and radar satellite technology that enables its defence forces to monitor the environment in all weather conditions and to track movements by adversaries. Iceye is the global market leader in Synthetic Aperture Radar (SAR) satellites, the company's sales VP, Damon Olloman, told Yle late last year. According to the company, the system's imaging and observation ability, especially through cold, foggy, snowy conditions, is a crucial feature for Nordic customers. ""Iceye is proud to partner with the Swedish Armed Forces and deliver sovereign space-based ISR [intelligence, surveillance and reconnaissance] capabilities that work in all weather and lighting conditions of Northern Europe and the Arctic,"" Seppo Aaltonen, Vice President Nordics & Nato, said in a statement. ""We especially welcome cooperation with Sweden and our closest Nordic Nato allies to enhance the security and resilience of the North-Eastern Flank of Nato,"" he added. The parties to the deal have not revealed the purchase price. In a press release, Iceye refers to it as a multi-year, multi-million-euro project. According to the Swedish Armed Forces, the first dozen or so SAR satellites will be delivered to them this year. Finland also purchased a similar, but smaller, satellite system from Iceye last autumn with a price tag of 158 million euros. Finland plans to cooperate on space projects with Sweden, the Netherlands, Poland and possibly others. According to a statement from the Finnish Defence Forces, the second of Finland's three satellites was launched into space this past Sunday.",https://yle.fi/a/74-20203848,"[{'label': '4 stars', 'score': 0.3328618109226227}]",1
12.1. 15:44,Business,News,"The company said it wants to focus on markets where it has the opportunity to grow and build a long-term, sustainable position. Delivery service firm Foodora is considering whether or not to continue its operations in Finland, according to a company press release. The company revealed the possibility as it announced that it has initiated change negotiations as it considers the matter. Foodora said one option would be withdrawing from the Finnish market. The company said it wants to focus on markets where it has the opportunity to grow and build a long-term, sustainable position. ""We are carefully assessing whether continuing operations in Finland best supports Foodora's long-term goals in Europe,"" the release stated. Foodora's mobile platform-based delivery services will continue during the negotiations, according to the company. Founded in Munich, Foodora's headquarters moved to Berlin, Germany in 2015 and was subsequently acquired by Delivery Hero. Apart from Finland, the company operates in Sweden, Norway, Austria, Czech Republic, and Hungary.",https://yle.fi/a/74-20203772,"[{'label': '3 stars', 'score': 0.2651638090610504}]",1
9.1. 14:11,Business,News,"Last summer, staffing firm Barona received some 43,000 applications for 1,000 seasonal positions. Finland's difficult job market is spilling into the summer hiring season, as jobseekers grapple with the worst unemployment situation in 15 years. Employers are now bracing for a surge in applications, and many positions are being snapped up well before application periods close. Espoo's cemetery lies blanketed in snow, with a biting frost of minus 15 degrees nipping at the cheeks. Yet Sirpa Lehtinen, a supervisor at the cemetery, already has summer on her mind. ""Applications started arriving on the very first working day of the year,"" she told Yle. Last year, Espoo's parishes received 1,200 applications for summer jobs, around 800 of them from minors. This year, just 20 positions are available for 16–17-year-olds, while 50 seasonal workers are hired from those aged 18 and over. With so many underage applicants, invitations to job interviews are decided by lottery since teenagers have little work experience anyway. But it's not just the cemeteries where people are dying to get in. Many employers are bracing for an even bigger flood of applications than last year. Staffing firm Barona said it expects to hire more than a thousand seasonal workers this summer. That figure is, however, dwarfed by demand. Last year, the recruiter received 43,000 summer job applications from nearly 30,000 candidates, an increase of more than 25 percent on the year before. The retail sector will once again offer tens of thousands of summer jobs this year. The S Group said it expects to employ around 17,000 young people nationwide over the summer. Rival K Group said it will hire some 5,000 seasonal workers for grocery stores, as well as hardware outlets and logistics centres. Lidl has said it will post 855 summer positions across its stores and three distribution centres. Speed has become a defining feature of the summer job hunt. Anu Päivinen, a regional manager for Barona, offered some reassurance, saying things are not as hopeless as they may sound. ""Jobs will continue to open up throughout the spring. Last year, we were still hiring summer staff in May.""",https://yle.fi/a/74-20203400,"[{'label': '4 stars', 'score': 0.35743582248687744}]",1
7.1. 16:05,Business,News,"Restructuring plans at Finland's postal service and a telecoms firm could cost hundreds of jobs. Finland's postal service, Posti, on Wednesday said it is reducing up to 172 positions prompted by a shifting market. Most cuts will affect sorting at the Helsinki mail centre, where automation is being introduced. Customer service will be concentrated in Posti's largest service centres, in Helsinki and Rovaniemi. According to the company, automation already handles around 60 percent of customer contacts received through digital channels, with digitalisation and artificial intelligence playing an increasingly prominent role. In Rovaniemi, the so-called Santa Claus Main Post Office will continue operating. Postal services will also remain in place at Helsinki's Main Post Office building. Telia Finland has also launched restructuring talks that could result in the loss of up to 200 jobs out of roughly 2,000 positions under review. The Nordic and Baltic telecoms giant said it is simplifying its organisation to cut costs and streamline operations. The changes will not affect consumer customer service or Telia shops. Telia employs around 3,000 people in Finland.",https://yle.fi/a/74-20203002,"[{'label': '2 stars', 'score': 0.2864193320274353}]",1
4.2. 09:58,Economy,News,"There was a slight increase in the prices of food and alcohol last month, but almost all other price categories were stable. The year-on-year change in consumer prices stood at 1.0 percent in January 2026, according to figures published by Statistics Finland on Wednesday. This is down from the 1.7 percent inflation rate seen in December. The slight rise in prices was driven in particular by an 11-percent increase in education services. Food prices were also up, by two percent, as well as alcoholic beverages and tobacco, by just over three percent. However, these increases were mitigated by stabilised prices in sectors such as transportation, health, and housing. The Harmonised Index of Consumer Prices (HICP), which is compiled by Statistics Finland, allows for comparisons between EU member states. The index however does not include certain price categories, such as mortgage interest rates. Therefore, the recent decrease in mortgage interest rates Finland has seen does not affect the inflation measured according to EU rules.",https://yle.fi/a/74-20208223,"[{'label': '3 stars', 'score': 0.4524990916252136}]",1
3.2. 14:47,Economy,News,"With older workers now staying healthier, the average planned retirement age has risen faster than the minimum pension age, a new survey reveals. Increasing numbers of workers in Finland are planning to retire later, according to a study published on Tuesday by the Finnish Centre for Pensions. In 2023, workers over age 50 said they planned to retire at an average age of 65 years and five months. That was 10 months later than in the previous poll, conducted in 2018. During the intervening time period, Finland has raised the minimum retirement age by about seven months. According to Satu Nivalainen, an economist at the Finnish Centre for Pensions, it is good news for the financial sustainability of the pension system if the intended retirement age outpaces the minimum retirement age. Previous research indicates that retirement intentions predict actual retirement age quite reliably. Nivalainen noted that two factors explain why Finns want to continue working after their minimum retirement age. ""People who are approaching retirement age are increasingly healthier. They’re also more educated than before,"" she told Yle. More workers would postpone their retirement if their employers were more supportive, the poll suggests. Only a third of those approaching retirement age said that they see their workplace as supportive of older workers. Nivalainen points out that around the turn of the millennium, only about 10 percent of the workforce was over 55. Today, the corresponding figure is almost a quarter. She also notes a growing trend of older workers who would like to reduce their working hours before reaching pension age. Nivalainen urges such people to discuss this with their employers well in advance – and for employers to listen more closely to workers’ wishes. The pension centre's report is based on data from a Statistics Finland survey that is conducted every five years, in which the agency asks respondents aged 50 or over about their retirement plans.",https://yle.fi/a/74-20208044,"[{'label': '4 stars', 'score': 0.27548256516456604}]",1
31.1. 10:45,Economy,News,"The benefit is a last resort form of support for households that are unable to cover their daily essentials. Benefits agency Kela rejects about a quarter of applications for basic social assistance each year, according to the social insurance institution. The benefit is considered a last resort form of support for households unable to cover daily essentials. The refusal rate has long remained stable, amounting to roughly 300,000 negative decisions annually. Two factors account for most rejected claims. Either the applicant's own income — or that of a spouse — exceeds the eligibility threshold, or the applicant fails to supply additional information requested by Kela. Often, the missing information is as simple as a bank statement.",https://yle.fi/a/74-20207576,"[{'label': '2 stars', 'score': 0.39423978328704834}]",1
30.1. 14:08,Economy,News,"Finland's jobless rate was slightly higher than Spain's last month. Sweden was third with a considerably lower rate. Finland still leads the EU in unemployment. According to figures released on Friday by the EU statistics bureau, Finland's seasonally adjusted unemployment rate was 10.3 percent in December. Eurostat ranked Spain in second place with an unemployment rate of 10 percent. Sweden was third at 8.8 percent. In general, the situation in Europe is brighter, as the average unemployment rate in EU countries was 5.9 percent in December. The lowest rate was in the Czech Republic: just 3.1 percent. Finland first rose to the top of EU unemployment statistics in November. On Tuesday, Statistics Finland said that the unemployment rate trend in December was 10.7 percent, edging up from 10.6 percent in November. Earlier this month, employment minister Matias Marttinen (NCP) insisted that the government remains committed to its target of creating 100,000 new jobs during its term, which is set to end in 2027.",https://yle.fi/a/74-20207464,"[{'label': '3 stars', 'score': 0.3532359004020691}]",1
19.1. 13:40,Economy,News,"”Right now is probably the best time to buy a home in decades,” the Federation of Real Estate Agency's CEO says. Housing sales in Finland began to rise last year, according to the Federation of Real Estate Agency. It said that there were more than 58,000 properties sold in 2025, or around 11 percent more than in 2024. The value of last year's sales was approximately 11.5 billion euros, according to the federation. However, both the number of real estate transactions as well as their value remained clearly below the peak seen in 2021, when more than 85,000 residential properties changed hands. ""Ten years of housing price levels have practically been wiped out in Finland. Consumer confidence has been shaky in recent years. But right now is probably the best time to buy a home in decades. The price level of homes in relation to income levels is very attractive. First-time home buyers in particular should be on the move now,"" the federation's CEO, Tuomas Viljamaa, said in a press release on Monday. According to Viljamaa, the biggest sales bumps were seen in the regions of Northern Ostrobothnia and Uusimaa — with Oulu and the Helsinki area deemed to be ""clear growth areas"". He said that out of all of Finland's largest cities, ""only Jyväskylä saw fewer housing sales than in 2024"". ""The decline in housing prices has leveled off and sales times remained very stable throughout 2025. It is expected that sales times will start to shorten in 2026, at which point prices will also start to rise,"" Viljanmaa said. Meanwhile, sales of newly built properties continued to decline last year. The federation represents more than 3,500 operators in the real estate industry. Yle News' All Points North podcast asked whether now is a time to rent or buy. Listen to the episode via this embedded player, on Yle Areena, via Apple, Spotify or wherever you get your podcasts.",https://yle.fi/a/74-20205151,"[{'label': '4 stars', 'score': 0.354073703289032}]",1
14.1. 09:56,Economy,News,"Immigration has once again been cast as a panacea for Finland's pension system. Immigration could defuse Finland's looming pension bomb, according to Elina Fogelholm, the new head of pension insurance company Veritas. Despite anxiety among young people, Fogelholm told Turun Sanomat that the country's earnings-related pension system is on sound ground. But that sentiment is not universally shared in Finland. A recent study by the Finnish Centre for Pensions found that only 27 percent of under-30s trust the system to deliver for them in old age. Among those over 60, confidence is roughly twice as high, illustrating a generational divide in the country. Fogelholm argued that restoring faith among younger Finns should be a priority. ""Young people can trust that they will receive a pension,"" she told TS. One policy helping buffer the system is migration. More working-age people could not only help carry the system, but also ease pressure on contribution rates, she explained. A USB flash drive containing sensitive patient information from the Covid-19 pandemic was discovered at a flea market, reports Hufvudstadsbladet. Late last year, a laptop bag was sold at a flea market in the Pirkanmaa region. The bag had a USB stick containing official decisions ordering a number of individuals into isolation and quarantine. The 253 decisions were dated from 2020–21, and according to HBL, it's unclear who had handled the USB stick and how it ended up being sold at the flea market. The wellbeing services authority said it will contact all those affected and has since reported the incident to the police. Would you stand in line to buy a mystery box? Across Europe, shops selling undelivered online purchases have been drawing large crowds. In some cities, lines have stretched for hours. Helsingin Sanomat reports that the phenomenon has now arrived at Helsinki's Kamppi shopping centre, where a pop-up shop began selling parcels that never reached their intended recipients. A line snaked for metres outside the store, displaying shelves stocked with unclaimed packages. The business model is simple. Parcels are priced by weight, not by contents, and customers are given ten minutes to inspect and select their prospective purchases before committing.",https://yle.fi/a/74-20204148,"[{'label': '2 stars', 'score': 0.30405691266059875}]",1
7.1. 13:32,Economy,News,"The biggest increases were seen in healthcare-related costs, according to Statistics Finland's preliminary data. Consumer prices rose by 1.8 percent in December 2025, compared to the same period the previous year, according to Statistics Finland. Preliminary data in the Harmonised Index of Consumer Prices suggested that prices increased by 0.4 percent last month, compared to November. The biggest increases were seen in healthcare costs, which saw a 5.9 year-on-year increase in December. Food and non-alcoholic drink prices rose by 2.7 percent, compared to December 2024, but such costs fell slightly compared to last November. Alcohol and tobacco prices went up by 2.3 percent year-on-year, but they did not change compared to November. The Harmonised Index of Consumer Prices is used as a general measure of inflation, according to the number-crunching agency. However, it does not include costs related to ""owner-occupancy, games of chance, interests on consumption and other credits, fire insurance on owner-occupied dwellings, the vehicle tax or fishing and hunting fees"".",https://yle.fi/a/74-20202942,"[{'label': '2 stars', 'score': 0.3460826575756073}]",1
4.1. 11:56,Economy,News,"The win marks the 24th time the lottery's top prize has gone to Finland. A woman from Helsinki won more than 74 million euros in Friday night's Eurojackpot draw, Finnish gambling monopoly Veikkaus said. The Eurojackpot is an international lottery across Europe starting at 10 million euros. Veikkaus confirmed that they had been in contact with the winner, who has chosen to keep her identity private and limit knowledge of the win to a small circle of people. Publicity around major lottery wins can attract unwanted attention. Yle has previously reported on jackpot winners who received large numbers of requests for financial help after their winnings became public. According to Veikkaus, the woman checked her ticket early on Saturday morning after hearing that the main prize had gone to Finland. ""I don't think I fully understand yet how much money I've won,"" she said in a statement released by Veikkaus. ""Maybe it will become clearer once the money is actually in my bank account."" She said the moment she realised she had won was overwhelming. ""I could barely stay in my chair,"" she said, adding that she struggled to sleep afterwards. The winner told Veikkaus that she plans to renovate her home and expects her working life to change. ""I probably won't be working on public holidays anymore,"" she said. Despite the life-changing sum, she said her immediate plans were modest. ""Now I'm going outside to clear snow,"" she added. The win marks the 24th time that the Eurojackpot's top prize has gone to Finland. Gambling remains widespread in the country. A study by the Finnish Institute for Health and Welfare (THL) found that 70 percent of Finns gambled in 2023, most commonly on Veikkaus games. Estimates suggest Finns spent more than one billion euros on gambling in 2024.",https://yle.fi/a/74-20202516,"[{'label': '5 stars', 'score': 0.3476570248603821}]",1
31.1. 14:32,Society,News,"Speaking to Yle on Saturday, Petteri Orpo expressed faith in American democracy. US President Donald Trump has unsettled leaders around the world, notably by threatening to seize Greenland and raising tariffs. Still, speaking to Yle TV1's chat show, Ykkösaamu, Prime Minister Petteri Orpo insisted that Finland's decision to join Nato was unquestionably correct. ""The Nato decision was the only and right choice,"" Orpo said. He expressed confidence that, from Washington's perspective, both Nato and transatlantic cooperation remain so vital that they will not ultimately be jeopardised. When asked whether the United States is sliding towards authoritarianism, Orpo replied, ""through various phases of development and even some crises, democracy has defended itself. I believe it will defend itself now as well."" Orpo visited China this week, meeting President Xi Jinping. According to the prime minister, the accompanying trade delegation was happy, with 11 agreements signed during the trip. ""Major deals were struck,"" he said. He noted, however, that China's efforts to promote peace in Ukraine have been insufficient, citing, among other things, Beijing's energy trade with Russia. Jani Mäkelä, chair of the Finns Party parliamentary group, has called engagement with China problematic because of its authoritarianism. The prime minister stressed that, from the government's perspective, there was no question that the trip was necessary and important. Leaders from Britain and Canada, including Prime Minister Keir Starmer and Prime Minister Mark Carney, have similarly visited China. ""When the invitation came, should it have been declined? In my view, absolutely not,"" Orpo said in response to criticism.",https://yle.fi/a/74-20207597,"[{'label': '2 stars', 'score': 0.26065507531166077}]",1
28.1. 14:20,Society,News,"Some Finnish officials say they were aware of the phenomenon, while others say the recent revelations came as news. Children's Ombudsman Elina Pekkarinen told Yle she is outraged that Finnish society has failed to protect children and young people from being sent abroad to so-called disciplinary institutions in East Africa, where some are chained and abused. ""I think it is horrific, and it makes me angry,"" she told Yle, referring to a recent investigation by investigative programme MOT. The investigation found that some Somali parents living in Finland have sent their children to disciplinary institutions in Somalia. Concerns about the practice are, however, not new. Already in 2010, the Finnish League for Human Rights published a report warning that children were being sent to such facilities. The issue was raised again in 2017 by Pekkarinen's predecessor, Tuomas Kurttila. ""Last summer, the foreign ministry also organised a roundtable discussion on this subject,"" Pekkarinen noted. At the same time, however, the education ministry said it was unaware of the phenomenon. ""We know that children are taken abroad for disciplinary purposes, but we were not aware of such institutions,"" said Education Minister Anders Adlercreutz (SPP). The minister's response surprised Pekkarinen, who said the practice has been known for more than 20 years, adding that ""we haven't done enough for these children."" Schools are usually the first to raise the alarm when a child goes missing, particularly in larger cities. The City of Helsinki has developed specific guidelines to help prevent such cases and to support professionals in responding when a child is at risk. According to Janina Himberg, who helped draft the guidance, teachers have reported pupils disappearing or failing to show up when moving on to the next level of education. Adlercreutz said schools need more information to help them identify at-risk kids. At the moment, there are no figures on how many Finnish children have been sent to institutions of this kind.",https://yle.fi/a/74-20206984,"[{'label': '2 stars', 'score': 0.3459453284740448}]",1
28.1. 12:03,Society,News,"Finland has pledged to raise defence spending to five percent of GDP by 2035. People in Finland are unenthusiastic about paying more tax for military buildup. According to a survey by EVA, a business-backed think-tank, fewer than a quarter of respondents support the idea of a specific defence tax. Almost half oppose it, while roughly a third said they had no clear opinion. Instead, many favour trimming other areas of public spending to finance defence. The poll, conducted by Taloustutkimus, drew responses from more than 2,000 people as part of EVA's regular study of values and attitudes. The margin of error was about two to three percentage points in either direction. Last week, Defence MInister Antti Häkkänen (NCP) asserted that raising the defence budget to five percent of GDP would be difficult, adding that ""it can be done"". Last year, the proportion rose to 2.5 percent, and it is expected to grow to at least three percent by 2029.",https://yle.fi/a/74-20206934,"[{'label': '2 stars', 'score': 0.41283780336380005}]",1
26.1. 15:38,Society,News,"Segregation in Finland has deepened in recent years, particularly in larger urban areas, according to the economic affairs and employment ministry. Finland's Ministry of Economic Affairs and Employment has set up a working group charged with preparing a national programme with an aim to prevent segregation in the country. During its work, the group will identify measures to reduce segregation, according to a ministry press release. The programme is due to be completed by the end of this year, it said. According to Minister of Local and Regional Government Anna‑Kaisa Ikonen (NCP), preventing segregation is key to keeping Finnish cities ""good places to live for everyone"". ""Cooperation between the central government, cities and other partners is key to this work. A national programme to prevent segregation will lay the groundwork for broad and long‑term action that must carry across government terms, Ikonen said in the release. According to the economic affairs and employment ministry, segregation refers to ""growing differences in the population structure of neighbourhoods, where deprivation and advantage increasingly cluster in specific areas"". It said that segregation in Finland has deepened in recent years, particularly in larger urban areas. ""The aim of the programme is to reduce segregation and its negative impacts. It emphasises a comprehensive, knowledge‑based and strategic approach, as well as wide‑ranging cooperation between the central government, cities and other partners,"" the ministry's release read. ""Ahead of the government session on spending limits in spring 2026, it will draw up short‑term measures to combat segregation. The national programme to prevent segregation in the long term must be completed by the end of 2026,"" it explained.",https://yle.fi/a/74-20206481,"[{'label': '4 stars', 'score': 0.3393216133117676}]",1
21.1. 15:40,Society,News,"The country has around 50,500 civil defence shelters that could accommodate about 4.8 million people, according to the interior ministry. Finland's interior ministry on Wednesday issued three new guides of instruction on the maintenance and use of the country's civil defence shelters. Finland has around 50,500 civil defence shelters that could accommodate about 4.8 million people, according to the interior ministry. According to Statistics Finland, the country's population was 5.66 million in November. Responsibility for maintaining the shelters, often found in the cellars of apartment buildings, is up to the owners, which means housing companies or other operators of the property. The ministry said the objectives of boosting the country's resilience to crises, as well as improving preparedness in general, are part of the government programme. The guides are intended to support those owners and operators, according to Pauliina Eskola, Director of Rescue Services, Accident Prevention and International Cooperation. ""Civil defence shelters are an important part of society's resilience and preparedness. Even if shelters do not need to be activated now, they must always be kept in proper condition. Property owners play a role in determining how strong our civil defence system is as a whole,"" Eskola said in a press release. ""In normal conditions, civil defence shelters are used as recreational facilities or storage spaces, for example. Even in everyday use, shelters must be used and serviced in such a way that they remain in working order,"" the ministry explained. It noted that in addition to maintaining the shelters, owners need to ensure that the spaces are regularly inspected, at least every ten years. ""Preparedness is a civic skill: everyone prepares according to their capabilities. Basic knowledge of civil defence shelters, sheltering and preparedness for incidents is useful for everyone,"" Eskola said in the release.",https://yle.fi/a/74-20205668,"[{'label': '4 stars', 'score': 0.3219076991081238}]",1
27.1. 16:32,Working life,News,"Unemployment at the end of last year was at its highest level since 2009. Finland's unemployment continued to rise last month. The unemployment rate trend in December stood at 10.7 percent, up slightly from November's 10.6 percent, according to Statistics Finland. In hard numbers, there were roughly 51,000 more unemployed people in Finland in December than the same month in 2024. It said the unemployment rate trend among people between the ages of 15 and 74 was 10.7 percent. About 2.54 million people in Finland were employed in December, while there were around 277,000 unemployed people. According to the agency, unemployment increased among both men and women. Last month saw 29,000 more unemployed men and 22,000 more unemployed women compared to December 2024. The new figures mean that Finland's unemployment in December was at its highest level since 2009. Pointing out positive aspects of last month's job figures, the agency's chief actuary Tatu Leskinen said ""the number of employed people has remained close to levels seen a year ago"". ""This is also reflected in the data for the last quarter,"" Leskinen said in the release. However, unemployment increased across all age groups. There were around 43,000 unemployed people under the age of 25 who were job hunting in December — or about 6,000 more, year-on-year. At the same time, there were around 88,300 job-seeking unemployed people over the age of 55 — or about 6,400 more. Long-term unemployment was also up by 28,000, with 138,000 people who had been unemployed for at least a year. The agency explained how it measures employment figures. It pointed out that month-to-month employment and unemployment figures can vary quite a bit, and that monthly fluctuations reflect seasonal employment changes, rather than job development trends. ""For that reason, the latest statistical data are compared to the corresponding period of the [previous] year,"" it said in the release.",https://yle.fi/a/74-20206753,"[{'label': '2 stars', 'score': 0.27218931913375854}]",1
17.1. 16:10,Working life,News,"The programme is for aspiring teachers who don't speak Finnish or Swedish. At Jyväskylä University, you can soon become a kindergarten teacher without knowing any Finnish The bilingual programme combines Finnish language studies with early childhood education and is aimed at students who do not speak Finnish or Swedish. Peppi Taalas, the programme's director, said the goal is for students to reach a language proficiency sufficient to work in Finland. Graduates will qualify as early childhood education teachers, with a curriculum equivalent to the Finnish-language teacher training programme. The programme is a bachelor's degree, designed to be completed in three years. In this bachelor's programme, language instruction is integrated into the degree rather than taught through separate courses. According to Taalas, Finnish is learned as part of early childhood studies, including through group work, projects and internships. Finland's early childhood education teachers work in both early childhood education and pre-primary schooling (esikoulu in Finnish). According to Taalas, those employed in pre-primary settings are expected to have near-native proficiency in Finnish. As the programme is new, it remains uncertain how much Finnish students will be able to acquire during their studies. ""The requirements are very demanding, but our ambitions are high,"" Taalas said. The University of Jyväskylä has received 300,000 euros in funding from the ministry of education to develop the programme. One of the stated aims is to support the employment of international students and strengthen their ties to Finland. According to Taalas, the new programme also addresses labour shortages among early childhood education teachers. ""As age cohorts shrink, new ways must be found to attract qualified professionals into early childhood education. This is one such approach,"" she said. Applications to the programme will open in spring 2027, with the first cohort of 25 students beginning their studies in the autumn of that year.",https://yle.fi/a/74-20204904,"[{'label': '4 stars', 'score': 0.4683324694633484}]",1
9.1. 12:21,Working life,News,"One third of respondents to a survey by recruitment firm Barona said they use artificial intelligence at work on a weekly basis. A survey by recruitment and HR firm Barona has found that just 32 percent of people in Finland use artificial intelligence (AI) at work on a weekly basis. Two in five respondents meanwhile said they never use AI tools at work. The poll also found that men were more likely than women to use AI for work tasks, with 36 percent of male respondents saying they use it on a weekly basis — compared to just 27 percent of women. Younger people were also found to be more likely to use AI, but only very slightly, as 35 percent of respondents under the age of 30 said they use AI weekly, while 33 percent of over-60s reported the same. Those who do use AI at work said it is helpful for finding answers to certain questions, producing texts, and solving problems. Overall, nearly half (49%) of respondents said they have a positive attitude toward the use of artificial intelligence in working life. Barona's latest working life survey also found that 34 percent of people in Finland are currently considering changing jobs, down from 38 percent a couple of years ago. The company interviewed a total of 2,052 employed people during November and December 2025 when compiling the research.",https://yle.fi/a/74-20203380,"[{'label': '3 stars', 'score': 0.2862198054790497}]",1
28.12. 16:38,Working life,News,"The coming year will have nine weekday public holidays, one fewer than this year. Workers in Finland can look forward to taking nine extra days off in 2026. The number of weekday holidays varies each year, depending on how holidays fall in the calendar. The total depends on the first weekday of the year and whether it is a leap year. In 2026, which is not a leap year and begins on a Thursday, there will be nine weekday holidays. Independence Day (6 December) and Boxing Day (26 December) will fall on a Sunday and Saturday, respectively. The weekday public holidays are New Year’s Day, Epiphany, Good Friday, Easter Monday, May Day, Ascension Day, Independence Day, Christmas Day and Boxing Day. Easter Sunday, Midsummer Day and All Saints' Day always fall on weekends. The next year to feature ten weekday public holidays will be 2029.",https://yle.fi/a/74-20201640,"[{'label': '3 stars', 'score': 0.3304904103279114}]",1
27.12. 14:16,Working life,News,"Two in five respondents say they are very dissatisfied with the governemnt's economic measures, according to an Uutissuomalainen poll. Two-thirds of Finns said they are dissatisfied with the government's handling of the economy under Prime Minister Petteri Orpo (NCP), according to a poll by news group Uutissuomalainen (USU). Nearly two in five respondents said they are very dissatisfied, while around one in five described themselves as somewhat dissatisfied. Only one in five expressed either strong or moderate approval of the ruling coalition's economic measures. Women who responded to the survey were more critical of the government's performance than men. Four in five women expressed dissatisfaction, compared with just over half of men. Those most satisfied with the government's measures were high earners, retirees, senior executives and solo entrepreneurs. Niku Määttänen, an economics professor at Helsinki University, told USU that the dissatisfaction reflects the government's failure to strengthen the economy through its policies. ""The borrowing continues while the public sector deficit remains substantial. People are likely sceptical about the extent to which the government has succeeded in strengthening public finances,"" Määttänen told USU. The survey, conducted by Tietoykkönen in early December, drew responses from one thousand Finns.",https://yle.fi/a/74-20201577,"[{'label': '2 stars', 'score': 0.4673343300819397}]",1
16.12. 11:05,Working life,News,"The upper income threshold for a single-person household is around 1,500 euros per month. The number of people in Finland living on low incomes grew by nearly 46,000 in 2024, according to Statistics Finland data. On Tuesday it reported that there were more than 782,000 people living in low-income housing units, accounting for 14 percent of the country's housing population. In 2023, the share was nearly a full percentage point lower. The number-crunching agency explained that the low-income rate indicates how much of a population lags behind the average income trend. The agency said the low-income threshold is set at 60 percent of the country's median income level. So, the upper threshold for a single-person household to be considered low-income is approximately 1,500 euros per month.",https://yle.fi/a/74-20199982,"[{'label': '2 stars', 'score': 0.37975040078163147}]",1
4.2. 12:38,Education,News,"The project will start this year and it is set to continue until 2029. Finland is increasing its support of efforts to reform Ukraine's education system, the Finnish foreign affairs ministry has announced. The project, called Learning2gether2, is a 20-million-euro investment in ""Ukraine’s EU approximation, reconstruction and long-term education reform"", the ministry said in a press release on Wednesday. The project will start this year and it is set to continue until 2029. According to the ministry, Ukraine asked Finland for assistance in developing its educational system. ""This project will accelerate Ukraine’s extensive New Ukrainian School reform, with a particular focus on developing general upper secondary education,"" the ministry said. The project's goals include improving learning outcomes, strengthening education of teachers and ensuring ""that high-quality education is available to everyone in Ukraine regardless of their background or where they live"". According to the ministry, Ukraine's educational sector has endured increasing pressure from Russia's ongoing invasion, as well as during the Covid pandemic. ""Making sure that young people have access to education is one way of supporting Ukraine's reconstruction and is an investment in the country’s future. Education builds hope and will boost Ukraine’s productivity and competitiveness,"" Ville Tavio (Finns), the Minister for Foreign Trade and Development, said in the release. Development consulting firm Niras Finland will be responsible for the project's technical assistance requirements, according to the ministry.",https://yle.fi/a/74-20208291,"[{'label': '4 stars', 'score': 0.320002943277359}]",1
14.1. 15:25,Education,News,"Helsingin Sanomat reports that some children born in Finland get streamed into Finnish as a second language, known as S2. Nowadays, even some children and young people born in Finland study Finnish as a second language. Education Minister Anders Adlercreutz (SPP) has drawn attention to the fact that many children born in Finland get streamed into Finnish-as-a-second-language classes. In an interview with Helsingin Sanomat, he said this should not be the case. ""The key question is who is placed in S2 or R2 instruction,"" Adlercreutz said, referring to Finnish or Swedish as a second language instruction. S2 refers to Finnish as a second language, while R2 denotes Swedish as a second language. ""There has been concern that pupils stay on that track even when their skills would allow them to move on to the standard curriculum. That is not in the best interests of children and young people,"" he told the paper. A new national curriculum in the works calls for S2 and R2 pupils to transition at some point into mainstream Finnish or Swedish language instruction. The changes will also define proficiency levels required for these kids to join regular classes. ""S2 and R2 are not primarily intended for children and young people who were born in Finland and have attended Finnish early childhood education,"" Adlercreutz explained. A few years ago, a study sparked much discussion when it observed that some students in S2 classes have a very low level of Finnish skills even after years of learning the language. Yle News' All Points North podcast has reported on troubling evidence that immigrant children are not learning sufficient Finnish to succeed in working life and further education. Listen to the episode via this embedded player, on Yle Areena, via Apple, Spotify or wherever you get your podcasts.",https://yle.fi/a/74-20204256,"[{'label': '4 stars', 'score': 0.2669336497783661}]",1
13.1. 11:40,Education,News,"Can Donald Duck save Finnish  kids' literacy? This year, over 5,500 third graders in Helsinki will receive a free subscription to Aku Ankka (Donald Duck), Finland's long-running weekly comic book. Last year, Aku Ankka, which has been wildly popular in Finland, celebrated its 75th anniversary. The weekly comics will be delivered to homes for three months, either between February and April or June and August, according to the city. The gift subscription is part of a research project led by the University of Jyväskylä that examines how regular access to printed reading material at home affects children's motivation to read. Literacy and enthusiasm for reading among children and adolescents in Finland have declined. Many homes no longer have printed material on hand, such as books or magazines. ""Literacy is slipping, hardly surprising given that the time spent reading has halved over the past two decades,"" said Minna Torppa, a professor at the University of Jyväskylä. ""Maintaining strong literacy requires finding time to read and fostering a love of books."" The study, funded by the Academy of Finland, involves both the city of Helsinki and participating families, with reading skills assessed before and after the trial. Parents are also offered guidance on how to encourage reading at home. Research shows that illustrated stories appeal especially to boys and can spark reading motivation in children who otherwise read little. A pilot trial last spring suggested that sending comics home may help cultivate both the habit and the desire to read. Helsinki aims to strengthen literacy among its youth, in line with its 2025–29 city strategy, which includes increasing weekly instruction in Finnish language and literature and promoting reading during the school day.",https://yle.fi/a/74-20203955,"[{'label': '2 stars', 'score': 0.27988019585609436}]",1
8.1. 13:40,Education,News,"Interest in Russian as a school elective has collapsed in Lappeenranta. Interest in Russian language studies has plummeted in Lappeenranta's schools since Russia invaded Ukraine nearly four years ago. As recently as 2018, half of pupils opting for an optional foreign language chose Russian. However, by last year that share had fallen to just 9 percent. ""I hope that Russian will continue to be studied in Lappeenranta. Russia is not going to stop being our neighbour,"" said Heidi Laari, who heads education for the city. Lappeenranta is some 26 kilometres from the Russian border, and Russian has traditionally been widely studied in the city. In the autumn of 2014, for example, ten groups of fourth-grade pupils began learning the language. By 2023, no new groups were formed, and none have been established since. Researchers have already taken note of dwindling Russian language skills in Finland, noting that this erosion could create problems in the future. But it is not only Russian that is losing ground. Interest in languages overall is waning. The uptake of optional foreign languages has declined in Lappeenranta in recent years. In 2022, 42 percent of elementary pupils started an elective language. But by 2024 the figure had slipped to 39 percent, and last year to just 31 percent.",https://yle.fi/a/74-20203171,"[{'label': '2 stars', 'score': 0.5010170340538025}]",1
18.12. 16:06,Education,News,"The government is moving to put income requirements for foreign students into law. Prime Minister Petteri Orpo's (NCP) government has decided that the minimum income required of foreign students from outside the EU will in the future be set out in law. Speaking at a media briefing on Thursday, the Minister of Employment, Matias Marttinen (NCP), said the government was responding to problems faced by international students. Under the plans, family reunification would be subject to a one-year waiting period. The government is also examining whether to ban unofficial education agents, allowing students to use only agents that have formal agreements with universities. The move follows an Yle investigation showing how third-party agents spread false and misleading information to prospective fee-paying students about life in Finland. Yle's investigative unit MOT uncovered evidence that agents tell students they can easily find work and earn a living wage — even without any Finnish language skills. The reality is quite different, as Finland grapples with an unemployment crisis that is especially difficult for foreign nationals. The misinformation spread by the agents, therefore, has serious consequences, with many of the students who move to Finland with dreams of a better life finding themselves in abject poverty, relying on handouts to survive.",https://yle.fi/a/74-20200602,"[{'label': '2 stars', 'score': 0.2878085970878601}]",1
12.12. 11:03,Education,News,"Fewer students who pass the matriculation examination find places to continue their studies right away. Students across Finland will be celebrating their high school graduations this weekend after completing their upper secondary education during the autumn term – but fewer young people who pass their matriculation exams are able to land study berths right away. That's according to a report released on Friday by the national statistics office. According to Statistics Finland, some 26,000 students passed matriculation examinations in the spring of 2024. Of these, 77 percent immediately applied for further studies, but only one in three were able to continue their education immediately. The proportion of men who were admitted to further education fell by two percentage points from the previous year, while the rate remained about the same for women. Some students do not necessarily accept offers of study places. One fifth of new graduates continued in university education, with 11 percent going on to polytechnic education and one percent to further vocational training. However, even for those who do not land a study berth right away, the situation is far from hopeless. According to the statistics bureau, 79 percent of students who graduated in 2021 obtained a study place either in Finland or abroad within three years. But only 22 percent of those attained initial vocational qualifications in 2021 were studying three years after graduation. Applications for university education have increased significantly over the past 15 years. Last year, the proportion of new graduates who applied to universities was 16 percentage points higher than in 2010. On the other hand, the proportion of those who applied only to universities of applied sciences has almost halved in the same period.",https://yle.fi/a/74-20199372,"[{'label': '2 stars', 'score': 0.39795753359794617}]",1
19.11. 15:18,Education,News,"The programme will initially admit 20 students, who will study Finnish as a second language. A new upper-secondary programme taught entirely in English will begin in Tampere next August, driven in part by the city's growing foreign-language population. Mari Aalto, director of upper secondary education for the city, said the new programme is intended for young people whose Finnish or Swedish skills are not strong enough for mainstream high school (lukio) studies. ""Applicants are mainly from families whose parents have moved to the region for work,"" she told Yle. Tampere had around 29,500 residents with a foreign mother tongue at the end of 2024, an increase of nearly 3,000 from the year before, according to Statistics Finland. Students will be required to study Finnish as a second language and sit a Finnish test as part of the matriculation examination. Tampereen lyseon high school has long offered an English-language international baccalaureate track, but IB students complete an international qualification, different from the Finnish system. In addition to Tampere, English-language upper-secondary instruction is also available in Jyväskylä, Helsinki, Oulu and Pori. The Ministry of Education and Culture granted licences to a total of six schools. The reform follows the government's decision to develop the Finnish matriculation examination so that it can in future be completed in English. According to Aalto, the new track in Tampere will admit 20 students. ""Time will tell whether there are enough spots,"" she said. The All Points North podcast covered the post-16 gap in educational provision in English. Listen to the episode via this embedded player, on Yle Areena, via Apple, Spotify or wherever you get your podcasts.",https://yle.fi/a/74-20194994,"[{'label': '4 stars', 'score': 0.4077320098876953}]",1
5.11. 11:23,Education,News,"Student loans typically stood at around 5,000 euros in 2010-11, according to the Social Insurance Institution of Finland, Kela. The average amount of university-level student loans among people carrying student debt has more than doubled since the beginning of the 2010s, according to Kela, the Social Insurance Institution of Finland. According to the agency, the average level of student loans in the 2010-11 academic year stood at around 5,000 euros, while in 2024-25 the average loan amount was 12,700 euros. Heta Moustgaard, a senior researcher at Kela, said in a press release that students are taking out more loans than they used to, while student grants don't have the purchasing power they once had. As a result, she said that students seem to be increasingly relying on loans rather than grants or student benefits. Last year, around two-thirds of university graduates had student loans at the end of their final semester. According to the benefits agency, the number of student loans increased every year from 2014 until 2022, but in 2023 the figure began to decline. The following year saw a one-percent decrease in student loans compared to 2023. Finnish universities of applied sciences and universities do not generally charge tuition fees for studies toward a degree in Finnish or Swedish, or for students from within the EU/EEA area and Switzerland.",https://yle.fi/a/74-20192279,"[{'label': '2 stars', 'score': 0.4017057418823242}]",1
28.10. 16:53,Education,News,"The National Agency for Education presented graduate employment statistics on Tuesday. The number of people coming from abroad to attend higher education institutions in Finland has steadily increased — but they do not land specialist jobs as often as their Finnish counterparts. The Finnish National Agency for Education (EDUFI) presented graduate employment data to members of the media on Tuesday. The latest statistics track the employment situation of people who finished their studies in 2020, three years after graduation. Foreign graduates who studied outside of the Uusimaa region — home to the Greater Helsinki area — often moved there after their studies.",https://yle.fi/a/74-20190924,"[{'label': '4 stars', 'score': 0.3157816529273987}]",1
25.10. 16:53,Education,News,"A significant number of pupils in a Porvoo middle school were unable to read analogue clocks, according to Helsingin Sanomat. A significant number of lower secondary students (grades 7-9) at the Albert Edelfeltin school in Porvoo are unable to read an analogue clock, even at the level expected of second graders. This was reported by Helsingin Sanomat, which wrote that many teenagers were unable to complete clock-reading exercises designed for second graders. The newspaper interviewed Ripsa Heiskanen, a math, physics and chemistry teacher at the school. Heiskanen became suspicious when she noticed her pupils kept asking how long it was until the next break, even though every classroom in the school is equipped with an analogue wall clock. She decided to check her students' time-reading skills. Heiskanen gave her eighth grade students a pop quiz asking them to tell the time by looking at the hands on an analogue clock face. They were also asked to draw the positions of the hands to show different times. The results showed that in each quizzed group, around five teens could only tell time when the hands pointed to whole hours. There is no single reason why lower secondary students struggle to tell time. According to Ripsa Heiskanen, even some pupils without learning difficulties were unable to read an analogue clock. She told HS that the growing influence of English among young people may be confusing their understanding of how time is expressed in Finnish and Swedish.",https://yle.fi/a/74-20190394,"[{'label': '2 stars', 'score': 0.2967444658279419}]",1
10.10. 15:53,Education,News,"The government wants students from non-EU countries to pay for their education in Finland. The Ministry of Education has announced that Finland will introduce tuition fees for upper secondary students from outside the EU. In practice, the state will stop paying municipalities to take in upper secondary students from outside the EEA, which means such students will have to start paying tuition fees. Once implemented, non-EU students will be required to pay in order to attend general upper secondary as well as vocational schools. The news comes as a blow to many small rural high schools in northern and eastern Finland that have relied on foreign students to stay open. One of them is Savukoski Upper Secondary School in eastern Lapland. It currently has 22 students, 14 of whom are from abroad, including Russia, Myanmar and Vietnam. Many of these students have arrived through a former Rovio executive's Finest Future initiative, which has drawn its fair share of criticism over the years. The tuition fee will apply to new students starting next year, while those who have already begun their studies in Finland will be allowed to complete them free of charge up to graduation. The tuition fee proposal will exempt non-EU nationals who are permanent residents of the EEA, as well as exchange students participating in established programmes. Individuals granted temporary protection will also be exempt. Ending state subsidies for foreign students would save the government around two million euros. The proposal is linked to the government’s 2026 budget plan and is scheduled for consideration alongside it. The legislative changes are set to take effect on 1 August 2026.",https://yle.fi/a/74-20187777,"[{'label': '4 stars', 'score': 0.28227901458740234}]",1
9.10. 11:49,Education,News,"The government wants to introduce a three-year residence requirement for both parents as a condition for receiving Kela's child home care allowance. Prime Minister Petteri Orpo's (NCP) government is looking to tighten eligibility for parents to receive benefits for caring for their young children at home. The Ministry of Social Affairs and Health has opened consultations on amendments to the Child Home Care Allowance Act. The aim is to link eligibility to a mandated period of residence. Under the proposal, families would qualify for the allowance only after both parents — or, in single-parent households, the resident parent — have lived in Finland for at least three years. For children not attending daycare, the allowance for one child under the age of three is 377.68 euros per month. Some municipalities also offer an additional municipal supplement on top of the basic allowance. The reform, modelled on Norway's system, would apply only to families moving to Finland after the law takes effect. The government argues the move will boost participation in early childhood education, encourage immigrant parents to integrate more quickly into Finnish society, and draw more parents into the workforce. Comments on the draft are due by 20 November, with the measure to be considered alongside the 2026 supplementary budget.",https://yle.fi/a/74-20187503,"[{'label': '4 stars', 'score': 0.3117205500602722}]",1
25.9. 11:18,Education,News,"The problem is most acute in southern parts of the country. Regional administrative agencies have identified significant gaps in staff qualifications at private daycare centres. This past spring, the state agencies sent a survey to 112 municipalities offering private early childhood education, collecting data from 899 daycares on the number and credentials of directors, teachers, social educators and childcare assistants. The survey found that roughly 35 percent of staff at private daycares lacked the legally required qualifications. The situation was particularly poor in southern Finland. Among teachers, as many as 45 percent did not meet legal standards, and 20 daycares were operating entirely without staff meeting qualification requirements. The All Points North podcast recently ventured into the woods to explore a publicly run forest daycare. Listen to the episode via this embedded player, on Yle Areena, via Apple, Spotify or wherever you get your podcasts.",https://yle.fi/a/74-20184952,"[{'label': '2 stars', 'score': 0.47728151082992554}]",1
3.2. 10:39,Crime,News,"The case came to authorities’ attention when a foreign woman sought refuge in a shop in Oulu. Two men were formally placed under arrest on Tuesday. Four foreign nationals attempted to illegally cross the border from Finland to Russia near Imatra on Friday. The Southeast Finland Border Guard detained the group after being alerted to the attempted illegal crossing by a technical surveillance device near the border fence. The detainees are suspected of state border crimes, among other offences. During the preliminary investigation, it emerged that the individuals were connected to a suspected human trafficking and procurement case uncovered by the police in the northern city of Oulu the day before. On Tuesday, two Romanian men born in the 1980s were remanded in custody on suspicion of aggravated human trafficking. A woman in her 20s is also suspected of aiding and abetting aggravated human trafficking. She has been placed under a travel ban. In addition to human trafficking, they are suspected of pimping three women in Oulu and Helsinki in January. The case came to authorities’ attention on Thursday, when a foreign woman sought refuge in a shop in central Oulu and asked for help. She told police that she had been forced to sell sex in an Oulu apartment. That evening, police detained one person during an operation on Rautatienkatu in the city centre. The four others were taken into custody as they tried to leave the country the following morning. According to the police, all those involved are foreign nationals. An interpreter has been required during interrogations, which is slowing down the investigation, they added. 5.02pm: Updated with remand decisions, other details.",https://yle.fi/a/74-20207984,"[{'label': '4 stars', 'score': 0.2538883686065674}]",1
30.1. 15:20,Crime,News,"Police received around 44,600 reports of assaults in 2025, reflecting a seven-percent increase over the previous year. Police in Finland received more reports of assaults than ever last year. According to Statistics Finland, around 44,600 assault reports were made in 2025, reflecting a seven-percent increase over the previous year. Compared to figures in 2020, assault reports have increased by nearly one-third, according to the agency's senior statistician, Kimmo Haapakangas. Last year's increase in assaults occurred in private homes as well as in public places, Haapakangas explained in a press release. Assaults in homes rose by more than one-fifth, year-on-year, while the number of assaults in public places rose by nearly 45 percent, he said. ""In contrast, assault reports from restaurants [bars] have been on a downward trend for the past few years,"" he said in the release. ""A total of 423 homicides, murders or attempted homicides were recorded [last year]. This figure is also a new record,"" Haapakangas said. Shoplifting reports also continued to increase in 2025, with a total of around 76,500 shoplifting cases reported to police, a roughly 20-percent increase over the previous year. Reports of pickpocketing and other forms of theft have clearly been on the rise since 2022, but the situation heavily depends on the region in question. For example, compared to 2023, shoplifting cases in the Helsinki area have increased by more than 80 percent. But in Oulu, reported shoplifting has decreased by nearly a quarter since 2023. Shoplifting reports in Helsinki accounted for nearly 30 percent of all such cases across the country.",https://yle.fi/a/74-20207446,"[{'label': '2 stars', 'score': 0.23131540417671204}]",1
23.1. 15:06,Crime,News,"Police suspect the 80-year-old had been living in the windowless cellar for 20 years. Police in Helsinki have opened a human trafficking investigation after finding an 80-year-old man living under inhumane conditions in the basement of a house in the city. After receiving a tip from a member of the public, officers searched the property, a detached house in North Helsinki, on Monday. Police said the man was found in poor physical condition and needing assistance, noting that he had been living in a windowless room with no washing, toilet or food preparation facilities. According to police, he may have been living in the basement for 20 years. Police temporarily detained two men and a woman suspected of involvement in the case. The suspects are around 60 years old and live in Helsinki, but have since been released. ""The suspects are not relatives of the victim, but they have known each other for a long time,"" lead investigator, detective inspector Jari Korkalainen said. Among other leads, police are investigating whether others who lived in the house had committed human trafficking crimes by taking advantage of the victim's vulnerability. ""We're looking into relationships between the people living in the house and other individuals, how the [victim] ended up there, and how he could have lived in such poor conditions for so long,"" Korkalainen said. Police are also investigating whether the perpetrators had carried out the crimes for financial gain. According to Korkalainen, the victim voluntarily moved into the house more than 20 years ago, but his health has since deteriorated. He said that the victim is in quite good condition now and receiving necessary care.",https://yle.fi/a/74-20206116,"[{'label': '4 stars', 'score': 0.2700647711753845}]",1
23.1. 12:41,Crime,News,"According to local news reports, two Finnish adults have been taken into police custody but their relationship with the child has not yet been officially confirmed. Authorities in Thailand, working alongside the Finnish embassy, have taken an 11-year-old Finnish girl into care in the country's Sa Kaeo province. According to a report by the Khaosod newspaper, the child contacted authorities asking for help, alleging that she had been held captive and tortured. The article states that she was held in the village of Watthana Nakhon, in the east of the country. Yle understands that the girl is currently in the care of Thai authorities but will soon be transferred to the protection of the Finnish Embassy. A spokesperson for the Finnish Ministry for Foreign Affairs told Yle that the ministry is aware of a consular case involving a child in Thailand, but declined to comment further, citing privacy concerns. Reports in Thai media suggest that a preliminary investigation into the girl's claims has uncovered evidence that two Finnish adults had overstayed their visa periods in Thailand by more than two years. According to the reports, they were both taken into police custody. The relationship between the two adults and the girl has not been officially confirmed, but Finnish media has reported they are a 55-year-old man and a 47-year-old woman. The man is understood to have an extensive criminal history in Finland, including for financial crimes. Yle has not yet been able to independently verify the information reported by Thai media outlets.",https://yle.fi/a/74-20206086,"[{'label': '2 stars', 'score': 0.25510117411613464}]",1
22.1. 15:50,Crime,News,"Police believe the woman's partner was involved in her death, but the case has been discontinued due to a lack of evidence. An investigation into the death of a woman who fell from a fifth-floor balcony in the Hietalahti district last September of Helsinki will not proceed any further due to a lack of evidence. Police suspect that a 59-year-old man may have been involved in the death of the woman, who was in her early 50s. He was remanded into custody shortly after the woman's death. According to Yle's information at the time, the suspect and the woman lived together in the apartment. ""The case remains open. From the beginning, I have said that neither the possibility of an accident nor a crime can be ruled out,"" Helsinki police department's lead investigator Juha Piippo said. Despite an extensive preliminary investigation, Piippo conceded that there is not enough evidence to take the case to court. There were no eyewitnesses and no surveillance camera footage to give investigators an insight into what may have occurred, he added. ""Of course, if something new were ever to emerge that would suggest a crime has taken place, a new investigation would certainly be opened,"" Piippo noted. According to Yle's sources, the suspect has a lengthy criminal history, including a firearms offence, drunken boating and welfare fraud. He was also banned from contacting a former spouse in a domestic violence-related restraining order issued about 20 years ago.",https://yle.fi/a/74-20205915,"[{'label': '2 stars', 'score': 0.35533407330513}]",1
17.1. 17:00,Crime,News,"The British broadcaster calls the data breach a reflection of the times. The BBC has published a podcast series on Aleksanteri Kivimäki, who was convicted in connection with the Vastaamo hack. The six-part series delves into Kivimäki's story and the experiences of the victims of the Vastaamo data breach. The podcast is titled Ransom Man, Kivimäki's alias when he hacked the records of more than 33,000 patients and extorted money from psychotherapy centre Vastaamo and its clients. The podcast also shares the experiences of Meri-Tuuli Auer, one of the victims of the data breach. In a BBC interview, Auer said her patient records were hacked and threatened with public exposure. She was extorted to pay 200 euros within 24 hours, or the amount would rise to 500 euros. Jenny Kleeman, who hosts the podcast, described the Vastaamo data breach as one of Finland's largest crimes, but also as a broader reflection of the times. A district court sentenced Kivimäki to six years and three months in prison for the Vastaamo data breach. Kivimäki has appealed, seeking the dismissal of all charges. Prosecutors are calling for his sentence to be increased to seven years, the maximum penalty for the crimes he is accused of. An appeals court aims to deliver its ruling on Kivimäki's case by the end of February.",https://yle.fi/a/74-20204930,"[{'label': '4 stars', 'score': 0.3554527461528778}]",1
16.1. 12:31,Crime,News,"The men said curiosity brought them to the area, according to the Finnish Border Guard. The Finnish Border Guard suspects three young German men of illegally crossing the border on snowshoes into Russia, after catching the tourists as they made their way back to Finland on Wednesday evening. The suspected illegal crossing took place in Paljakka, Kuusamo. There was no border fence in place at the crossing site, according to Finnish authorities. A patrol of the Kainuu Border Guard District caught up with the snowshoeing tourists immediately after they returned, the agency said. According to the Border Guard, the young men admitted to crossing the border, but explained that curiosity brought them to the area. Their stay on the other side of the eastern border was brief, they said. The Kainuu Border Guard District's company commander, Captain Juha Romppainen, said that the trio knew that entering the border zone was prohibited. According to Romppainen, the case will soon proceed to the prosecutor for consideration of criminal charges, and that the tourists would be charged before they depart Finland, if the prosecutor decides to do so. The Kainuu region Border Guard has also been in contact with their Russian counterparts at the Kaleva region border guard about the incident. The Finnish Border Guard reported another illegal crossing incident it said occurred early on Thursday morning in Imatra, an eastern border town in South Karelia. According to the Border Guard, the suspected crossing, involving a Finnish citizen, was detected by Finland's frontier surveillance system. Russian authorities have been notified about the incident, according to the agency. An investigation by Finland's Southeast Border Guard District into the matter is to continue, it said. Finland closed its entire eastern border to passenger traffic in December 2023 — amid suspicions that Russia was purposely pushing migrants to the checkpoints to put pressure on Finnish authorities. Edited at 12:43 on 16 January 2026 to change photo.",https://yle.fi/a/74-20204730,"[{'label': '2 stars', 'score': 0.24349431693553925}]",1
7.1. 11:01,Crime,News,"The study also found that business leaders found guilty of financial crimes were more likely to have a spouse who has committed similar crimes. Top-level business executives are significantly more likely to commit financial crimes if their parents had been suspected or convicted of similar crimes, according to a new study from the University of Oulu's Business School. It found the correlation was particularly strong when an executive's parents were convicted and imprisoned. However, the study did not examine such correlations among family-run businesses. The study also found that business leaders found guilty of financial crimes were more likely to have a spouse who has committed similar crimes — and the likelihood of such crimes being committed increases the longer the couples have been together. It also revealed experiential links, as executives who lived in areas where the incidence of financial crimes were above average were also more likely to commit such crimes themselves. The study — Family matters: Exploring the link between parental and executive financial misconduct — was published in the Journal of Accounting Research. It examined the financial crime convictions of CEOs and board members at limited liability companies. The researchers examined data of nearly 76,000 chief executives and board members found in Statistics Finland databases from 1995 to 2019. The crimes committed by the executives and board members included accounting, tax and other financial law violations. According to Oulu University's Professor of Accounting Juha-Pekka Kallunki, the study's results showed that behaviour plays a key role in financial crimes, even at the very top management level. ""The finding highlights the importance of 'unlearning' such behavior in the fight against financial crime,"" he said in a press release. According to Kallunki, the study's research is important because even a single financial crime can have widespread effects. ""Financial crime committed by a company's top manager often leads to losses of jobs, tax revenue and capital investments, and affects a large number of people,"" he said.",https://yle.fi/a/74-20202892,"[{'label': '4 stars', 'score': 0.3381069600582123}]",1
5.1. 16:45,Crime,News,"The family included seven children as well as a father and a mother, who was expecting an eighth child, when they disappeared in May 2024. Finnish authorities are still searching for a family of 10 from Ostrobothnia who vanished after the parents removed their children from a child protection unit in April 2024. Last summer, Finland issued a European arrest warrant for the family's parents, Tommy and Karoliina Karf, after issuing a public appeal for help in finding them. The family's members included seven children — born between 2007 and 2021 — as well a father and a mother, who was expecting an eighth child, when they disappeared in May 2024. According to Tony Rauma, the case's lead investigator at the Ostrobothnian Police Department, the probe has led to cooperation with some international bodies. However, he did not specify which ones. Police suspect that because the family's youngest member was born after the family disappeared, the child would not have received a personal identification number, which would make it difficult for the family to travel across national borders. However, within the Schengen area, ID checks are only carried out in exceptional circumstances. The police received hundreds of tips from the public last summer that helped investigators somewhat, including tracking down a car that the family had used. However, according to Rauma, the number of new tips and information coming in has dwindled. ""We get tips occasionally, but nothing significant,"" Rauma explained.",https://yle.fi/a/74-20202685,"[{'label': '4 stars', 'score': 0.3095949590206146}]",1
17.12. 16:44,Crime,News,"The victims seem to have been selected at random, and in some cases they were seriously injured in the violent attacks, according to police. Helsinki police on Wednesday announced that around 40 teens and young adults are suspected of carrying out a number of gang robberies and assaults in the city during the autumn. In most of the cases, police suspect that one or two of the youths befriend a potential target, after which a large group of other youths surround and then assault and rob the victim. According to police, the victims seem to have been selected at random, and in some cases, they were seriously injured in the violent attacks. Some victims also faced humiliation, police said, for example, being forced to take off their clothes. The suspects were aged between 14 and 18 when they carried out the crimes, while the victims were as old as 20. The suspected crimes occurred between August and November of this year. According to police, the suspects mainly have immigrant backgrounds. In particular, the suspected crimes have taken place in the capital's districts of Alppila, Malmi, Oulunkylä and Mustikkamaa, according to authorities. Police have investigated the incidents as aggravated robbery and aggravated assault.",https://yle.fi/a/74-20200368,"[{'label': '2 stars', 'score': 0.3092736303806305}]",1
16.12. 12:58,Crime,News,"The police investigation involves up to 900 young victims. Police in Central Finland suspect a 27-year-old Finnish man of sexually abusing over 360 boys. He is suspected of 265 counts of aggravated sexual abuse of a child, 98 counts of sexual abuse of a child, and one count of distributing an indecent image. The man allegedly posed as a woman on the messaging app Snapchat and asked boys for photos and videos. The victims are reported to have been between 9 and 15 years old at the time, with the alleged crimes occurring between 2019 and 2022. Police estimate that the investigation may involve up to 900 victims, of whom more than 360 have been identified and interviewed. Police said investigators discovered tens of thousands of photos and videos depicting sexual activity involving children and teenagers during their probe. Investigators told Yle that most of the children and teenagers believed that the photos and videos would simply disappear automatically from Snapchat within 24 hours. The victims come from across Finland, spanning from Lapland to Helsinki. Identifying the victims took two years. The suspect, who has admitted to ""some crimes,"" also has a prior conviction for sexual offences against minors.",https://yle.fi/a/74-20200021,"[{'label': '2 stars', 'score': 0.2953616976737976}]",1
15.12. 10:44,Technology,News,"Meanwhile, around 70 percent of young adults said they had nvever bought items from online shops outside the EU, a new survey has found. Single parents and the elderly use foreign shopping platforms like China-based Temu and Shein the most in Finland, according to a survey by the Consumers Union of Finland. At the same time, the survey found younger consumers less enthusiastic about shopping outside the EU. Out of around 1,000 respondents, 31 percent reported having ordered items from general merchandiser Temu, while nine percent said they have shopped at the similar AliExpress and four percent at the fast fashion giant Shein. Shopping at Temu or Shein is more common in single-parent households. For example, 46 percent of homes with an adult and at least one child had shopped at Temu. The corresponding proportion in two-parent households was 33 percent, according to the survey. Some 36 percent of respondents over the age of 65 said they had ordered products from Temu. Last year, a survey found that Temu was the most popular online shopping choice among people in Finland over the age of 50. Twenty-four percent of respondents between the ages of 18 and 35 said they had shopped at Temu, while 70 percent of that demographic said they had never bought items from online stores outside the EU. Both men and women were found to be equally represented among Temu customers in Finland. The vast majority, 85 percent, of respondents said they think that non-EU shopping platforms should have the same responsibilities as their European counterparts. The Consumers' Union noted that using shops operating outside the EU can often carry risks. The union-commissioned survey was carried out by data analytics firm Aula Research in September.",https://yle.fi/a/74-20199760,"[{'label': '2 stars', 'score': 0.37591618299484253}]",1
26.11. 16:20,Technology,News,"The process involves capturing carbon dioxide generated by waste-to-energy plants — and then storing it permanently. Energy company Vantaan Energia and the Port of Helsinki have announced they are working on Finland's first industrial-scale carbon dioxide capture and storage project. According to the company, the joint effort will help to significantly reduce emissions and ""create a value chain in Finland that enables new business"". The carbon capture and storage (CCS) process involves capturing carbon dioxide generated by the thermal treatment of waste and then storing it permanently. ""The project is taking a big leap forward, as now there is agreement that the liquefaction, intermediate storage and shipping of carbon dioxide will take place at Vuosaari Harbour,"" Vantaan Energia's press release announced, referring to Eastern Helsinki's busy shipping harbour. ""Carbon dioxide will be captured at Vantaan Energia's waste-to-energy plant and transported to the port to await shipment. At the port, the carbon dioxide will be liquefied and bunkered onto a ship designed to withstand high pressures and low temperatures,"" it explained. The company said the carbon dioxide would be taken to the North Sea, for example, for permanent storage in geological formations. It noted that the project will require ""extensive funding"" from Finland and the EU. The energy firm is majority-owned by the City of Vantaa. ""We are very pleased with the cooperation and the site at the Port of Helsinki. The project would not be possible without partners and support. The undisputed advantage of Vuosaari Harbour is its central location,"" said Kalle Patomeri, Vantaan Energia's SVP of circular economy business. ""Vuosaari Harbour has excellent road and rail connections and is only six kilometers from Vantaan Energia's waste-to-energy plant,"" his statement in the release continued.",https://yle.fi/a/74-20196356,"[{'label': '4 stars', 'score': 0.36462345719337463}]",1
20.11. 13:53,Technology,News,"The Finnish tech giant is setting up a unit for solutions aimed at the defence industry. Finnish network company Nokia has announced a new collaboration to develop defence solutions based on artificial intelligence (AI). Nokia and another Finnish firm, NestAI, announced a strategic partnership on Thursday. NestAI develops AI for unmanned vehicles as well as for command and control systems in the security and defence sectors. ""By combining Nokia’s expertise in secure advanced connectivity with NestAI’s pioneering platforms, we are accelerating the development of next-generation capabilities for defence and national safety. This investment reflects our shared ambition to shape the future of AI-driven solutions,"" Nokia CEO Justin Hotard said in a press release. NestAI has completed a 100-million-euro funding round, in which Nokia and the Finnish state-owned private equity firm Tesi participated. NestAI is backed by PostScriptum, chaired by Aalto University Professor Peter Sarlin. He’s the former CEO of Silo AI, which was bought by the US semiconductor company AMD for 615 million euros last year, making him one of Finland’s richest people. ""NestAI was founded to deliver mission-critical physical AI capabilities at scale and to safeguard Europe’s sovereignty,"" Sarlin said in Thursday’s press release. Nokia announced a day earlier that it would establish a separate Nokia Defence unit for solutions aimed at the defence industry. Late last month, the Finnish Defence Forces said it would accelerate its AI development in partnership with NestAI. Also in late October, US chip giant Nvidia said it would invest a billion dollars in acquiring a nearly three-percent stake in Nokia as part of a deal focused on developing AI and data centres. On Thursday, Nvidia reported stronger-than-expected revenues. They leapt by 62 percent in the third quarter, driven by demand for chips used in AI data centres, the BBC reported.",https://yle.fi/a/74-20195209,"[{'label': '4 stars', 'score': 0.28351491689682007}]",1
17.11. 13:13,Technology,News,"More than half of respondents said they use AI weekly, but only slightly more than a third of those said they received training or instruction from their employers about using it. More than four-fifths of IT professionals in Finland said they are concerned about the accuracy of the information provided by artificial intelligence (AI), according to a survey. The poll was commissioned by global tech firm HP, and received responses from just over 1,000 IT professionals across various sectors in Finland. It found a quarter of respondents saying they already use AI in their work, although the majority said they do so independently and without the support of their employers. More than half of the IT professionals said they use AI on a weekly basis, but only slightly more than a third of those said they received training or instruction from their employers about using it. The majority said their AI skills were self-taught. Many of the respondents said they see AI as a time saving tool that boosts their efficiency and quality of work. At the same time, they said uncertainty about AI's reliability and security was holding back its more widespread use. Nearly half of the IT professionals said they would like to use AI more in their work than they do. AI is no longer a promise of the future, but rather ""a tool of today"", according to HP's country manager in Finland, Vesa Jukonen. ""The employees are already prepared, but management and guidance [about the technology] have not kept up the pace,"" Jukonen said in a press release. According to HP, the use of AI in Finland is still superficial, as it is mainly used in text editing, information searches and idea generation. However, there is less use of the tech in analytic and decision making work, it said. While more than four-fifths of the respondents voiced concern about the reliability of the information provided by AI, around the same proportion said they are also concerned about the IT security risks related with use of the technology. HP's survey was carried out by research firm Verian in September.",https://yle.fi/a/74-20194520,"[{'label': '2 stars', 'score': 0.28689318895339966}]",1
13.11. 10:40,Technology,News,"A safety driver will be on board when the service starts next week, but the operator plans to switch to a totally driverless service next spring. A driverless electric-powered bus will begin picking up fare-paying passengers in Tampere from Monday of next week, in a first for Finnish public transport. The service will run between the Hervantajärvi and Lintuhytti neighbourhoods from 17 November, with the line serving as a connecting route to the city's trams. Autonomous buses have been seen on the streets of Tampere before, but only as part of a pilot project. The service launching next Monday will charge passengers a fare. According to Tampere's transport authority Nysse, a safety driver will be on board the robot bus when the service starts. The bus will become fully driverless in the spring, with its operation monitored from a remote control centre, the authority said in a statement. The high-tech bus was developed by a firm called Remoted. Its CEO, Tatu Nieminen, confirmed to Yle that the Hervantajärvi-Lintuhytti route will be Finland's first commercial robot bus service. ""This requires us, among other things, to obtain operating permits and to meet the commercial service requirements set by Nysse,"" Nieminen said. According to Nysse, the robot bus will run on weekdays between 6am and 11pm, and on weekends between 9am and 10pm. The bus will also take a charging break in the middle of every day, which will last about an hour. The schedules and route can be found from Nysse’s route planner. In addition to the robot bus, a small bus — driven by a human — will be available during disruptions or when the robot bus is charging.",https://yle.fi/a/74-20193850,"[{'label': '2 stars', 'score': 0.26965010166168213}]",1
14.10. 17:05,Technology,News,"Oura CEO Tom Hale tells Yle that half of its activity ring sales were made in the past year, and that its profit margins are growing. Finnish wearables company Oura has raised around 900 million US dollars (€776m) in its latest financing round. That helped to roughly double the firm's valuation to about 11 billion dollars. As recently as last December, the company's valuation stood at around 5.2 billion dollars. In total Oura has sold about 5.5 million of its health tracking rings. Among other things, the company's smart rings track a wearer's pulse, physical activity and other health data. The tech firm's CEO, Tom Hale, told Yle that half of its activity ring sales had been made in the past year, and that its profit margins are growing. ""Obviously, funding is designed to help us accelerate our innovation and in particular, I think there's a lot of very interesting and fertile ground around artificial intelligence for us to invest behind. We've made some good investments there, but of course, as you know, to really compete in artificial intelligence, it's quite capital intensive,"" Hale said. The CEO said the company's plans include expansion. ""We're in 20 countries now, but that requires us to invest in people and in locations and in inventory and storefronts and all the things that help us do that expansion, and then, you know, ultimately I think we want to continue to invest in new capabilities and new hardware,"" he explained. The company has around 1,000 employees globally, with half of them based in Finland.",https://yle.fi/a/74-20188365,"[{'label': '2 stars', 'score': 0.2441173642873764}]",1
13.10. 16:13,Technology,News,"Polar Night Energy, the firm behind the technology, says sand batteries can help cut emissions and reduce costs. US periodical Time Magazine has included a Finnish company's ""sand battery"" on its list of 300 of the most impactful inventions of 2025. The sand battery was included in the list's green energy category. The company behind the technology is Polar Night Energy. The firm's 'biggest sand battery in the world' is located in Southern Finland's municipality of Pornainen. In layman's terms, a sand battery stores high-temperature thermal energy collected from solar and wind-generated heat sources that can be used in various applications — including heating buildings. Yle News' Matthew Schilke reported on the sand battery technology earlier this year. His video about it was shared on Instagram. ""[Time Magazine's] acknowledgment gives us even more energy to push forward in our mission to decarbonize energy production, minimize combustion, and enable the rapid growth of wind and solar power,"" Polar Night Energy's CEO Tommi Eronen said in a press release. The firm offered a more detailed description of the technology in its release. ""A sand battery is a high-temperature thermal energy storage system that stores clean, affordable electricity as heat in sand or other solid materials. It provides a sustainable solution to many challenges of the global energy transition, helping to cut emissions and reduce costs across various industrial applications,"" the company's release read.",https://yle.fi/a/74-20188144,"[{'label': '4 stars', 'score': 0.3309559226036072}]",1
29.9. 16:45,Technology,News,"Funds from the planned obligatory payments would be directed towards the production of domestic films and TV programmes, according to the Finnish government. The Finnish government has set up a working group to establish an arrangement that would obligate video streaming platforms to pay fees to operate in the country. The funds from those obligatory payments would be directed towards the production of domestic films and TV shows, according to a government press release. The working group was set up by the ministry of education and culture as well as the transport and communications ministry. Due to a change in EU rules, member states have opportunities to broaden bases of funding for domestic audiovisual productions. According to the EU Commission's Audiovisual Media Services Directive (AVMSD), streaming media is also subject to the EU's single market rules — just like traditional television programming. The directive also means, according to the government, that streaming platforms can be subject to payments or investment obligations that would be used by a member state's film and TV production sector. According to the government, the goal is to strengthen production of domestic media content and productions as well as improve the accessibility of minority linguistic and cultural content. In addition, the plan aims to improve growth in the domestic media sector, as well as increase its international visibility and make it more competitive. Similar obligatory payment arrangements are already in place in 17 EU countries, including Denmark and Norway. Norway's arrangement, for example, obliges streaming platforms like Netflix, Amazon Prime and AppleTV to invest in domestic TV and movie productions. The Finnish government plans to present a legislative proposal about the matter next year.",https://yle.fi/a/74-20185653,"[{'label': '3 stars', 'score': 0.26661667227745056}]",1
12.8. 15:52,Technology,News,"Finnish cybersecurity authorities say they did not know a Russian data centre was being established in the capital. News emerged over the weekend that Beeline, one of Russia's leading mobile operators, has opened a telecommunications data centre in Helsinki. Now Finnish authorities say they were unaware of the data centre's existence. The facility aims to boost data transfer speeds and improve access to services like messaging app Telegram. Beeline's parent company, Vimpelcom, is among Russia's 20 most valuable publicly-trading companies. The Finnish Transport and Communications Agency's Cybersecurity Centre said it did not receive any prior notification about the Beeline facility, and as it appears to be a minor unit, no permits were legally required. MP and cybersecurity expert Jarno Limnéll (NCP) told Yle that the Beeline case raises concerns that a Russian company may be exploiting loopholes in Finnish law. The data centre is classified as an internet exchange point, or IXP, which is typically quite small in Finland. According to Limnéll, there has been a desire to simplify the permit process for smaller facilities. ""But now, this exemption has in practice allowed one of Russia's largest telecom operators to place network infrastructure in Finland as a small-scale data centre without any prior oversight by the authorities,"" Limnéll explained. Limnéll said that while Finnish law has fallen short in this case from a security perspective, authorities should also avoid viewing everything through threats and risks. He pointed out that technology is developing faster and more radically than before. ""The big question is how our legislation can keep pace with this technological development, both in terms of opportunities and risks,"" he said. According to Limnéll, it is important not to be naive. ""In the current geopolitical situation, with issues of hybrid influence, Russia is actively seeking to find and exploit weaknesses in our legislation for its interests. That's why cases like this must be examined closely from both a security and legislative perspective, so that necessary changes can be made to keep Finland safe,"" Limnéll said.",https://yle.fi/a/74-20177090,"[{'label': '4 stars', 'score': 0.3103691041469574}]",1
8.2. 12:08,Foreign policy,News,"The foreign ministry says the effort demonstrates Finland's commitment to supporting the rights of women and girls and aiding Ukraine's recovery. Finland has announced plans to allocate three million euros towards supporting the UN Women's Ukraine Country Programme during 2026-2028, according to the Finnish foreign ministry. In a press release on Friday, the ministry said the move demonstrates Finland's commitment to supporting the rights of women and girls and aiding Ukraine's recovery and rebuilding. ""Supporting UN Women in Ukraine is an investment in the country’s resilience and its gender equality efforts. Through this funding, we aim to promote the rights and agency of women and girls living in crisis-affected areas,"" Minister for Foreign Trade and Development, Ville Tavio (Finns), said in the release. The UN programme works to advance gender equality through cooperation with Ukrainian authorities and civil society. According to the ministry, Finland's goal in supporting the effort is to ensure equal access to services and decision-making, ""and to help build a sustainable future"". The ministry said Finland's aim is to promote women's private-sector engagement, boost innovation and digitalisation, as well as ensure that Ukrainian women have ""the opportunity to shape reconstruction solutions"".",https://yle.fi/a/74-20208978,"[{'label': '4 stars', 'score': 0.2760279178619385}]",1
27.1. 15:33,Foreign policy,News,"Bilateral talks focused on Finnish-Chinese relations, trade and Ukraine. Prime Minister Petteri Orpo (NCP) on Tuesday said his talks with Chinese President Xi Jinping focused on three main areas, the most important of which was Ukraine. ""China's support, or indirect support, for Russia is significant in that it undermines the relationship between the European Union and China, while also helping Russia continue this senseless war and killing. China and Xi can help bring peace to Ukraine at last,"" Orpo told reporters at the Finnish Embassy in Beijing. The talks also addressed the EU–China trade relationship, which Orpo described as unbalanced. China exports far more to Europe than Europe does to China, and trade faces unnecessary barriers, he said. ""We are here because China's global standing is rising. Its power in the world is growing. It is important for Finland to engage with the Chinese and understand their perspective,"" the prime minister said. Orpo also said he raised human rights issues and the importance of a rules-based, multilateral world order. Taiwan was discussed briefly. ""We made clear that our policy towards China and Taiwan has not changed,"" Orpo said.",https://yle.fi/a/74-20206755,"[{'label': '4 stars', 'score': 0.2617298364639282}]",1
24.1. 11:01,Foreign policy,News,"An Ilta-Sanomat poll carried out during last week's Greenland crisis shows broad backing for the president and foreign minister – but not among supporters of the opposition Left Alliance. People in Finland are quite satisfied with the country's foreign policy leadership, according to a survey published by the tabloid Ilta-Sanomat on Saturday. Polling company Taloustutkimus asked respondents to rate the recent handling of Finland's foreign policy on a scale of 1-10 points. The average score was approximately 7.5. The survey was carried out this past Wednesday and Thursday, just as European leaders were grappling with US President Donald Trump’s military and trade threats regarding Greenland. President Alexander Stubb received a rating of 8.2 points, while Foreign Minister Elina Valtonen (NCP) received a rating of 7.6. Tuomo Turja, Research Director at Taloustutkimus, considers the rating to be good considering the circumstances. ""At the moment, the operating environment in foreign policy is quite difficult and we’re navigating atmosphere of considerable uncertainty. When we also take into account the fact that we have a moderately polarised political situation and that the government is quite unpopular, this rating is relatively good,"" he told IS. Valtonen represents Prime Minister Petteri Orpo’s National Coalition Party, which Stubb formerly led. As expected, the highest ratings in the poll came from NCP supporters, with the lowest from backers of the opposition Left Alliance. ""This clearly shows the general coolness of the Left Alliance in particular towards the United States. I suspect that the Left Alliance members are not terribly happy that Finland's foreign and security policy currently relies quite strongly on alliances with the West and especially the US, as long as Trump is still president,"" Turja said. Under the Finnish constitution, foreign policy is led by the president in co-operation with the government, but the cabinet is generally responsible for EU-related decisions. Taloustutkimus interviewed just over 1,000 people on 21–22 January. It estimates the margin of error at 3.2 percentage points.",https://yle.fi/a/74-20206213,"[{'label': '4 stars', 'score': 0.321670264005661}]",1
23.1. 10:20,Foreign policy,News,"Allies should not exert pressure on each other or push for the annexation of a partner country's territory, Finland's Prime Minister told reporters in Brussels. The diplomatic row over US President Donald Trump's plans to take over Greenland has left a stain on relations between the EU and the United States, according to Finnish Prime Minister Petteri Orpo (NCP). Speaking to reporters after a meeting with other EU leaders in Brussels on Thursday, Orpo said that the extent of the damage will only be known later. He also noted that the situation has not yet been resolved, and there is no strong sense within the EU of when it will be. ""However, the most acute crisis situation has been defused,"" Orpo said, referring in particular to the possibility of a trade war between the EU and the United States. He further added that allies should not exert pressure on each other or push for the annexation of a partner country's territory. ""And also, the language used towards Europe has been quite widely noted,"" Orpo said. In a speech at the World Economic Forum (WEF) in Davos, Switzerland on Wednesday, President Trump said that Europe is ""not heading in the right direction"" and that many countries are unrecognisable from before, referring to European immigration policies. Trump also alleged that issues like immigration and the so-called green transition — meaning a shift towards investment in sustainable energy — have hampered Europe's development. Separately, Ukrainian President Volodymyr Zelensky has announced that PM Orpo will be awarded one of Ukraine's highest state honours — the 2nd Class Order of Prince Yaroslav the Wise. The honour is being bestowed on Orpo for his work in strengthening cooperation between Finland and Ukraine, Zelensky said, as well as for the premier's continued support of Ukraine. Finland's former prime minister Sanna Marin also received an honour from Ukraine — in her case, the 1st Class Order of Princess Olga — in recognition of her support for Ukraine's sovereignty and territorial integrity.",https://yle.fi/a/74-20206032,"[{'label': '2 stars', 'score': 0.28902795910835266}]",1
20.1. 14:19,Foreign policy,News,"Finland's immediate focus is on easing the pressure caused by America's demands over Greenland, says Alexander Stubb. It does not appear Finland is preparing to send more soldiers to Greenland. Two Finnish officers are in Greenland assessing how Finland might best contribute to broader Arctic defence, according to Heikki Autto, chair of parliament's defence committee. For the time being, no further troops are planned, he said on Tuesday. ""It is important that the United States take part in the exercise [in Greenland]. Under their bilateral agreement, Denmark and the United States are responsible for Greenland's security."" US President Donald Trump has said that the United States intends to raise the question of acquiring Greenland at the World Economic Forum in Davos. European leaders have consistently rejected Trump's attempts to acquire Greenland, which belongs to Denmark. Trump has threatened eight European countries, including Finland, with additional tariffs should the United States fail to secure the territory. According to President Alexander Stubb, the use of tariff threats is unacceptable. Stubb told Finnish media in Davos that, of all recent international crises, the Greenland issue poses the greatest challenge for Finland. As a self-governing territory in the Arctic, it's especially close to Finnish interests. ""There's a lot up in the air at once with Ukraine, the Middle East, Iran and Venezuela. Greenland is the most difficult for us, because it concerns a close ally, Denmark, and fundamental issues like territorial integrity, sovereignty and self-determination,"" he explained. At the same time, he sought to reassure domestic audiences that Finland's security situation remains stable and that the country is ""well prepared for anything."" Stubb, meanwhile, said there was nothing special about recently leaked messages he has conducted with Trump, together with Norway's prime minister, Jonas Gahr Støre. According to Stubb, Finland's immediate priority is to defuse the pressure that the US demands over Greenland has injected into international relations.",https://yle.fi/a/74-20205400,"[{'label': '4 stars', 'score': 0.3012431263923645}]",1
15.1. 16:51,Foreign policy,News,"Several European countries have sent soldiers to the region in the past few days on reconnaissance missions. Finland will send two liaison officers to Greenland to explore opportunities for training activities, the Ministry of Defence has announced in a press release. Finland's decision follows similar moves by several European countries — including France, Germany, Sweden, Norway, the Netherlands and the UK — to send soldiers to Greenland on so-called reconnaissance missions. According to the Finnish defence ministry, Finland will participate in the Operation Arctic Endurance military exercise alongside Nato allies. ""Finland has experience operating in Arctic conditions, but Greenland is new territory. That’s why we’re sending two liaison officers first to find out what it’s like there, what the conditions are, and how logistics and other operations can be arranged,"" defence minister Antti Häkkänen (NCP) said. US President Donald Trump has ratcheted up his rhetoric on the possibility that the United States would annex Greenland, leading to widespread concerns over what such a move would mean for Nato harmony. According to Häkkänen, the military exercise sends a broad message about the commitment of Nato's European allies to Arctic security. ""This exercise is not intended to send messages within the alliance, but rather to show externally that the whole alliance is taking the strengthening of Arctic defence seriously,"" he said. Greenland is a self-governing territory within the Kingdom of Denmark, meaning Greenlanders have control over domestic affairs, such as health and education, while Denmark handles foreign and defence policies. Finland's former President Sauli Niinistö said on Wednesday that the dispute over Greenland must not lead to the end of Nato. Prime Minister Petteri Orpo (NCP) has previously stated that such a move would be ""catastrophic"" for the alliance.",https://yle.fi/a/74-20204593,"[{'label': '4 stars', 'score': 0.3373030722141266}]",1
18.5.2025 13:12,History,News,"Twenty-six Finnish soldiers who died during the Winter War and Continuation War were buried on Sunday. The unidentified remains of 26 Finnish soldiers killed in the Winter War (1939-1940) and the Continuation War (1941-1944) were buried in a military funeral in Lappeenranta on Sunday, the Commemoration Day of Fallen Soldiers. The remains were recovered from Russia between 2011 and 2022 during search efforts conducted by Russian authorities. The discoveries were made in areas of the Karelian Isthmus and Ladoga Karelia. Finnish authorities have been unable to identify the 26 soldiers. ""We are not only saying farewell, we are welcoming them and saying, 'Welcome home!' They are part of the miracle that allowed our nation to preserve its independence,"" Parliamentary Speaker Jussi Halla-aho said in his speech at the ceremony. A total of 897 unidentified fallen soldiers have now been buried at the section of the Lappeenranta cemetery designated for war heroes. During the Winter War and Continuation War, an estimated 13,000 Finnish soldiers were killed or went missing on the battlefield. To this day, nearly 10,000 Finnish soldiers remain unaccounted for. Over the past 30 years, the remains of around 1,600 Finnish soldiers have been recovered from former battlefields in Russia. Of these, 440 have been successfully identified and reburied in their home parishes' war cemeteries.",https://yle.fi/a/74-20162524,"[{'label': '5 stars', 'score': 0.2776472568511963}]",1
6.2.2025 17:57,History,News,"The coin was likely minted during the reign of Catherine the Great, who ruled Russia from 1762 to 1796. A copper coin discovered by a schoolchild in a park in Espoo last month is believed to be about 230 years old. A local residents' association handed the artefact over to Espoo City Museum, where a curator estimated the coin was minted in 1795, during the reign of Russian Empress Catherine II, also more commonly known as Catherine the Great. This was evident from the year stamped on the coin as well as by the initials ""IE II"", denoting Imperatriza Ekaterina II. ""It may have been lost by a Russian soldier during the Finnish War,"" the association quotes the unnamed curator as saying in an Instagram post, referring to the 1808-1809 conflict between Sweden and Russia as part of the Napoleonic Wars. The discovery of historical artefacts has become increasingly common in Finland in recent years due to the rising popularity of metal detecting as a pastime, according to Sami Raninen of the Finnish Heritage Agency. But objects can also be found during everyday activities such as children's games, construction work, or tending a vegetable garden, Raninen added. If a coin that is more than 100 years old is found on land or in water, the discovery must be reported to the Finnish Heritage Agency, as decreed by Finland's Antiquities Act. While the agency stores photographs and information about discoveries such as the one made in Espoo, the artefact itself is usually returned to the original finder. Therefore, the schoolchild who made the discovery gets to keep the 230-year-old coin. ""If money could talk, this one would probably have a story or two to tell,"" the agency wrote to the residents' association. Users with an Yle ID can leave comments on our news stories. You can create your Yle ID via this link. Our guidelines on commenting and moderation are explained here.",https://yle.fi/a/74-20142088,"[{'label': '4 stars', 'score': 0.3057754337787628}]",1
6.2.2025 17:57,History,News,"The coin was likely minted during the reign of Catherine the Great, who ruled Russia from 1762 to 1796. A copper coin discovered by a schoolchild in a park in Espoo last month is believed to be about 230 years old. A local residents' association handed the artefact over to Espoo City Museum, where a curator estimated the coin was minted in 1795, during the reign of Russian Empress Catherine II, also more commonly known as Catherine the Great. This was evident from the year stamped on the coin as well as by the initials ""IE II"", denoting Imperatriza Ekaterina II. ""It may have been lost by a Russian soldier during the Finnish War,"" the association quotes the unnamed curator as saying in an Instagram post, referring to the 1808-1809 conflict between Sweden and Russia as part of the Napoleonic Wars. The discovery of historical artefacts has become increasingly common in Finland in recent years due to the rising popularity of metal detecting as a pastime, according to Sami Raninen of the Finnish Heritage Agency. But objects can also be found during everyday activities such as children's games, construction work, or tending a vegetable garden, Raninen added. If a coin that is more than 100 years old is found on land or in water, the discovery must be reported to the Finnish Heritage Agency, as decreed by Finland's Antiquities Act. While the agency stores photographs and information about discoveries such as the one made in Espoo, the artefact itself is usually returned to the original finder. Therefore, the schoolchild who made the discovery gets to keep the 230-year-old coin. ""If money could talk, this one would probably have a story or two to tell,"" the agency wrote to the residents' association. Users with an Yle ID can leave comments on our news stories. You can create your Yle ID via this link. Our guidelines on commenting and moderation are explained here.",https://yle.fi/a/74-20142088#comments,"[{'label': '4 stars', 'score': 0.3057754337787628}]",1
1.12.2024 14:35,History,News,"Gunnel Stenbäck was born in 1914 when Finland was still a part of the Russian Empire. The oldest known person in Finland, Gunnel Stenbäck, passed away at the age of 110 on Saturday. She was born in 1914 and celebrated her birthday on 21 September, passing away at the age of 110 years, 2 months and 9 days at an eldercare home run by the Deaconess Foundation. An Åland Islands native, Stenbäck began her studies at the Deaconess Institute in 1934, eventually running the organisation by the 1970s. She retired in 1977. The supercentenarian lived most of her life in Helsinki and had the opportunity to visit around 50 different countries, according to her family. Maria Rothovius, who died at the age of 112, holds the record as the oldest person to have lived in Finland.",https://yle.fi/a/74-20128457,"[{'label': '4 stars', 'score': 0.31360799074172974}]",1
30.11.2024 11:01,History,News,"The main Soviet attack began at 6:50am on 30 November with an artillery barrage on the Karelian Isthmus, followed by an all-out attack by land, sea and air. Early on 30 November 1939, the USSR launched a massive attack against Finland, the start of the 105-day Winter War. The war was preceded by an incident known as the shelling of Mainila. The Soviet Union claimed that Finnish artillery had fired on the village of Mainila in the Karelian Isthmus. In reality, the Soviets themselves were behind the shelling but attempted to shift the blame for the outbreak of the war onto Finland. On the day the conflict started, 85 years ago, Finland had approximately 300,000 men under arms to defend the whole country. It was woefully short of supplies, with only enough cartridges, shells, and fuel to last about two months. Finland had a mere 32 tanks, only 10 of which were fit for combat when the war started, and 114 mostly obsolescent combat aircraft that could enter the fight. The Soviets had secretly built roads leading to the border, allowing them to deploy their 2,514 tanks and 718 armoured cars. Even so, what Soviet military planners thought would be a swift advance on the first day made little headway in the face of fierce resistance at the border. The war lasted for 105 days. Finland and the Soviet Union signed the Moscow Peace Treaty on 12 March, 1940, and the war ended the following day, on March 13.",https://yle.fi/a/74-20128340,"[{'label': '4 stars', 'score': 0.23734119534492493}]",1
12.9.2024 15:57,History,News,"This week APN explores the meaning and the mystery of sisu, a Finnish word and concept which many regard as integral to the country's culture and traditions. After Finland defended itself and repelled the Soviet invasion, a 1940 New York Times article described sisu as the ""word that explains Finland"". ""Finland was a small nation, but it showed that Finns were stubborn or dogged enough to fight against a bigger country, and sisu was presented as a Finnish national characteristic,"" researcher Tanja Helminen tells APN of the word that has come to take on huge historical and cultural significance in Finnish society. APN takes a ride to Lahti's Ski Museum for an exhibition entitled 'Sweat, Sisu and Ski Heroes', where we hear from collection curator Laura Häkkinen about a trailblazing Finnish skier of the 1950s. ""[Siiri Rantanen] was a very resilient woman. She became an Olympian after she was a mother of two and a wife, and she worked full time and still became an Olympian,"" Häkkinen tells APN. ""She is a really great example of sisu."" And we dive into the chilly Baltic waters off the coast of Helsinki with author and self-care advocate Katja Pantzar, who defines sisu as ""fortitude, resilience and perseverance in the face of challenges, big or small"". ""I make a practice of coming here every morning no matter how tired I am, or if I'm stressed, or if I'm feeling anxious or depressed. I come here, I dip in the sea and I leave it all behind in the sea,"" Pantzar explains. We also round up all the rest of the week's news from Finland. Get a weekly roundup of the top stories by signing up for Yle's newsletter service with your Yle ID. This week's show was presented by Ronan Browne and the sound engineer was Juha Hjelm. If you have any questions or want to share your thoughts, contact us via WhatsApp at +358 44 421 0909 or at yle.news@yle.fi and allpointsnorth@yle.fi. Users with an Yle ID can leave comments on our news stories. You can create your Yle ID via this link. Our guidelines on commenting and moderation are explained here.",https://yle.fi/a/74-20111135,"[{'label': '4 stars', 'score': 0.42612209916114807}]",1
25.8.2024 15:41,History,News,"Preliminary dating suggests that the wreck sank around 1780, but no one knows the vessel's original name. A multitude of shipwrecks lie beneath the waters surrounding Helsinki's Suomenlinna, relics of a bygone era. Among these is one that has garnered particular interest, which has been nicknamed Hilma. A team of marine archaeologists has been meticulously studying the wreck for the past three years. The Hilma wreck is a wooden vessel, approximately 33 metres long and eight metres wide. However, its original name and origins remain shrouded in mystery. Officially designated as Länsi-Mustasaari Wreck 2, the vessel rests east of the island Länsi-Mustasaari within the waters of Suomenlinna. Its location makes it easily accessible from the shore. Preliminary dating suggests that the wreck sank around 1780, with the timber used in its construction traced back to the northern coastline of the Baltic Sea. Early interpretations of the wreck’s fate indicate that it may have been deliberately sunk. Supporting this theory is the discovery of large stones found within the hull of the vessel. ""As we uncover more details about the wreck’s age and structure, we will begin to sift through archival sources to identify what ship this might have originally been,"" maritime archaeologist Minna Koivikko told Yle. ""We are also trying to figure out why on earth the wreck ended up in such shallow waters."" The wreck is typical of wooden ships found in Suomenlinna, where only the bottom portion has survived, a type commonly referred to as a skeleton wreck. Loose structural components rest atop the hull, which, due to its location, has been continually exposed to significant human activity. This investigation is part of the Forgotten Fleet research project, led by Stockholm University. The project spans six years, with the Finnish Heritage Agency contributing for the next three years. Users with an Yle ID can leave comments on our news stories. You can create your Yle ID via this link. Our guidelines on commenting and moderation are explained here.",https://yle.fi/a/74-20107120,"[{'label': '4 stars', 'score': 0.3657248616218567}]",1
6.7.2024 10:40,History,News,"July 6 is an established flag day in Finland, marking the birthday of the country's national poet Eino Leino. The Finnish flag is flying across the country on Saturday to mark the birthday of Finland's national poet Eino Leino. The date also celebrates poetry and summer. Leino was born on 6 July 1878 in the Kainuu region, and was a prominent figure during the so-called Golden Age of Finnish Art. This period also coincided with Finland’s national awakening. ""He lived at a time when Finland was fighting for its status as a nation state,"" chair of the Eino Leino society Esko Piippo told Yle News. ""[This influence] is especially evident in his Helkavirsiä poetry collections, which are considered his seminal works."" His poems were written in the style of the Kalevala, and combined both contemporary and traditional Finnish folk elements. July 6 was designated the day of Finnish poetry and summer in 1992, and has been an established flag day since. Users with an Yle ID can leave comments on our news stories. You can create your Yle ID via this link. Our guidelines on commenting and moderation are explained here.",https://yle.fi/a/74-20098372,"[{'label': '5 stars', 'score': 0.4944753348827362}]",1
4.6.2024 14:48,History,News,"Finland's War Veterans' Association currently serves around 1,800 living war veterans. Finland's War Veterans' Association (Sotaveteraaniliitto in Finnish) is preparing to end its operations at the end of this year. The closure will be decided at the association's annual general meeting on 6 June in Lahti. The association will hand over its tasks to the Tammenlehvän Perinneliitto, which is another association dedicated to supporting veterans of the Second World War. Since its foundation in 1957, the War Veterans' Association has focused on supporting veterans' physical and mental wellbeing. The Tammenlehvän Perinneliitto was founded in 2003. Named in honour of the oak leaf, a symbol associated with war veterans and one that adorns many of their graves, the association has 23 different member associations dedicated to different types of military and veteran support. There are around 1,800 veterans of Finland's wars in 1939-45 still alive. Last year, a different veterans association for frontline veterans (Rintamavateraaniliitto in Finnish) ceased its own operations. Users with an Yle ID can leave comments on our news stories. You can create your Yle ID via this link. Our guidelines on commenting and moderation are explained here.",https://yle.fi/a/74-20092163,"[{'label': '4 stars', 'score': 0.33405736088752747}]",1
25.11.2023 16:56,History,News,"Raimo Goyarrola became the new Roman Catholic Bishop of the Catholic Church in Finland on Saturday. Finland got a new Catholic bishop after a four-year pause following the consecration mass of Father Raimo Goyarrola on Saturday. Swedish Cardinal Anders Arborelius led the mass at Helsinki's St. John's Church, which drew some 15 Catholic bishops and 40 priests from different countries. Pope Francis appointed Father Raimo Goyarrola to the post in September. Goyarrola, who trained as a physician and is originally from Spain's Basque Country, has lived in Finland for years. He previously served as the vicar general of the Diocese of Helsinki. Teemu Sippo, who retired in 2019, was the first Finnish-born Catholic Bishop since the Reformation. The Catholic Church in Finland is formed by only one Diocese — that of Helsinki — and has not had a bishop since Sippo's retirement. Finland is home to a small Catholic community, with an estimated 17,000 members across eight parishes. Users with an Yle ID can leave comments on our news stories. You can create your Yle ID via this link. Our guidelines on commenting and moderation are explained here.",https://yle.fi/a/74-20062131,"[{'label': '4 stars', 'score': 0.37327730655670166}]",1
5.11.2023 17:21,History,News,"The over 150 year old sawmill will put 64 employees out of work when it shuts its doors in a few months. The sawmill founded by Norwegian businessman Hans Gutzeit in Kotka will close at the end of the year. Completed in 1872, the mill now known as Kotkamills was the largest in Finland when it was finished. The sawmill's 64 employees will be laid off when it closes after over 150 years in the city. After the success of the Gutzeit's sawmill, several other sawmills sprouted in Finland's southeasetern city of Kotka in the late 1800s. Kotka tour guide Marianne Mikola credited the mills for turning the southeastern city into what it is today. ""I have often wondered whether the city of Kotka would have even existed if no one had built the sawmills,"" she told Yle. Gutzeit's sawmill eventually launched the firm Enso, which later merged with the Swedish company Stora to become Stora Enso. The high cost of raw materials and the decrease in the selling price of sawn timber were reported as the reasons for the mill shutting down. Valle Niemi, the chief shop steward of the sawmill, said that the closing of the historic sawmill is something he still cannot fully comprehend. ""The sawmill has played a very important role in my life. I have worked at the mill for 20 years,"" Niemi said. According to Niemi, what makes the sawmill meaningful is the spirit that has prevailed in the factory, as it employed generations of workers in the community over its 15 decades of history. Users with an Yle ID can leave comments on our news stories. You can create your Yle ID via this link. Our guidelines on commenting and moderation are explained in this article. You can comment on this article until 23:00 on 6 November.",https://yle.fi/a/74-20058722,"[{'label': '4 stars', 'score': 0.2744292616844177}]",1
5.11.2023 17:21,History,News,"The over 150 year old sawmill will put 64 employees out of work when it shuts its doors in a few months. The sawmill founded by Norwegian businessman Hans Gutzeit in Kotka will close at the end of the year. Completed in 1872, the mill now known as Kotkamills was the largest in Finland when it was finished. The sawmill's 64 employees will be laid off when it closes after over 150 years in the city. After the success of the Gutzeit's sawmill, several other sawmills sprouted in Finland's southeasetern city of Kotka in the late 1800s. Kotka tour guide Marianne Mikola credited the mills for turning the southeastern city into what it is today. ""I have often wondered whether the city of Kotka would have even existed if no one had built the sawmills,"" she told Yle. Gutzeit's sawmill eventually launched the firm Enso, which later merged with the Swedish company Stora to become Stora Enso. The high cost of raw materials and the decrease in the selling price of sawn timber were reported as the reasons for the mill shutting down. Valle Niemi, the chief shop steward of the sawmill, said that the closing of the historic sawmill is something he still cannot fully comprehend. ""The sawmill has played a very important role in my life. I have worked at the mill for 20 years,"" Niemi said. According to Niemi, what makes the sawmill meaningful is the spirit that has prevailed in the factory, as it employed generations of workers in the community over its 15 decades of history. Users with an Yle ID can leave comments on our news stories. You can create your Yle ID via this link. Our guidelines on commenting and moderation are explained in this article. You can comment on this article until 23:00 on 6 November.",https://yle.fi/a/74-20058722#comments,"[{'label': '4 stars', 'score': 0.2744292616844177}]",1
3.11.2023 18:36,History,News,"Radiocarbon dating of recent finds have confirmed legends and a reference to a mid-14th century fortress in Vaasa's old town on the Finnish west coast. Timbers uncovered during excavations last spring at the site of the ramparts of the old Korsholm Castle in Vaasa (also known as Chrysseborg) have turned out to be the remains of a fortress built in the middle of the 14th century, at time when Finland was a part of the Kingdom of Sweden. Heidi Hummelstedt, project manager at KulturÖsterbotten, a public education and culture organisation in Ostrobothnia, says that scientific confirmation of centuries-old theories and stories about the existence of the fortress was received with a real sense of excitement. ""According to documents, legends and folk tales, Korsholm Castle was first founded in the middle of the 14th century, so this confirms the theory very well,"" she explains. Korsholm Castle was first mentioned in a written record during the latter part of the century, in 1384, in the will of its warden Bo Jonsson Grips. Five samples were taken from the excavated timbers, which were sent for examination first to Denmark and then to Sweden. ""Jutland's Moesgaard Museum confirmed pine as the wood species. We would have been surprised by the other result, but it's good that it was confirmed,"" says Hummelstedt. Radiocarbon dating at the University of Uppsala determined that one of the samples dates from the middle of the 14th century. The other four samples date to between 1450 and 1650, a period during which Swedish King Gustav Vasa had a royal estate constructed in the area. The discovery has spurred interest in continuing and expanding the excavations on the castle mound, if funding is forthcoming. Users with an Yle ID can leave comments on our news stories. You can create your Yle ID via this link. Our guidelines on commenting and moderation are explained in this article. You can comment on this article until 23:00 on 4 November.",https://yle.fi/a/74-20058538,"[{'label': '4 stars', 'score': 0.4295579195022583}]",1
10.8.2023 11:56,History,News,"The government says it plans to bring the controversial Sámi Parliament Act before the legislature before year’s end. Prime Minister Petteri Orpo's (NCP) government is the fourth coalition to be dealing with reforms to rules related to the self-governance of Finland's indigenous Sámi people. A bill that would have helped dictate who has the right to be included on the voters' roll for elections to the Sámi assembly ran aground in parliamentary committee during the end of the last parliamentary term. Orpo's government programme now plans for the legislature to consider reforms to the act by the end of this year, with Justice Minister Leena Meri (Finns) giving assurances that the Finns Party is committed to the government programme. During the term of Prime Minister Sanna Marin (SDP), the bill to reform the act fell apart in Parliament's Constitutional Law Committee, where the Centre Party, a governing partner, voted with the then opposition Finns Party and National Coalition Party to not move forward with the matter. At the time, Riikka Purra (Finns), now the Finance Minister, suggested that the proposed changes were discriminatory, a conclusion not shared by the Non-Discrimination Ombudsman. If approved, the law would potentially change how that register of voters is compiled, potentially removing some who are currently on the electoral roll — a proposal that has drawn criticism. During the previous term bill also ran into difficulties over its potential impact on land use rights, as there have been fears the changes would give the Sami Parliament too much power over land use within Sámi territory, which could affect mining and wind power projects.",https://yle.fi/a/74-20044616,"[{'label': '2 stars', 'score': 0.3210750222206116}]",1
9.8.2023 18:28,History,News,"The extraordinary ringing on 20 August will mark the 150th birthday of the architect behind the station, Eliel Saarinen. For the first time in its history, the bell tower at Helsinki's Central Railway Station will ring in a week and a half, Finland's national rail operator VR Group announced on Wednesday. The extraordinary event will mark the 150th anniversary of the birth of the architect Eliel Saarinen, who designed the iconic Art Nouveau railway station. At 3pm on Sunday 20 August, the 50-metre-high clock tower will ring for the first time since it was built over 100 years ago in 1919.
The bell tower will ring 15 times to a specially designed sound for the occasion. However, the bell is not a permanent feature of the 50-metre tower of the station building. ""The history of the bell is very short. The current bell that is there does not have a sound feature, but the sound is made by loudspeakers,"" VR's project manager Jani Jääskeläinen told Yle. He added that it is unlikely to happen again. ""It is a one-off event,"" he emphasised. Jääskeläinen would not reveal what type of ringing will come from the tower. ""That remains a secret,"" Jääskeläinen said.
Saarinen designed many notable buildings in Finland including the National Museum of Finland, the mansion Hvitträsk in Kirkkonummi, the Munkkiniemi Boarding House and the Lahti Town Hall, among others. Saarinen later moved to the United States in the 1920s to work as an architect, with his son Eero Saarinen following in the family tradition. The elder Saarinen passed away in 1950 while the younger Saarinen designed iconic 20th century structures in the US such as the Gateway Arch in Missouri, Bell Labs in New Jersey and Dulles International Airport in the Washington DC area, among many others.",https://yle.fi/a/74-20044551,"[{'label': '4 stars', 'score': 0.4103684425354004}]",1
21.5.2023 17:14,History,News,"This summer's search for the remains of Finnish soldiers in Russia has been called off. The unidentified remains of 48 Finnish soldiers killed in the second world war have been buried in a military funeral in Lappeenranta. The funerals were held on the Commemoration Day of Fallen Soldiers, the third Sunday in May. On the same day, President Sauli Niinistö laid a wreath in honour of fallen soldiers at the Hietaniemi cemetery in Helsinki. Since 1992 the remains of some 1,600 Finnish soldiers have been discovered on WW2 battlefields on territory that now belongs to Russia. Of those, around 400 have been buried in their home municipalities in Finland. Some 850 have been buried in Lappeenranta, with the last ceremony taking place in 2021. This summer's search for remains, which is normally conducted by volunteers, has been called off due to security concerns. It is estimated that around 10,000 Finnish soldiers' remains are still to be found.",https://yle.fi/a/74-20032756,"[{'label': '4 stars', 'score': 0.27727237343788147}]",1
4.2. 10:53,Politics,News,"The veteran Christian Democrat politician has faced three charges of incitement to hatred in Finland, following written and spoken statements she made about homosexuality. Christian Democrat MP Päivi Räsänen is set to appear before a House Judiciary Committee hearing at the US Congress in Washington DC on Wednesday. Räsänen was invited to speak to the committee about her experiences of being charged in Finland on three counts of incitement to hatred. The charges arose from written and spoken statements she had made about homosexuality. She was acquitted of the charges by both the district and appeal courts, but Finland's Supreme Court is still reviewing the case. The House Judiciary hearing begins at 10am in Washington DC, or 5pm Finnish time. According to the US judiciary's website, Wednesday's hearing ""will highlight how European online censorship laws, such as the European Union's (EU) Digital Services Act (DSA) and the United Kingdom's (UK) Online Safety Act (OSA), threaten Americans' right to speak freely online in the United States"". Irish comedy writer Graham Linehan, known for his controversial views on transgender people, as well as Irish barrister Lorcán Price are also due to appear before the committee on Wednesday. Räsänen became a cause célèbre among conservative Christian groups in the US during her trial, with the Alliance Defending Freedom International (ADF International) among other organisations raising funds for her defence. Lorcán Price also serves as ADF's legal counsel.",https://yle.fi/a/74-20208243,"[{'label': '4 stars', 'score': 0.32732754945755005}]",1
23.1. 11:40,Politics,News,"The pension sector advocacy association Tela said its board selected Sirén for the job on Thursday. National Coalition Party MP Saara-Sofia Sirén has announced plans to step down from her post in order to take up a job leading the pension sector advocacy association Tela. The association said its board selected Sirén for the top job at a meeting on Thursday. Sirén is scheduled to begin her new post as its managing director on 1 May, but that hinges on parliament granting the MP permission to step down. While a politician's mid-term resignation from parliament is rare, the Finnish constitution allows an MP to resign if they are doing so in order to take on a socially important position. The 39-year-old Sirén was first elected as an MP in 2015. Last May she became the chair of the Grand Committee — a body that handles EU-related issues. Sirén is set to replace Tela's current managing director Suvi-Anne Siimes, a former finance minister and Left Alliance chair.",https://yle.fi/a/74-20206067,"[{'label': '4 stars', 'score': 0.3099786341190338}]",1
23.12. 10:12,Immigration,News,"The country's overall population has grown slightly this year, an increase Statistics Finland attributes to immigration. Approximately 46,900 people moved to Finland from abroad during the first 11 months of this year, according to Statistics Finland. Citing preliminary figures, the agency said this year's number reflects a year-on-year decrease of 13,000 people At the end of November, Finland's population stood at 5,656,394 — an increase of around 20,400 compared to 2024. The agency attributed the growth to immigration. Some 14,000 people emigrated from Finland, around 1,700 fewer than last year. Meanwhile, there were slightly more than 42,200 births so far in 2025, but nearly 11,600 more deaths than births, according to the statistics agency.",https://yle.fi/a/74-20201288,"[{'label': '2 stars', 'score': 0.3416777551174164}]",1
22.12. 15:27,Immigration,News,"The new regulations will require applicants to have lived in Finland for longer, demonstrate some proficiency in Finnish or Swedish, and have a work history of a certain length. The conditions around obtaining a permanent residence permit in Finland will become stricter from 8 January 2026, the interior ministry has said in a press statement. The new rules will require applicants to have lived in Finland for longer, demonstrate some proficiency in Finnish or Swedish, and have a work history of a certain length. ""In line with the Government Programme, applicants will be required to comply with the rules of society, and to work and to study the language,"" Interior Minister Mari Rantanen (Finns) commented. One of the key changes to the Aliens Act will see the period of residence required for a permanent residence permit extended from four years to six. ""When applicants have resided in Finland for six years, as a rule, they may be granted a permanent residence permit on condition that their proficiency in either Finnish or Swedish is satisfactory and they have been working in Finland for two years,"" the press release said. However, if an applicant has been sentenced to unconditional imprisonment, the period of residence will be deemed to have been interrupted and the calculation will start again from the beginning once their sentence has been served in full. The press release noted that obtaining a permanent residence permit based on a four-year period of residence will still be possible — but based on meeting one of three conditions. The three conditions, of which at least one must be met, are a minimum annual income of 40,000 euros, a master’s degree or a postgraduate degree recognised in Finland and a two-year work history in Finland, or high proficiency in Finnish or Swedish and a three-year work history in Finland. ""If applicants meet the work history requirement, it will also be required that they have only used unemployment security or social assistance for a maximum of three months,"" the statement added. The ministry also provides an FAQ on its website.",https://yle.fi/a/74-20201194,"[{'label': '4 stars', 'score': 0.3200361728668213}]",1
22.12. 14:22,Immigration,News,"The government aims to begin rolling out the test from January 2027. Finland's plans to introduce a citizenship test has been sent out for comments, the Interior Ministry has announced in a press release. ""The citizenship test will measure knowledge of how Finnish society works, its key principles, and the rights and responsibilities of individuals. Applicants could also demonstrate sufficient civic knowledge by passing the Finnish matriculation examination in Finnish or Swedish,"" the release stated. The ministry has previously revealed that the test will be available in digital form and include multiple-choice and true-false questions. The deadline for comments is 6 February 2026, and the government aims to introduce the legislative changes — as well as the test — by the beginning of 2027. The introduction of the test is part of the government's three-pronged strategy to tighten the rules around obtaining Finnish citizenship. The previous changes focused on periods of residency and financial self-sufficiency. ""We have already tightened the conditions for Finnish citizenship, including the required length of residence, income and integrity. By introducing a citizenship test, we will further strengthen the principle that acquiring citizenship calls for successful integration into Finnish society and an understanding of its values,"" Interior Minister Mari Rantanen (Finns) said. The All Points North podcast looked into the changes to Finland's citizenship laws in a recent episode. Listen to the episode via this embedded player, on Yle Areena, via Apple, Spotify or wherever you get your podcasts. The Finnish Immigration Service Migri will be responsible for administering the citizenship test. A Migri spokesperson previously told Yle News that the test will lead to extra workload for the agency and may have a knock-on effect on processing times. ""The introduction of the new citizenship test will require a significant effort from the Finnish Immigration Service, as building the new examination system is a major reform,"" Process Owner Mari Luukkonen said at the time. Minister Rantanen noted that Migri will likely develop the test in cooperation ""with a university"", but did not specify further.",https://yle.fi/a/74-20201166,"[{'label': '4 stars', 'score': 0.29783838987350464}]",1
1.8.2025 11:17,Immigration,News,"Finnish police have suspended preparations for the family's deportation and their requirement to report to authorities daily has been lifted, according to the family's lawyer. A Nigerian woman and her two young children, previously held in an immigration detention centre in eastern Finland, have been granted a temporary reprieve from deportation. Mary, who has lived in Finland for over a year, and her 2- and 6-year-old children will now be allowed to stay in the country while their case is reviewed by the courts. The family had taken shelter in Teljä Church in Pori earlier this month after Mary's request for asylum was rejected. Finnish authorities had been preparing to deport her to Italy, where she had previously been granted a residence permit. ""My life is becoming miserable. I am being forced into prostitution, and I don’t want that. I am also afraid that my child will be taken away from me,"" Mary said in an Yle interview nearly two weeks ago. On Thursday, a Finnish administrative court filed an injunction, pausing the deportation order for the time being. The decision was made after new information was submitted regarding the mother's health and the children's wellbeing. ""The Non-Discrimination Ombudsman issued a statement on their own initiative. To put it bluntly, the lack of an assessment on the best interests of the children was criticised,"" the family's lawyer, Emmi Wehka-aho, told Yle. According to her, police have suspended deportation preparations, and the family's requirement to report daily to authorities has been lifted. Wehka-aho said the ruling has had an immediate positive effect on the their lives. ""In practical terms, this also means the older child can start preschool next week, which is of course very important,"" she noted. The family, who had been living in the care of the Teljä parish in Pori, expressed their gratitude to those who supported them. ""They are very thankful,"" the parish chaplain, Jarkko Willman said. ""As a man of the church, I would say this interim decision is a great miracle.""",https://yle.fi/a/74-20175416,"[{'label': '5 stars', 'score': 0.30674853920936584}]",1
5.6.2025 15:21,Immigration,News,"The government said that it expects that the law changes will enter into force on 8 January 2026. The Finnish government is planning to tighten the conditions for people seeking permanent residence permits, it announced on Thursday afternoon. For example, the new rules will require applicants to have a longer period of residency before being eligible, having some proficiency in Finnish or Swedish as well as having worked in the country for a certain period of time. The government said it submitted its proposal about the new conditions to Parliament on Thursday. ""Successful integration would be a prerequisite for a permanent residence permit. One of the objectives set in the government programme is to encourage immigrants to comply with the rules of Finnish society, and to work and to study the language,"" Interior Minister Mari Rantanen (Finns) said in a press release. The current four-year residency requirement will be extended to six, but the government noted that some applicants would be eligible for a permanent residence permit after four years, if certain criteria are met. Under the new rules, people would be able to apply for permanent residency after living in the country for four years if they fulfill at least one of these three requirements: ""If the applicant meets the work experience requirement, it would also be required that they have only used unemployment security or social assistance for a maximum of three months,"" the release stated. The government included a number of the proposal's other conditions and rules in its press release. The government said that it expects that the law changes will enter into force on 8 January 2026.",https://yle.fi/a/74-20166005,"[{'label': '4 stars', 'score': 0.2604745030403137}]",1
23.12.2024 9:47,Immigration,News,"There were about 9,800 fewer immigrants and 600 fewer emigrants between January and November 2023 compared to the previous year. Immigration has continued to sustain Finland's population growth, reports Statistics Finland. According to the agency's preliminary data, Finland's population grew by nearly 32,700 people between January and November 2023, standing at approximately 5,637,000 at the end of November. During this period, there were approximately 45,000 more immigrants than emigrants, while deaths outnumbered births by nearly 13,000. Compared to the previous year, there were about 9,800 fewer immigrants and 600 fewer emigrants during the same period. If net immigration remains at current levels, six million people will be living in Finland in just over 15 years, according to the agency's forecast published in October. Users with an Yle ID can leave comments on our news stories. You can create your Yle ID via this link. Our guidelines on commenting and moderation are explained here.",https://yle.fi/a/74-20133226,"[{'label': '4 stars', 'score': 0.24618008732795715}]",1
23.12.2024 9:47,Immigration,News,"There were about 9,800 fewer immigrants and 600 fewer emigrants between January and November 2023 compared to the previous year. Immigration has continued to sustain Finland's population growth, reports Statistics Finland. According to the agency's preliminary data, Finland's population grew by nearly 32,700 people between January and November 2023, standing at approximately 5,637,000 at the end of November. During this period, there were approximately 45,000 more immigrants than emigrants, while deaths outnumbered births by nearly 13,000. Compared to the previous year, there were about 9,800 fewer immigrants and 600 fewer emigrants during the same period. If net immigration remains at current levels, six million people will be living in Finland in just over 15 years, according to the agency's forecast published in October. Users with an Yle ID can leave comments on our news stories. You can create your Yle ID via this link. Our guidelines on commenting and moderation are explained here.",https://yle.fi/a/74-20133226#comments,"[{'label': '4 stars', 'score': 0.24618008732795715}]",1
14.1. 16:31,Culture,News,"The song entries will be released gradually — one act at a time, each weekday at midnight. It's time for UMK, the Contest for New Music — it's the way Finland picks which act to send to the Eurovision Song Contest. Yle will broadcast UMK's announcement of the seven finalists on Wednesday 14 January at 7:30pm Finnish time. Due to major international interest in Finland's Eurovision fever, commentary will also be offered in English by the UMK team's Jaakko Oleander. The hour-long show will be broadcast live on Yle's multimedia streaming service Areena. While the artists are being revealed, the actual song entries will be released gradually — one at a time, each weekday at midnight — starting just a few hours after Wednesday's announcement. Each entry will be posted on Yle Areena and YouTube, as well as streaming platforms. UMK published an article explaining details about how the acts were picked (it's several juries) and how the contest will proceed. The UMK26 domestic qualifier will be held on Saturday 28 February at Nokia Arena in Tampere.",https://yle.fi/a/74-20203968,"[{'label': '4 stars', 'score': 0.3548295497894287}]",1
25.12. 10:44,Culture,News,"Visitors drank more than 85,000 cups of hot mulled wine and ate more than 60,000 bowls of rice porridge over a roughly three week span. Helsinki's traditional Christmas Market attracted a record number of visitors this year, organisers say. Around 650,000 residents and tourists visited the market in the run-up to Christmas, up from about 600,000 last year. The market in the downtown Senate Square closed on Sunday. The rise is thought to be partly linked to increased tourist numbers in Helsinki. Jenni Pajunen, chair of the board of the Helsinki Events Foundation, said that with recent growth in visitor numbers, the market is likely to be the largest public event in Finland. Food was a major draw this year, with more than 100 small producers and food businesses taking part. Organisers said Korean-style reindeer corndogs and crumbles were among the most popular items. Over a little more than three weeks, more than 60,000 portions of rice porridge were sold, while visitors drank more than 85,000 cups of hot mulled wine, according to the Helsinki Events Foundation. Although the market in Senate Square will return next year, festive market activities continue elsewhere in Helsinki until Epiphany. The nearby Manta Christmas Market, located a block south in the Havis Amanda Square, will remain open until 6 January, offering food experiences and small-scale performances. On St Stephen's Day on Friday 26 December, visitors can take part in traditional dances from 18:00.",https://yle.fi/a/74-20201459,"[{'label': '5 stars', 'score': 0.23225019872188568}]",1
24.12. 09:56,Culture,News,"Many parts of Finland will see hazardous driving conditions on Christmas Eve, with motorists advised to take extra care on the roads. Driving conditions in many parts of Finland will be hazardous on Christmas Eve, according to the Finnish Meteorological Institute (FMI). Roads are especially icy in central and western areas, the FMI noted, as well as in Finnish Lapland. Powder snow has also fallen onto road surfaces in eastern Finland which may affect driving conditions, especially on smaller roads. Motorists across the country are advised to plan longer routes carefully and to allow plenty of time for their journeys. The latest weather-related traffic warnings can be found on the Finnish Meteorological Institute’s website. The roads have been quiet in the early hours of Christmas Eve, according to Traficom's latest information, but the daytime hours are expected to be much busier. ""Today there will be traffic, as it is the so-called main day,"" traffic operator Iida Pennanen told Yle. Meanwhile, the Hursti charitable foundation will hold its annual Christmas event for people facing hard times on Christmas Eve. The event will take place from 12 noon at the Helsinki Exhibition and Convention Centre, with doors opening at 11am. The venue can accommodate up to 2,000 people. The foundation offers Christmas food and festive-related performances for the capital's homeless, impoverished and lonely. Attendees will also receive a bag of groceries to take home from the event. Hursti's Christmas party has been held at the Exhibition Centre since 2015. The foundation, which was established in the 1960s, operates year-round by distributing food aid and clothing to those in need. Another tradition that will continue this year is the declaration of Christmas Peace, made at 12 noon from the Old Great Square in Turku. The tradition has lasted over 700 years and it was broadcast on Yle radio for the first time in 1935. This year the declaration will be read once again by Turku’s Chief of Protocol, Mika Akkanen, while Finnish President Alexander Stubb and his spouse Suzanne Innes-Stubb will also be in attendance. The declaration used to mean that crimes committed during the Christmas Peace period were subject to harsher punishments than at other times.",https://yle.fi/a/74-20201409,"[{'label': '4 stars', 'score': 0.35333704948425293}]",1
7.12. 10:41,Culture,News,"The annual Presidential Reception on Independence Day serves as the biggest red carpet night of the year for Finnish fashion. Finland's annual Independence Day reception once again doubled as the country's biggest fashion moment, as around 1,800 invited guests gathered at the Presidential Palace on Saturday evening. Former Prime Minister Sanna Marin drew particular attention after arriving in a gown that appeared, reportedly by coincidence, strikingly similar to that worn by Suzanne Innes-Stubb, the spouse of President Alexander Stubb. Both women wore dresses in an identical shade of silver blue — almost as if they were cut from the same sheet of fabric. Both evening gowns were also accompanied by similar blue sashes and honours. Marin's high-necked gown was designed by Anne-Mari Pahkala and Stubb's by Kaisa Turunen. Among the night's most anticipated outfits was that of Finland's Eurovision representative this year Erika Vikman, who arrived in a powder-coloured dress featuring a corset-style top and a dramatic train reminiscent of Hollywood's Golden Age. The couple to open the presidential handshake line this year was singer Katri Helena and her husband Tommi Liimatainen. It marked only the second time in the history of the Independence Day reception that a woman was the first to shake the Finnish president's hand. ""It is a great honour and one more pearl on the necklace of memories after these six decades,"" Helena told Yle. She ended her 62-year performing career in August with a farewell concert at Helsinki's Olympic Stadium. Later in the evening, one of the most striking dark ensembles appeared on the red carpet as Armas Lintusaari, producer for the contemporary circus group Arctic Ensemble, arrived wearing a shimmering jacket paired with a long black hem and exceptionally large shoes. All Points North's latest episode examines the legacy of Finland's dwindling war generation. Listen to the episode via this embedded player, on Yle Areena, via Apple, Spotify or wherever you get your podcasts. Below is a gallery of some other standout looks from Finland's biggest red carpet night of the year.",https://yle.fi/a/74-20198322,"[{'label': '4 stars', 'score': 0.498940110206604}]",1
2.12. 12:08,Culture,News,"Just under 20 guests of honour are expected, with the average age exceeding 100. Veterans and members of Lotta Svärd, a voluntary auxiliary paramilitary organisation for women, are celebrating Finnish independence on Tuesday at the Presidential Palace. It is taking place a few days ahead of the official holiday on Saturday 6 December. Tuesday's event brings together people of Finland's wartime generation, including veterans and Lotta Svärd members, hosted by President Alexander Stubb and his spouse Suzanne Innes-Stubb. The afternoon reception will also feature other members of the country's political leadership, with performances by the Guard's Band and singers from the National Opera. Just under 20 guests of honour are expected, with an average age exceeding 100. According to the President's Office, the daytime reception is designed to accommodate multiple guests and allow for unhurried conversations that take into account their advanced age and health. Every year, the President's Office announces a theme ahead of the official reception on 6 December. This year, the event will highlight the role of education and learning as cornerstones of Finnish society, according to Stubb's office. Yle will offer live coverage of Saturday's Independence Day gala on TV and its streaming platform Yle Areena. Edited at 15:50 on 2 December 2025 to include photos and video from the event.",https://yle.fi/a/74-20197358,"[{'label': '4 stars', 'score': 0.4961299002170563}]",1
30.11. 11:51,Culture,News,"Sunday kicks off the first Sunday of Advent, starting both the festive season and a new church year. In churches across the country, congregations on Sunday are singing Hoosianna, the opening hymn of the Finnish hymnal. More than two centuries old, the hymn reflects the intertwined histories of Finland and Sweden. Turku's musical society is believed to have performed it for the first time in 1807. The word ""hosanna,"" which appears in the New Testament, is the Greek form of an originally Hebrew cry for help addressed to a king or to God. Around 62 percent of Finland's population belongs to the Evangelical Lutheran Church. Watch Helsinki kick off the Christmas season with its traditional opening parade, one of Finland's largest festive events.",https://yle.fi/a/74-20196996,"[{'label': '5 stars', 'score': 0.44450634717941284}]",1
23.11. 14:01,Culture,News,"Church music is becoming more relaxed. Gospel music is growing in popularity. Over the past couple of years, Finnish congregations have established several gospel choirs, and this autumn Jyväskylä parish's new choir saw a surge in applications. So many people applied that the parish had to raise the participation cap from 50 to 120. Nationwide, the Evangelical Lutheran Church of Finland says that gospel's popularity is on the rise. Gospel is rhythmic spiritual music with roots in African-American culture. The word 'gospel' means 'good news.' As a Christian music genre, gospel is more energetic than classical choral music. A gospel choir is often accompanied by a band, and singers incorporate dance into their performances. Jyväskylä is not the only city where gospel is gaining ground. Teija Tuukkanen of the Church Council of the Evangelical Lutheran Church of Finland said that several gospel choirs have been established in Finland over the past couple of years. The change reflects Finnish church music becoming more diverse. ""You no longer have to be so serious — you can also embrace joy. The choir, for example, is allowed to dance in church,"" Tuukkanen explained. Helsinki, Kokkola, Tammisaari, Tampere and Kuopio now have gospel choirs. This autumn, new choirs have also started in Lappeenranta and Saarijärvi, in addition to Jyväskylä. Gospel has also attracted people who might not otherwise have been interested in joining a church choir, according to Tuukkanen. Nowadays, younger church music directors often have a background in popular rather than classical music, helping to fuel the trend. Tuukkanen also noted that improved language skills among congregants and church staff have made it easier to include English-language music in services. Jyväskylä parish's gospel choir performs songs in their original language, English.",https://yle.fi/a/74-20195685,"[{'label': '5 stars', 'score': 0.43134501576423645}]",1
21.10. 09:20,Culture,News,"Will Finland have a seat at the table in the upcoming Trump-Putin talks? Finland has been working behind the scenes to advocate for Ukraine ahead of a planned Trump–Putin meeting in Budapest. But according to Kauppalehti, Finnish President Alexander Stubb is, for now at least, not expected to attend the meeting in Budapest, where US President Donald Trump plans to meet Russia's Vladimir Putin in an effort to bring an end to the war in Ukraine. Finland and key European countries are working behind the scenes to promote a just peace for Ukraine. This effort is being carried out within the so-called coalition of the willing, which includes 26 nations, as well as a smaller Ukraine-focused group, both of which Finland participates in under Stubb’s leadership, the business daily explained. In Helsinki and across the capital region, rents are falling at a pace not seen before, reports Helsingin Sanomat. The decline in rents, which began in the spring, has accelerated through late summer and early autumn. Now, tenants are being enticed with gift cards worth hundreds of euros and rent-free months, as an oversupply of rental flats floods the market. Corporate landlords are offering potential tenants a month — or even a full month — of free rent at the start of their lease, as well as gift cards to furniture and grocery stores. ""Finns should be more willing to go out to eat with their kids,"" Carlos Henriques, the proprietor of Elm's in Helsinki, told Hufvudstadsbladet. Henriques, originally from Portugal, has lived in Finland for 14 years. His restaurant has piqued the Swedish-language daily's interest by offering babysitting services that have reportedly proven popular. He said that Finns' attitudes toward children in restaurants and public spaces differ sharply from those in southern Europe. ""I come from a culture where children are part of everything,"" he said. ""For us, it feels strange to think they wouldn't be included at dinner."" Even so, Henriques observed that attitudes in Finland are gradually changing. People are slowly learning that neither fellow diners nor restaurant staff regard children as a burden.",https://yle.fi/a/74-20189470,"[{'label': '2 stars', 'score': 0.36721792817115784}]",1
20.10. 09:33,Culture,News,"When it comes to plastic recycling, common sense doesn't always apply. The financial industry is worried about changes that would give tax officials broader rights to people's banking information. Business magazine Talouselämä explores a proposal put forward by the government that would grant Finland's Tax Administration broader powers to request information about taxpayers' finances. Finance Finland, an industry group, has sharply criticised the reform, arguing that it would open the door to extensive, large-scale data requests without the need to specify individual targets. Responding to the criticism, the finance ministry told the magazine that any information request made by the tax office must be justified and narrowly focused on data deemed essential for tax supervision. The proposal aims to support efforts to combat the grey economy, according to TE. The bill has now moved to parliament for consideration, with the law scheduled to take effect at the beginning of next year. Carson Chan, most recently curator of architecture and design at the Museum of Modern Art (MoMA) in New York, has been appointed chief curator of the Architecture and Design Museum in Helsinki. His job will be to lead the curatorial team at the Finnish museum, which is slated to relocate to Helsinki's South Harbour waterfront in 2030. ""The museum is a public institution of learning,"" Chan told Hufvudstadsbladet. ""We do not engage in politics in the way politicians do, but we can take clear positions and shape how people think about issues such as the climate crisis,"" he said. ""When it comes to climate change issues, we don't just need to reach people in their sixties, we need to engage the six-year-olds,"" Chan told the paper. Plastic recycling is not always as straightforward as people think, according to Maaseudun Tulevaisuus. Many people, without much thought, drop used plastic freezer bags into plastic recycling, but these actually belong in mixed waste, according to the agricultural paper. Only plastics that have served as packaging can be recycled as plastic waste, while general plastic items cannot. For example, the small plastic bags used for fruit and vegetables in stores are recyclable because they function as packaging, but biodegradable plastic bags, on the other hand, are not.",https://yle.fi/a/74-20189234,"[{'label': '2 stars', 'score': 0.42878901958465576}]",1
14.10. 14:30,Culture,News,"The mystery of the painting's whereabouts started to unravel when the curator of a gallery in Helsinki spotted a plaque at a museum in the Spanish city of Córdoba. A painting by the Spanish Baroque artist Antonio del Castillo y Saavedra (1616–1668), which was thought to have been lost for hundreds of years, has been discovered on display at the Villa Gyllenberg Art Museum in Helsinki. The artwork, entitled Saint Peter Martyr, was painted sometime between 1650 and 1655 as part of a series depicting saints that originally belonged to the Dominican monastery of San Pablo in Córdoba, southern Spain. The painting has been missing since around 1830, when the Spanish state sold the monastery's properties and confiscated its assets. The San Pablo series, which includes 10 paintings in total, was broken up and was believed for centuries to have been lost. According to Finnish news agency STT, Villa Gyllenberg's Chief Curator Lotta Nylund was on holiday in Andalusia last year when she spotted a plaque at the Fine Arts Museum in the city of Córdoba which read: ""Saint Peter Martyr – location unknown"". ""I think I know where this lost work is located,"" Nylund tells STT of her thoughts at the time. ""When I got home, I compared the measurements of the works and read all the research literature, and it started to look more and more likely that the painting at Villa Gyllenberg is actually one of the missing parts of the Córdoba series."" Further research confirmed her suspicions, and collaboration between the two museums led to Castillo expert José María Palencia Cerezo travelling to Helsinki to confirm the work was part of the San Pablo series. Finnish art collector Ane Gyllenberg purchased the painting from a gallery in London in 1934. An exhibition of Gyllenberg's collection — including the once-lost Saint Peter Martyr — will open at Villa Gyllenberg on 15 October.",https://yle.fi/a/74-20188317,"[{'label': '4 stars', 'score': 0.3255181610584259}]",1
29.9. 11:35,Culture,News,"Finnish actor Maria Sid was also nominated for an international Emmy in the best female actor category. The fourth season of Finland's animated TV series Moominvalley (Moominlaakso in Finnish) has been nominated for an international Emmy Award by the International Academy of Television Arts and Sciences. In its announcement, the academy revealed 64 nominees from 26 countries across 16 categories. This year marked the second time that Moominvalley has received an Emmy nod — it was first nominated in 2020. Moominvalley is the latest in a number of animated series about Finland's beloved Moomin family and cast of peculiar characters. The series is jointly produced by the Finnish firm Gusty Animations and Yle, the Finnish Broadcasting Company. In the Finnish version, Moominvalley's characters are voiced by actors including Joonas Nordman, Satu Silvio and Olavi Uusivirta. When the series began in 2019, it was reportedly Finland's most expensive TV production. Moominvalley can be seen on Yle's multimedia streaming platform Areena. Finnish actor Maria Sid was also nominated for an international Emmy, in the best female actor category, for her work in the Swedish series Pressure Point (Smärtpunkten in Swedish). The series is about a playwright and producer who decided to develop a play featuring inmates at a high-security prison — but their aim to help rehabilitate their imprisoned actors doesn't go as planned. This year's Emmy gala is scheduled to be held in New York City on Monday, 24 November.",https://yle.fi/a/74-20185534,"[{'label': '4 stars', 'score': 0.45637983083724976}]",1
11.9. 13:09,Culture,News,"An open and anonymous competition to design the Museum of Architecture and Design received over 600 entries from around the world. The design of Helsinki's new Museum of Architecture and Design, set to be located in the capital's South Harbour district, has been chosen following an anonymous competition. The winning design, named ""Kumma"" (which can mean ""peculiar"" or ""curious"" in Finnish), was submitted by the Finnish architectural firm JKMM Architects. The company is renowned for having also designed the Amos Rex art museum building, the capital's Dance House, as well as a new extension to Finland's National Museum. ""Kumma respects the cultural landscape of the South Harbour, preserving important views from Tähtitorninvuori towards the Market Square and Katajanokka, while establishing a clearly recognisable new landmark,"" the company said in a press release. The budget for the construction of the new museum is estimated to be about 105 million euros, with work expected to begin by the end of 2027 and doors set to open to the public in 2030. The museum will be located at the same site as the previously-planned Guggenheim art museum, which was voted down by the Helsinki city council in 2016. JKMM's illustrations show the impact Kumma will have on Helsinki's skyline: The open and anonymous design competition was launched in 2024, and a total of 624 entries were submitted from across the world, five of which advanced to the final stage. Samuli Miettinen, principal designer at JKMM, told Yle that he hopes the museum will become a landmark location. ""Maybe, in the future, hockey world championships will be celebrated in front of Kumma Square instead of at Havis Amanda,"" Miettinen said.",https://yle.fi/a/74-20182351,"[{'label': '4 stars', 'score': 0.4276440441608429}]",1
7.9. 09:39,Culture,News,"The country has been hosting beauty contests since the early 1930s. Sarah Dzafce has been named Miss Finland 2025, according Iltalehti. Dzafce credited her victory to strong family support. With a father from Kosovo and a mother from Finland, she said her mixed heritage has made it easier to connect with people from varied backgrounds. The first runner-up was Tara Lehtonen, with Julianna Kauhaniemi taking the second runner-up position. The competition was staged at the Hype arena in Espoo on Saturday. Finland has a long history of beauty contests. Archived pageants from 1933 to 1978 are available on Yle's Areena streaming service.",https://yle.fi/a/74-20181486,"[{'label': '4 stars', 'score': 0.41396787762641907}]",1
25.8. 16:35,Culture,News,"The new world champion, Aapo “The Angus” Rautio, has taken part in Oulu's World Air Guitar Championships since the age of 10. Aapo ""The Angus"" Rautio, 25, from Oulu, was crowned the air guitar world champion on Saturday evening in his home city. Rautio's victory means that the World Air Guitar title has now returned to the event’s host country, Finland, for the first time since 2000. This year, the World Air Guitar Championships also attracted an exceptional amount of interest from foreign media, making headlines as far afield as Australia and the United States. This is the local air guitarist's first championship win, but by no means his first time participating in the competition. Rautio first competed in the event when he was just 10 years old – that is, 15 years ago. Yle interviewed Rautio when he participated in the games for the first time over a decade ago: He won the world championship on his seventh attempt, after making it into the finals five times. Rautio narrowly edged out Yuta ""Sudo-chan"" Sudo of Japan for the gold medal, with Apolline ""Lady Attila"" Andreys of France coming in third. This year’s other competitors came from the Netherlands, Belgium, Great Britain, Canada, Norway, Sweden, Germany, Taiwan, New Zealand and the United States. ""I knew from the beginning of the week that I really didn't want to take the competition too seriously,"" he told Yle. ""I really just wanted to have fun."" For him, the most important thing is not the contest itself, but the community that surrounds it. ""We have a global network that’s like a family to me. These people aren’t just friends to me, they’re my sisters and brothers. And this family grows every year,"" he said.",https://yle.fi/a/74-20179269,"[{'label': '4 stars', 'score': 0.4501517117023468}]",1
10.8.2025 13:13,Culture,News,"The three-week journey will see the cyclists hand over thousands of Christmas wish lists to Santa Claus in Rovaniemi. Three postal workers set off on Saturday on a nearly 3,000-kilometre bike ride from Germany to Santa Claus Village in Rovaniemi, reports German news agency dpa. The cyclists are travelling north to deliver letters and Christmas wish lists addressed to Santa Claus from St. Nikolaus in Saarland state. Their journey, which will take them through Germany, Denmark, and Sweden, is expected to last three weeks. The group is part of the German postal service's volunteer team responsible for replying to children's letters from around the world sent to the St. Nikolaus post office. The village of St. Nikolaus is one of seven places in Germany with Christmas-themed names. All of these receive letters addressed either to Santa Claus or to Saint Nicholas, a key figure in German Christmas traditions. Each year, more than 30,000 letters arrive. This year, Saint Nicholas entrusted the cyclists with his own wish list, hoping to receive a reply from Santa Claus in Finland.",https://yle.fi/a/74-20176707,"[{'label': '4 stars', 'score': 0.5010461211204529}]",1
9.8.2025 10:39,Culture,News,"The Finnish flag is often raised in celebration of Tove Jansson on 9 August. All across Finland on Saturday, flags are fluttering in celebration of author and artist Tove Jansson (1914-2001) and of Finnish art itself. Jansson, beloved worldwide for her Moomin stories, was also a celebrated painter, illustrator and cartoonist. As a Swedish-speaking Finn, she wrote in Swedish, but her tales have wandered into more than 50 languages, carrying Moominvalley far beyond Finland's borders. She published the first Moomin book, The Moomins and the Great Flood, just after the Second World War in 1945. Since 2020, the Ministry of the Interior has encouraged flag-raising on Jansson's birthday as a salute to Finnish art and creativity. Jansson's whimsical Moomin characters made headlines last week when a figure was removed from a major exhibition at the Brooklyn Public Library in New York, after a supporter of the institution raised concerns that it could be perceived as racist. The Brooklyn exhibition, the first in the United States to focus on Tove Jansson and the Moomins, has proven popular — especially among younger audiences. The New York Times noted that the Moomins' rise in popularity in the US is comparable to the cultural impact of Peanuts' Snoopy.",https://yle.fi/a/74-20176608,"[{'label': '5 stars', 'score': 0.3750934600830078}]",1
8.8.2025 17:21,Culture,News,"Flow Festival is one of the largest music festivals in Finland. Flow Festival, which opens in Helsinki on Friday, is facing unprecedented calls for a boycott over alleged links to Israel through its US majority owner, investment firm KKR, and some sponsors. The activist group Flow Strike says these ties make the event complicit in Israel's actions in Gaza, urging organisers to cut all Israeli connections or risk losing the festival's city permits. Flow was sold to UK-based Superstruct in 2018, which was itself acquired by KKR last year. KKR has global investments, including some in Israel, but these are relatively small, according to Finnish media. Sponsors such as Heineken and Google also operate in Israel. Flow's artistic director Tuomas Kallio has described the idea that the festival is directly linked to ""apartheid and genocide"" as ""at best artificial,"" adding that almost every major player in the music industry has some connection to Israel. Several artists have voiced discomfort about performing, with some planning to donate their fees to Palestinian causes. Members of the band Ruusut said they will use their Saturday set to call for Finland to recognise Palestine and halt arms sales to Israel. The boycott campaign mirrors similar moves across Europe against cultural events with perceived Israeli ties.",https://yle.fi/a/74-20176558,"[{'label': '4 stars', 'score': 0.2737197279930115}]",1
6.8.2025 11:26,Culture,News,"Helsinki's Kallio district was transformed this summer through a pilot programme that turned busy urban streets into pedestrian-friendly zones with more greenery and seating. The City of Helsinki's ""Summer Streets"" initiative in Kallio, which transformed urban streets into more pedestrian-friendly zones, is set to return next year. City officials said that while most feedback from residents has focused on challenges like limited parking and changes to traffic flow, the overall response has been positive. ""Helsinki residents have been very pleased. There have even been requests to bring summer streets to other parts of the city,"" said project engineer Pirita Ilmonen from the City of Helsinki. Yle News reporter Matthew Schilke asked locals what they thought about the summer pilot project. The street design was developed in collaboration with local residents and businesses. As part of the plan, parking spaces were replaced with plants, furniture, and light structures that can be easily removed for winter. New seating was added on Porthaninkatu, with plants and furniture along Fleminginkatu and near Karhupuisto park. An event stage opened by Kallio Library, and upgrades were made to squares around Kallio Church, Torkkelinaukio, Ympyrätalo, and Kolmas linja. ""The plan is to recreate the summer streets in a similar form next year, but that will be confirmed in the fall."" According to Ilmonen, no major changes are expected for next year, but lessons will be learned from this summer. ""The summer shows what works and what may need to be adjusted."" The project cost the City of Helsinki about 1.5 million euros.",https://yle.fi/a/74-20176103,"[{'label': '4 stars', 'score': 0.544421374797821}]",1
26.1. 13:05,Nature,News,"The H5N1 infections were found in three geese and a swan. According to the City of Helsinki, health authorities have confirmed avian influenza infections in four waterbirds in the city this month. The infections were confirmed in a swan and three geese in the Kallio district, according to a press release. Local authorities decided to take the swan, which was found in poor condition at Tokoinranta park, for euthanisation at Korkeasaari Zoo's Wildlife Hospital. The remains of three geese were found in the adjacent Eläintarhanlahti harbour area, according to the city. Tests confirmed type-H5N1 avian influenza in all four of the birds, a type of infection that causes high mortality in wild birds and poultry livestock. However, the potential risk that bird flu poses to humans is minimal, according to the City. The virus type confirmed in the examined birds has not been found to cause infections in humans in Finland, it said. Avian flu is not transmitted through food, for example in eggs or poultry meat — as long as they are properly prepared and cooked to appropriate temperatures. The City also noted that it is also rare for avian flu to infect pets. But it suggested that pet owners should keep their cats and dogs away from dead or sick birds in areas where avian influenza has been detected. Additionally, it advised dog owners to avoid taking their pups to areas that are contaminated with bird droppings. The City encouraged people to report observations of mass bird deaths — which in terms of waterfowl means at least five dead birds, or more than 10 other types of birds. The City of Helsinki said it is continuing to feed the waterbirds around Tokoinranta park over the winter. According to the City, the birds need the nourishment and feeding the birds there helps to keep them from spreading to other areas.",https://yle.fi/a/74-20206448,"[{'label': '2 stars', 'score': 0.2628093659877777}]",1
22.1. 12:48,Nature,News,"Although skies over Finland were generally cloudy, some lucky stargazers captured spectacular images. Exceptionally vivid aurora borealis, also known as the northern lights, have been observed over Finland during the past few days. The spectacular show was caused by a very powerful solar storm, which Finnish weather researcher Ilja Honkonen said is the strongest on record since 1991. A coronal mass ejection (CME) was emitted from the sun on Sunday evening, according to astronomers, and its impact was enhanced by the release of a cloud of gas. When a CME reaches Earth, it interacts with the planet’s magnetic field, causing the aurora borealis. Unfortunately, the effects of this celestial event coincided with cloudy skies over Finland on Wednesday evening, although many stargazers had sent photos and videos to Yle from Tuesday night's vibrant show. Here is a selection of the images. The All Points North podcast went chasing the northern lights in Finnish Lapland. Listen to the episode via this embedded player, on Yle Areena via Apple or Spotify or wherever you get your podcasts.",https://yle.fi/a/74-20205870,"[{'label': '4 stars', 'score': 0.3894219696521759}]",1
21.12. 10:54,Nature,News,"The days begin getting longer at different times in different places, with dawn arriving later for several more days in southern Finland. Sunday is the winter solstice, when the sun remains above the horizon for the shortest time in the Northern Hemisphere. The exact moment of solstice is 5:02pm on 21 December, when the sun is directly above the Southern Tropic of Cancer. The timing varies slightly every year. The next winter solstice will be at 10:50pm on 21 December 2026. The days begin getting longer at different times in different places. In southern Finland, the sunset time becomes later a few days before the winter solstice. On the other hand, sunrise continues shifting later until late December. On the 28th, for example, sunrise is 9:25am in Helsinki and 11:04am in Rovaniemi. Further north, the sun stays below the horizon until January. You can see the sunrise and sunset times for various places in Finland on websites such as päivyri.fi. The amount of light increases slowly, by a few minutes a day. In Oulu, for instance, sunset is about a minute later every day this week, advancing from 2.03pm on Sunday to 2.16 on New Year’s Eve. Brighter times are ahead. Two months from now, sunset in Tampere, for example, will be 5:26pm, compared to around 3pm now. Meanwhile residents of the western town of Turku will already be able to bask in early evening light for several minutes longer. Even now, Turku gets about 20 minutes more daylight than Helsinki even though it is slightly further north. In Finland’s northernmost municipality, Utsjoki, the sun set on 25 November and will not reappear until 16 January.",https://yle.fi/a/74-20200980,"[{'label': '3 stars', 'score': 0.32564523816108704}]",1
28.11. 10:55,Nature,News,"The city wants to preserve its sprawling Central Park as a unified green space. The City of Helsinki is planning to make its sprawling Central Park into Finland's first urban national park, it announced in a press release on Thursday. The City said it is aiming to submit the national park application to the Urban Environment Committee and then the City Board, ""for decision-making sometime in 2026"". ""The Ministry of the Environment will decide on approving the application. The establishment of a national urban park is governed by the Land Use and Building Act,"" the City's release explained. According to the City, the aim of national urban parks is to ""preserve and develop urban nature and the built cultural environment as extensive and unitary wholes, and to develop the green and recreation network of the area"". The Central Park extends some 10km from Töölö in the downtown, northward into Haltiala, near the Vantaa city line. Depending on the location, the 1,000-hectare area features dense forest, twisting trails and broad vistas of farmland. It is a swathe of land that — with the exception of the central downtown area — divides the city with green space. The affected neighbourhoods include Oulunkylä, Haaga, Kaarela, Laakso, Ruskeasuo, Tuomarinkylä, Töölö, Pasila, Alppiharju, Kallio, Kluuvi and Pakila. The City said it looked into establishing a national park in 2017-2010, but the matter returned to the ""drawing board"" after a preliminary investigation phase. It opened a resident survey about the effort on Thursday, to hear people's opinions about the things that should be preserved and what improvements could be made in the area. The survey will be open until 21 December. So far, Finland has 41 national parks, all in rural areas.",https://yle.fi/a/74-20196721,"[{'label': '4 stars', 'score': 0.3755941689014435}]",1
23.11. 12:51,Nature,News,"Mining investors are showing interest in Finland. Finland has emerged as the world's most attractive destination for mining investment, reports Finnish news agency STT. An international survey of mining companies ranked Finland as the world's most attractive region for mining investment. The survey was conducted by the Canadian Fraser Institute. Finland's bedrock contains abundant deposits of valuable minerals. Other factors attracting investment include a stable society, clear regulatory framework and a skilled workforce. Finland's appeal to investors has jumped in a relatively short period. Just a year ago, mining companies ranked the country 17th among the world's most attractive regions for investment.",https://yle.fi/a/74-20195681,"[{'label': '4 stars', 'score': 0.3060172200202942}]",1
20.11. 16:30,Nature,News,"The change is necessary due to ""the growing concerns of citizens regarding wolves and other large carnivores,"" said Minister of Agriculture and Forestry Sari Essayah (CD). The government has approved a bill that allows the hunting of wolves for population management purposes. The cabinet sent the amendment to the Hunting Act to Parliament for approval. It is expected to be rubber-stamped and to come into force on 1 January. The initial goal is to allow the hunting of 65 wolves at that point. Minister of Agriculture and Forestry Sari Essayah (CD) made the announcement at a press conference on Thursday, hailing it as ""a historic change"". ""The government takes seriously citizens' growing concerns regarding wolves and large carnivores,"" the Christian Democrats chair told reporters. The bill would remove the year-round protection of wolves, which has been in effect since 1973, with a few exceptions. In future, wolf hunting seasons would be regulated by the government decree, with regional quotas set by the Ministry of Agriculture and Forestry. According to Essayah, ""the goal is to create a new, long-term solution for wolf population management, in which sustainable wolf hunting can manage the problems and harm caused by wolves"". Wolves sometimes prey on livestock and pets, but have not killed a human in Finland since the nineteenth century. The number of wolves in Finland has increased sharply, according to a report published in September by the Natural Resources Institute Finland (Luke). It estimates that there were between 413 and 465 wolves in the country last March, before this year’s cubs were born – and predicted continued strong population growth. Last May, the European Parliament voted to change the EU's Habitats Directive, redesignating the wolf as a protected species rather than a strictly protected one. Protected species can be hunted, while strictly protected species can only be hunted under special exemptions if an animal poses a threat. The hunting of wolves for population management purposes was last permitted in December 2021. The Finnish Wildlife Agency issued exceptional permits for the hunting of 18 wolves, but nature conservation organisations appealed the decision to the administrative court, and the permits were not implemented. Hunting was also allowed briefly in 2015-16.",https://yle.fi/a/74-20195277,"[{'label': '4 stars', 'score': 0.3320578932762146}]",1
16.11. 13:08,Nature,News,"Reindeer don't usually venture into Rovaniemi's busiest downtown area, though they are often encountered on the other side of the river. A small group of reindeer caused a stir in central Rovaniemi, Finnish Lapland's largest city, on Friday after unexpectedly appearing in the city's core. Four reindeer were spotted on Pekankatu and in front of the Arctic Light Hotel, drawing excited crowds of tourists and puzzled looks from locals. Several visitors rushed out of nearby restaurants to photograph the animals as they wandered calmly through the street. Reindeer are not typically seen in Rovaniemi's busiest downtown area, though they are often encountered on the opposite side of the river near Koskipuisto and the beach. Hanna Nurmi, executive director of the Reindeer Herders' Association, believes the animals likely reached the city centre by crossing a bridge ""just like people do"". The Kemijoki river remains unfrozen, she noted, meaning the reindeer could not have walked across ice. Nurmi viewed the incident with good humour. ""Reindeer appearing for tourists to marvel at can be a positive thing,"" she said. ""Of course, they will find their way eventually, but the herding cooperative will remove them if they become a nuisance."" She added that local herders, who are trained in capturing and handling the animals, can transport them away in a van if necessary. In Finland, reindeer are semi-nomadic animals that roam freely but are privately owned and managed by local herding cooperatives.",https://yle.fi/a/74-20194390,"[{'label': '4 stars', 'score': 0.38099855184555054}]",1
8.11. 11:38,Nature,News,"According to the University of Helsinki's Institute of Seismology, minor earthquakes are not unusual in the Kymenlaakso region. A minor earthquake rattled Kotka, southeast Finland, around 11pm on Friday. According to the University of Helsinki’s Seismological Institute, the temblor had a magnitude of 1.2. ""This is a small earthquake. Such events are not unusual in Kymenlaakso, because the ground is slightly different than elsewhere,"" the institute’s director, Suvi Heinonen, told Yle. According to Heinonen, the institute immediately received about 15 reports about the incident from the public via its website. Kai Savolainen, who lives in a block of flats in Kotka’s Sapokka neighbourhood, was startled by a loud bang that shuddered the building's structures. ""I wondered what had blown up. I went to the balcony to look, but I couldn't hear any emergency vehicles,"" Savolainen said on Saturday morning. Residents in other parts of the city described similar experiences in social media posts. According to Heinonen, smaller aftershocks are possible. Earthquakes occur relatively frequently in the Kymenlaakso region, which also includes the towns of Kouvola and Hamina. For example, in December 2022, a 1.8 magnitude earthquake was felt in Kotka and Pyhtää.",https://yle.fi/a/74-20192850,"[{'label': '2 stars', 'score': 0.2606826722621918}]",1
29.10. 14:41,Nature,News,"A grinning bear and a red-throated diver's water landing are Finland’s representatives in the annual international photo competition. The shortlist for this year's Comedy Wildlife Photography Awards has been announced, and there are two Finnish nature photographers vying for the prize. Valtteri Mulkahainen, from Sotkamo in Eastern Finland's Kainuu region, has made the shortlist on a previous occasion — with his photo of a bear happily sniffing a flower. An image he captured in 2013 of 'dancing bears' in a Finnish forest was also picked up by international media. His entry this year, of a grinning bear, is entitled ""Smile, You're Being Photographed"". ""This one-year-old cub noticed me and started to smile. Apparently, it had already posed for photographers before,"" Mulkahainen said. Finland's other hope is carried by Erkka Badermann, from Kirkkonummi in the south of the country, who snapped his entry while taking photos at a nearby pond in the spring. The weather was wet and cold, Badermann remembers, when he noticed from the behaviour of a female red-throated diver that her mate was about to land on the water. ""The red-throated diver is quite a ""bad"" flyer, and its landings are usually very wobbly: it tries to find its balance with its legs stretched out behind and then lands on its belly to slide along the water’s surface. I like to say they use the water as their runway,"" he explained. His entry is called ""Landing Gears Down"". Below is Yle's selection of some of the other images to have made this year's shortlist of 40 photos. The winner will be announced at an awards ceremony in London on 9 December. The compeition, which was first launched in 2015, is open to nature photographers of all levels, and aims to celebrate nature as well as highlight what needs to be done to protect and conserve it.",https://yle.fi/a/74-20191060,"[{'label': '4 stars', 'score': 0.5206282734870911}]",1
27.10. 15:34,Nature,News,"The deal means the new owners can continue to care for the animals on the former zoo's premises. The receiver in charge of Ähtäri Zoo's bankrupt estate has sold the facility’s properties and land to the Vieraile ja välität (translated into English as 'Visit and Care') association, which is made up of the zoo's current and former employees. The agreed sale price is one euro plus value added tax of 25.5 percent. Ähtäri municipal council, which held a 99 percent stake in the zoo, approved the deal at a meeting last Friday. The sale means the association can continue caring for the animals on the premises of the former zoo, as the deal includes the lease on the facility's land and properties as well as all its machines, equipment and vehicles. Ähtäri Zoo Ltd filed for bankruptcy earlier this month after years of financial struggles. The facility was once home to Lumi and Pyry, two giant pandas leased by the Chinese government to the zoo in 2018 amid much fanfare and talk of ""panda diplomacy"". However, the costs of housing and feeding the pandas became too much for the zoo, especially as visitor numbers did not meet expectations, and a decision was made last year to send Lumi and Pyry back to China. The Vieraile ja välität association was founded in 2019, a year after the pandas arrived at the facility in South Ostrobothnia. The association's aim was to provide a safety net in case the zoo ran into financial difficulties, and to ensure that animal conservation and research could continue in the event of, for example, the facility's bankruptcy. Although the association has taken on responsibility for taking care of the animals, it is not a business venture and therefore the doors of the zoo will remain closed to the public, aside from occasional visits or open days. Yle News' All Points North podcast visited Ähtäri Zoo last year, just before Lumi and Pyry departed for China. Listen to the episode via this embedded player, on Yle Areena, via Apple, Spotify or wherever you get your podcasts.",https://yle.fi/a/74-20190633,"[{'label': '4 stars', 'score': 0.3154604136943817}]",1
26.10. 10:03,Nature,News,"The photographer behind the winning shot met his subject by chance. A chance encounter with a lynx has won nature photo of the year. Ossi Saarinen's winning photograph, 'Paws,' offers a close-up study of a lynx's thick-furred paws. The competition's jury described the winning picture as boldly different, defying the conventions of traditional nature photography. Caught unprepared for such proximity, Saarinen said he found himself face to face with a lynx only a few metres away. The photograph only shows the animal's sturdy forelegs and furry paws resting on a moss-covered tree trunk. Organised by the Finnish Nature Photographers’ Association, the competition drew more than 12,000 entries from over 700 photographers. This year marked its 45th edition.",https://yle.fi/a/74-20190438,"[{'label': '4 stars', 'score': 0.4227806031703949}]",1
20.10. 10:40,Nature,News,"Dozens of observations were registered with the Ursa Astronomical Association, from locations such as Vaasa, Seinäjoki, Lapua, and Kokkola. Dozens of eyewitnesses reported seeing a green fireball, or an unusually bright meteor, in the skies over western Finland on Sunday evening. The flash occurred just after 9pm, and the reports registered with the Ursa Astronomical Association came from locations including Vaasa, Seinäjoki, Lapua, and Kokkola. Vaasa resident Timo Alanko, a member of the region's astronomical society, captured footage of the meteor as he has special-purpose surveillance cameras pointed at the sky from the roof of his home — which record day and night. He checked the cameras after a neighbour tipped him off about a flash in the sky, and he was stunned by what he found. ""This is the big one we’ve been waiting for,"" Alanko told Yle. ""I’ve managed to capture a few, the most recent one was probably last year further south, but I haven’t yet recorded a fireball this bright. This is the most spectacular one so far."" The exact landing site of the meteor is not known as of Monday morning, but preliminary estimates suggest it may have fallen somewhere in the region of Northern Ostrobothnia. ""Sometimes a fireball can be seen from hundreds of kilometers away. People often think that it fell behind the forest in the neighbouring village. But it could actually be 700 kilometers away,"" Alanko explained. Fireballs are a regular sight in the skies over Finland, especially during this time of year when the nights are darker for longer, but bright ones are quite rare. ""Almost every night there's some kind of small streak somewhere, but these incredibly bright ones are seen maybe once a year,"" Alanko noted, adding that Sunday's fireball was about the size of a tennis ball or a soccer ball. ""Quite often they contain iron. What people might call a shooting star can be the size of a sugar cube, or even smaller,"" he said. A fireball's bright light and colours are created when the object collides with the atmosphere at high speed. Several people also reported hearing a loud rumbling noise shortly after the fireball was visible on Sunday evening.",https://yle.fi/a/74-20189258,"[{'label': '5 stars', 'score': 0.40521493554115295}]",1
15.10. 14:01,Nature,News,"This year the cameras will follow mother Muru, an English Springer Spaniel, and the early life stages of her 11 newborn pups until they are old enough to go to new homes. The fifth season of Yle's popular 'Pentulive' (Puppy Live in English) began streaming across the broadcaster's platforms on Tuesday evening. This year the webcast will feature mother Muru, an English Springer Spaniel, and the 11 pups she gave birth to over the course of three hours during the opening evening's livestream. The webcast will be available 24/7 over the coming eight weeks, and you can watch it on Yle Areena, the yle.fi website, on the Yle app, or from the video at the top of this article. Pentulive's producer, Jyri Loikkanen, told Yle News that the series intends to find the ""right balance between a mix of entertainment and factual content around dogs"" — and previous seasons of the show have certainly captured viewers' attention. ""In 2024, the Pentulive stream was viewed for a total of 2.6 million hours, so one could say that on average every Finn watched half an hour of Pentulive last year,"" Loikkanen noted. Previous seasons have featured litters of Labrador Retrievers, Shibas, Whippets, and Border Collies. As per usual, Pentulive is filmed at the breeder's home, ensuring Muru and her pups receive the best possible care. With cats also in the breeder's home, viewers can watch the new puppies get acquainted with other animals.",https://yle.fi/a/74-20188522,"[{'label': '4 stars', 'score': 0.500633955001831}]",1
12.10. 11:26,Nature,News,"Minister of Agriculture and Forestry Sari Essayah (CD) said that she would seek to allow wolf hunting as of 1 January. The Ministry of Agriculture and Forestry is planning to allow the hunting of at least 65 wolves this coming winter. The ministry has decided a wolf population of 273 would ensure a favourable conservation status, far below the current population of about 430. Finland determines the large predator’s conservation status in a report to the European Commission, which EU member states must submit every six years. The latest report, issued on Friday and covering the 2019-24 period, declares the Finnish wolf population is at a favourable conservation level through most of the country, up to Fell Lapland, the northwesternmost part of the country. According to a report published by the Natural Resources Institute Finland (Luke) at the end of September, the number of wolves in Finland has risen dramatically, especially in the west and southwest. Wolves prey on livestock and pets, but do not pose a serious direct threat to humans. The institute estimated that there were around 430 wolves in the country last March, up by 46 percent from a year earlier. That is the month when the population is typically at its lowest, before cubs are born. Even before that report was issued, Minister of Agriculture and Forestry Sari Essayah (CD) said in a social media post last month that she would propose that wolves hunting be allowed from the beginning of next year. She said the government would ask Parliament to approve a downgrading of the wolf's conservation status from a fully protected species to a protected species. Last spring, the European Parliament made a similar decision, which has been sharply criticised by conservation groups. Essayah, a former MEP and world champion in race walking, she has led the ministry for just over two years and the small Christian Democrats party for a decade. Meanwhile elk hunting season began throughout the country on Saturday. The Finnish Wildlife Agency has issued over 38,000 elk hunting permits for this season. Elk hunting already began at the beginning of September in Lapland and parts of Northern Ostrobothnia, but spread to cover all of Finland on 11 October. The nationwide hunting season ends on 15 January. Luke estimates that there are about 87,000 European elk (similar to North American moose) in Finland this year.",https://yle.fi/a/74-20187938,"[{'label': '4 stars', 'score': 0.2866344451904297}]",1
6.10. 16:04,Nature,News,"Enthusiasts taking part in Europe's biggest birding event in Orimattila spotted up to an estimated 70,000 barnacle geese on Saturday alone. Birdspotters across Finland observed more than one million birds last weekend as they participated in EuroBirdwatch, Europe's biggest birding event, according to BirdLife Finland. The group noted that the most abundant bird species observed in Finland was the barnacle goose, even though members of the species began migrating for the winter a couple of weeks ago. Tens of thousands of the geese were observed over the weekend, especially in the regions of North Karelia, Kymenlaakso and Päijät-Häme, according to a BirdLife Finland press release. Birders in the Päijät-Häme city of Orimattila spotted up to an estimated 70,000 barnacle geese on Saturday alone. Abundant numbers of brambling finches and wood pigeons were also spotted across the country. Rarer species were also observed, including pied wheatears on Åland's Lågskär island, and Siberian stonechats on Åland's Kökar island. Meanwhile, birders in Espoo spotted tufted larks. The EuroBirdwatch event monitored the autumnal migration of birds in a total of 34 European and Central Asian countries.",https://yle.fi/a/74-20186848,"[{'label': '4 stars', 'score': 0.2819470167160034}]",1
28.9. 12:03,Nature,News,"Finnish farms have seen a profit boost, reports Finnish news agency STT. Agricultural profitability is improving, according to a forecast from the Natural Resources Institute Finland (Luke), with the gains concentrated among large farms. Average entrepreneurial income is expected to reach just over 37,000 euros this year, up from roughly 21,000 euros in 2024. The most profitable operations are poultry and cattle farms, along with large greenhouse businesses specialising in vegetables. Pig farms, by contrast, continue to struggle. Smaller farms typically lag behind their larger counterparts in earnings. Luke previously reported that in the early 2000s, Finland had some 100,000 farms, but today less than half of that number remains.",https://yle.fi/a/74-20185413,"[{'label': '4 stars', 'score': 0.385336697101593}]",1
26.9. 14:01,Nature,News,"Elks are Finland’s biggest mammals, weighing up to 700kg, so a collision can be extremely dangerous. The Fintraffic Road Traffic Centre urges motorists to be wary of elk crossing roads at this time of year. On Friday, the agency warned of the heightened risk of collisions, especially in the morning and evenings in areas where the European elk — a close relative of the North American moose — is common. There are more of the large mammals on the move now due to the autumn hunting season, the animals' rutting season and migration to winter pastures, the centre says. There were over 1,650 elk collisions in Finland last year, up by almost 10 percent from the previous two years. Most elk accidents occur at dawn and dusk in the autumn. ""It is particularly important to adapt driving speed and be prepared to stop at short notice in areas where a game fence starts or ends,” said Fintraffic’s Eero Sauramäki in a press release. ""The right situational speed and sufficient safety distances give us valuable additional seconds. Foresight, efficient use of high beams and keeping an eye on the shoulder of the road are important now,"" he went on to say. Last year, Northern Ostrobothnia, including the Oulu region, recorded the most elk-related crashes with 163. Uusimaa, covering the capital region, followed with 153, and Central Finland, around Jyväskylä, had 137. There have been around 600-700 elk accidents between September and November over the past two years. March is the month with the lowest statistical risk of hitting an elk. Between 2021 and 2023, there was one fatal moose accident each year, according to the Finnish Road Safety Council (Liikenneturva). None were reported last year, but there have already been at least two this year. The elk is Finland’s biggest mammal. A large bull can measure nearly three metres from nose to tail and weigh up to 700kg.",https://yle.fi/a/74-20185168,"[{'label': '4 stars', 'score': 0.2793610095977783}]",1
17.9. 15:44,Nature,News,"These non-native predators can wreak havoc on bird populations. The Finnish Wildlife Agency says that a two-year project dramatically reduced their numbers in crucial waterfowl nesting areas. Finland’s raccoon dog population has been drastically reduced in important wildfowl nesting areas, the Finnish Wildlife Agency said on Wednesday. Between 2022 and 2024, approximately 11,000 raccoon dogs and more than 2,700 mink were removed from 72 such areas around Finland. The alien predator project was carried out with nearly 400 designated hunters and their dogs, who spent some 50,000 hours of work on the project annually. The raccoon dog and mink, which have virtually no natural enemies in Finnish nature, pose a threat to waterfowl, as a single individual can destroy a large area of nesting sites. They are legally classified as invasive alien species. Researchers at the University of Turku have confirmed that the raccoon dog population has been reduced at the hunting sites, based on game camera observations and a decrease in predation events in nesting areas. The Finnish Environment Institute is also studying the project's impact on bird populations. So far it has found encouraging results. For example, at Matalajärvi, near Lake Bodom in Espoo, the number of Eurasian coot chicks has risen significantly since the project began. ""The results were a positive surprise. It is incredible that the raccoon dog population was reduced on such a large scale. This is good news for Finland's biodiversity,"" Mikko Toivola, who oversaw the project at the Finnish Wildlife Agency, said in a statement on Wednesday. Kari Karhula, project manager at the state forest agency Metsähallitus, agrees. ""Predation pressure from non-native predators, especially mink and raccoon dogs, is one of the most significant reasons for the decline of waterfowl species in Finland,"" he said. ""These results are an encouraging example of how practical nature management work can have an impact.""",https://yle.fi/a/74-20183472,"[{'label': '4 stars', 'score': 0.2815917730331421}]",1
9.9. 11:47,Nature,News,"Biodegradable plastics tend to decompose relatively slowly in Finland, the Finnish Environment Institute says. In terms of curbing environmental harm in Finland, recycling ordinary plastic bags may be a better alternative than using so-called biodegradable plastic ones, according to Syke, the Finnish Environment Institute. Biodegradable plastics that meet industry standards tend to decompose relatively slowly in Finland's environmental conditions, the institute said. The decomposition process is affected by a number of factors, including temperature and humidity. According to Syke, Finland's biodegradable plastics standards need to be updated to reflect the Nordic country's specific conditions. The institute has advised that people should only use biodegradable plastics when they are absolutely necessary, like for the collection and disposal of kitchen biowaste, for example.",https://yle.fi/a/74-20181859,"[{'label': '3 stars', 'score': 0.4040544331073761}]",1
7.9. 11:56,Nature,News,"It has been more than six years since Finland last saw a total lunar eclipse. A total lunar eclipse will be visible across Finland on Sunday evening, weather permitting, with the peak occurring around 9pm. Because the moon will be low on the horizon, the best views will be from open, elevated spots. No equipment is needed as the eclipse can be seen with the naked eye, and it will also be visible across much of the globe. During the eclipse, the moon moves into the Earth's shadow. The moon will, however, not vanish altogether. Earth's atmosphere bends sunlight around its edges, casting a reddish glow onto the lunar surface. According to Finland's astronomical society, Ursa, a total lunar eclipse was last visible in the country in January 2019. Edited on 7 September at 14.30 to clarify the definition of a lunar eclipse.",https://yle.fi/a/74-20181494,"[{'label': '4 stars', 'score': 0.31379270553588867}]",1
17.11. 11:45,Science,News,"Stargazers in Finland could be treated to a dazzling show as the annual meteor shower peaks. Daylight is steadily waning across Finland, but skywatchers may have the chance to see a celestial spectacle light up the sky as the annual Leonid meteor shower reaches its peak. According to the Ursa amateur astronomical group, the best time to observe the meteors is during the early hours of the morning, when they appear higher in the southern sky. Earlier in the night, the meteors can be seen low on the northeastern horizon. The Leonid meteor shower reaches its peak activity roughly every 33 years. Their last unusually strong display occurred between 1999 and 2002. Meteors from the Leonid shower will be visible until the end of the month.",https://yle.fi/a/74-20194495,"[{'label': '4 stars', 'score': 0.3883707523345947}]",1
25.3.2025 16:01,Science,News,"The Finnish Meteorological Institute says to keep an eye out on Tuesday and Wednesday night, depending on your location. It will be worth keeping an eye on night skies in Finland over the next couple of days, as the probability of catching a glimpse of the northern lights is high this week, according to the Finnish Meteorological Institute (FMI). It forecast that skies will be clearer in northern areas on Tuesday night, while conditions for seeing the phenomenon are expected to improve in southern and central regions on Wednesday night. The FMI made the announcement about the increased chances of seeing the northern lights, also known as the aurora borealis, on social media and on its website. The agency has a webpage in English about space weather-related phenomena, including charts and a map showing possible locations where the northern lights might be seen. According to the FMI, space weather is a phenomena caused by solar wind and solar flares near Earth and on the upper part of the atmosphere. The aurora borealis ""is the most visible form of space weather"", it explained. Users with an Yle ID can leave comments on our news stories. You can create your Yle ID via this link. Our guidelines on commenting and moderation are explained here.",https://yle.fi/a/74-20151800,"[{'label': '4 stars', 'score': 0.39781326055526733}]",1
22.3.2025 18:22,Science,News,"While there is a higher probability to spot the Northern Lights in Lapland, forecasts say that they will likely also be visible in the south. Aurora Borealis, or the Northern Lights, will be visible across Finland over the weekend, including in southern regions, according to the Finnish Meteorological Institute (FMI). FMI predicts a medium probability of auroras in central and southern Finland, while in Lapland, there will be a high probability. Meteorologist Eveliina Tuovinen said that clear skies throughout the weekend offer favourable conditions for viewing, although the northern regions will experience some cloud cover. She noted that the best time to spot the Northern Lights will be around and after midnight on Saturday. The All Points North podcast went chasing the northern lights in Finnish Lapland. Listen to the episode via this embedded player, on Yle Areena via Apple or Spotify or wherever you get your podcasts.",https://yle.fi/a/74-20151236,"[{'label': '4 stars', 'score': 0.43676698207855225}]",1
17.3.2025 10:50,Science,News,"Questions have arisen regarding human research sample data. The office of Finland's Data Protection Ombudsman is launching an investigation into Helsinki University's transfer of data to a Chinese gene technology company. Yle previously reported that the university had purchased genetic analysis services from the Chinese BGI Group, a biotechnology company. The Data Protection Ombudsman said it has requested information from the university on how it managed the transfer of data related to human research samples to the Chinese firm. Now the Ombudsman is investigating whether the university protected personal data in line with data protection laws when sending information to China. ""Data transfer is secure if the necessary protective measures are in place. Otherwise, there is a risk that personal data could be used for purposes other than those intended. For example, the state may have access to the data,"" Data Protection Ombudsman Anu Talus told Yle. Earlier this month, the Finnish Security and Intelligence Service (Supo) warned against excessively sharing Finnish health and genetic data with foreign entities. The organisation cautioned that such information could, in the worst case, be exploited for developing and targeting infectious diseases at specific populations.",https://yle.fi/a/74-20149952,"[{'label': '2 stars', 'score': 0.39111992716789246}]",1
6.3.2025 14:04,Science,News,"A number of experts have recommended a maximum of two hours of screen time per day, but a Finnish researcher says he thinks that's still too much. Limiting the amount of time children and adolescents spend using mobile devices, also known as screen time limits, is good for their mental health, according to findings of a Finnish study. The findings were the result of a years-long, joint research effort by the University of Jyväskylä and the University of Eastern Finland. The researchers intermittently tracked the lives of 187 individuals for a period of eight years — from the study subjects' childhood through adolescence. The study found that those who spent more time looking at screens and using mobile devices experienced more symptoms of stress and depression than those who did not. At the same time, the researchers found that increased exercise helped to reduce stress and depression symptoms among the study's subjects. Such symptoms were clearly more common among young people who spent comparatively more time looking at screens and exercised less. According to Eero Haapala, who is a docent in paediatric sport and exercise science at the University of Jyväskylä, several international experts have recommended that children and adolescents should limit their screen time to a maximum of two hours per day. But Haapala said he thinks those guidelines are excessive, noting that two hours per day would amount to nearly an entire month of looking at screens every year. According to the researchers, a balanced daily life that includes a moderate amount of screen time as well as plenty of varied physical activity should be the cornerstone of promoting the well-being of children and young people. ""Our current sedentary lifestyle, which includes a lot of digital devices, challenges the mental health of children and young people. Recently, the discussion has, to some extent, correctly focused on screen time and social media, but I hope that our results will inspire adults who can influence children and young people to promote healthy lifestyles broadly, especially in terms of a balance between screen time and exercise,"" Haapala said in a university release on Thursday. The children's exercise and nutrition study is part of the Metabolic Diseases research community of the University of Eastern Finland. Users with an Yle ID can leave comments on our news stories. You can create your Yle ID via this link. Our guidelines on commenting and moderation are explained here.",https://yle.fi/a/74-20147922,"[{'label': '3 stars', 'score': 0.2897048890590668}]",1
6.3.2025 14:04,Science,News,"A number of experts have recommended a maximum of two hours of screen time per day, but a Finnish researcher says he thinks that's still too much. Limiting the amount of time children and adolescents spend using mobile devices, also known as screen time limits, is good for their mental health, according to findings of a Finnish study. The findings were the result of a years-long, joint research effort by the University of Jyväskylä and the University of Eastern Finland. The researchers intermittently tracked the lives of 187 individuals for a period of eight years — from the study subjects' childhood through adolescence. The study found that those who spent more time looking at screens and using mobile devices experienced more symptoms of stress and depression than those who did not. At the same time, the researchers found that increased exercise helped to reduce stress and depression symptoms among the study's subjects. Such symptoms were clearly more common among young people who spent comparatively more time looking at screens and exercised less. According to Eero Haapala, who is a docent in paediatric sport and exercise science at the University of Jyväskylä, several international experts have recommended that children and adolescents should limit their screen time to a maximum of two hours per day. But Haapala said he thinks those guidelines are excessive, noting that two hours per day would amount to nearly an entire month of looking at screens every year. According to the researchers, a balanced daily life that includes a moderate amount of screen time as well as plenty of varied physical activity should be the cornerstone of promoting the well-being of children and young people. ""Our current sedentary lifestyle, which includes a lot of digital devices, challenges the mental health of children and young people. Recently, the discussion has, to some extent, correctly focused on screen time and social media, but I hope that our results will inspire adults who can influence children and young people to promote healthy lifestyles broadly, especially in terms of a balance between screen time and exercise,"" Haapala said in a university release on Thursday. The children's exercise and nutrition study is part of the Metabolic Diseases research community of the University of Eastern Finland. Users with an Yle ID can leave comments on our news stories. You can create your Yle ID via this link. Our guidelines on commenting and moderation are explained here.",https://yle.fi/a/74-20147922#comments,"[{'label': '3 stars', 'score': 0.2897048890590668}]",1
5.3.2025 15:07,Science,News,"Unrestricted sharing of health data abroad could pose security risks, including potential misuse for targeting infectious diseases, according to Finland's intelligence agency Supo. The Finnish Security and Intelligence Service (Supo) has warned against excessively sharing Finnish health and genetic data with foreign entities. The organisation cautioned that such information could, in the worst case, be exploited for developing and targeting infectious diseases at specific populations. Finland has provided international researchers, both academic and commercial, with access to its extensive health registries, whereas countries like China collect biodata from other nations but do not share their own. According to Tuula Helander, chair of the Advisory Board on Biotechnology and an official at the Ministry of Social Affairs and Health, Supo's concerns have not yet been specifically addressed by the board, even though the topic is not a new one. She noted that authorities have long discussed how to facilitate the safe use of health and genetic data while ensuring data protection and security. Finland's secondary use of health data law permits the use of health and social care data in statistics, scientific research, innovation, and education. However, researchers have criticised the law as overly restrictive, and a reform proposal is now under review. Helander acknowledged these concerns, stating that researchers believe the law has slowed or even obstructed studies. However, she stressed that ensuring privacy and security is the biggest concern. ""If public trust were to erode, using vital health and genomic data for research would no longer be feasible,"" Helander warned. The proposed reform aims to streamline international research while ensuring data is only shared within a secure environment, managed by a trusted institution such as a foreign university hospital. The government’s goal is to make Finland an attractive hub for registry-based and medical research. The Advisory Board on Biotechnology, appointed by the Finnish government, serves as an expert body on bio- and genetic technology issues. Users with an Yle ID can leave comments on our news stories. You can create your Yle ID via this link. Our guidelines on commenting and moderation are explained here.",https://yle.fi/a/74-20147655,"[{'label': '2 stars', 'score': 0.3100217282772064}]",1
5.3.2025 15:07,Science,News,"Unrestricted sharing of health data abroad could pose security risks, including potential misuse for targeting infectious diseases, according to Finland's intelligence agency Supo. The Finnish Security and Intelligence Service (Supo) has warned against excessively sharing Finnish health and genetic data with foreign entities. The organisation cautioned that such information could, in the worst case, be exploited for developing and targeting infectious diseases at specific populations. Finland has provided international researchers, both academic and commercial, with access to its extensive health registries, whereas countries like China collect biodata from other nations but do not share their own. According to Tuula Helander, chair of the Advisory Board on Biotechnology and an official at the Ministry of Social Affairs and Health, Supo's concerns have not yet been specifically addressed by the board, even though the topic is not a new one. She noted that authorities have long discussed how to facilitate the safe use of health and genetic data while ensuring data protection and security. Finland's secondary use of health data law permits the use of health and social care data in statistics, scientific research, innovation, and education. However, researchers have criticised the law as overly restrictive, and a reform proposal is now under review. Helander acknowledged these concerns, stating that researchers believe the law has slowed or even obstructed studies. However, she stressed that ensuring privacy and security is the biggest concern. ""If public trust were to erode, using vital health and genomic data for research would no longer be feasible,"" Helander warned. The proposed reform aims to streamline international research while ensuring data is only shared within a secure environment, managed by a trusted institution such as a foreign university hospital. The government’s goal is to make Finland an attractive hub for registry-based and medical research. The Advisory Board on Biotechnology, appointed by the Finnish government, serves as an expert body on bio- and genetic technology issues. Users with an Yle ID can leave comments on our news stories. You can create your Yle ID via this link. Our guidelines on commenting and moderation are explained here.",https://yle.fi/a/74-20147655#comments,"[{'label': '2 stars', 'score': 0.3100217282772064}]",1
24.1.2025 14:09,Science,News,"Sari Multala is the new Minister of the Environment and Climate as Mari-Leena Talvitie takes over as Minister of Science and Culture. Major ministerial changes within Prime Minister Petteri Orpo's National Coalition Party took effect on Friday. Sari Multala succeeded Kai Mykkänen as Minister of the Environment and Climate when Mykkänen stepped down to serve as mayor of his hometown, Espoo. MP Mari-Leena Talvitie takes over Multala's portfolio as the Minister of Science and Culture. She has represented the Oulu electoral district since 2015. Talvitie has a master's degree in environmental engineering, unlike Multala, who has no formal background in environmental issues. Henrik Vuornos from Espoo rises in the ranks of NCP to become an MP. Vuornos has previously served as Orpo's political special adviser and as secretary to the NCP's ministerial group. Incoming science and culture minister Talvitie said that the government's goal is to ensure that more young people receive higher education. ""The goal is for 50 percent of young people to pursue higher education,"" she said on Friday. Currently, less than 40 percent of young people in Finland have a higher education degree. Environment minister Multala highlighted the government's commitment to focus on protecting the climate and nature. She described climate and environmental issues as ""questions of the fate of the entire planet."" She said that Finland's most significant contribution to tackling the climate crisis lies in exporting Finnish climate technology globally. ""We believe that clean energy can also create new investment opportunities in Finland,"" Multala said. The environment ministry has been in the news recently for a government proposal to abolish the climate panel and consolidate four independent scientific advisory panels into one. Multala has downplayed the report, saying that no decisions have been made yet. She declined to say whether she supports the move.",https://yle.fi/a/74-20139205,"[{'label': '4 stars', 'score': 0.4437403678894043}]",1
22.1.2025 12:31,Science,News,"The most physically active commuters had an average of 4.5 fewer annual sick leave days than their less active counterparts, according to the health agency. Fewer than one in five people commute to work by walking or biking year-round, according to findings of a study by the Finnish Institute for Health and Welfare THL. Around 19 percent of females — and 15 percent of males — walk or cycle at least one kilometre and then use public transport on their way back and forth to work. Young adults were found to be the most active pedestrians and cyclists, while less educated men were the least active in that regard, according to THL. The study found people who cycled benefited most from the physical activity, since their journeys were often longer than those who usually walked, chief researcher Jaana Halonen explained in a THL press release. The study also found that more than half of people in Finland who commute to work make the trips by car. According to the study, people who regularly walked or cycled 60 km or more per week on their commutes had a 10 percent overall lower risk of calling in sick. They also had a 20 percent lower risk of long-term sick leaves, compared to their more passive counterparts. The most physically active commuters had an average of 4.5 fewer annual sick leave days than their less active counterparts. The research found, perhaps unsurprisingly to most, that walking and cycling commutes were more common in the summer. During the warmer months, nearly 30 percent of women and more than 20 percent of men commuted by walking or biking. At colder times of the year, the proportion decreases by around 10 percentage points for both men and women. THL suggested that sustainable mobility methods could be encouraged by improving public transportation services and ensuring proper winter maintenance of pedestrian and bicycle paths. Meanwhile, the health agency said employers and educational institutions could also improve the situation by offering enough places to park bicycles, changing room facilities, employee bicycle benefits and flexible working hours. Users with an Yle ID can leave comments on our news stories. You can create your Yle ID via this link. Our guidelines on commenting and moderation are explained here.",https://yle.fi/a/74-20138599,"[{'label': '4 stars', 'score': 0.25263234972953796}]",1
22.1.2025 12:31,Science,News,"The most physically active commuters had an average of 4.5 fewer annual sick leave days than their less active counterparts, according to the health agency. Fewer than one in five people commute to work by walking or biking year-round, according to findings of a study by the Finnish Institute for Health and Welfare THL. Around 19 percent of females — and 15 percent of males — walk or cycle at least one kilometre and then use public transport on their way back and forth to work. Young adults were found to be the most active pedestrians and cyclists, while less educated men were the least active in that regard, according to THL. The study found people who cycled benefited most from the physical activity, since their journeys were often longer than those who usually walked, chief researcher Jaana Halonen explained in a THL press release. The study also found that more than half of people in Finland who commute to work make the trips by car. According to the study, people who regularly walked or cycled 60 km or more per week on their commutes had a 10 percent overall lower risk of calling in sick. They also had a 20 percent lower risk of long-term sick leaves, compared to their more passive counterparts. The most physically active commuters had an average of 4.5 fewer annual sick leave days than their less active counterparts. The research found, perhaps unsurprisingly to most, that walking and cycling commutes were more common in the summer. During the warmer months, nearly 30 percent of women and more than 20 percent of men commuted by walking or biking. At colder times of the year, the proportion decreases by around 10 percentage points for both men and women. THL suggested that sustainable mobility methods could be encouraged by improving public transportation services and ensuring proper winter maintenance of pedestrian and bicycle paths. Meanwhile, the health agency said employers and educational institutions could also improve the situation by offering enough places to park bicycles, changing room facilities, employee bicycle benefits and flexible working hours. Users with an Yle ID can leave comments on our news stories. You can create your Yle ID via this link. Our guidelines on commenting and moderation are explained here.",https://yle.fi/a/74-20138599#comments,"[{'label': '4 stars', 'score': 0.25263234972953796}]",1
13.12.2024 11:29,Science,News,"The Geminids meteor shower is an annual display that is regarded as one of the more reliable meteor showers. This coming weekend could be an excellent opportunity to observe the Geminid meteor shower, an annual display that is regarded as one of the more reliable meteor showers. There could be as many as 70 meteors per hour in the skies over Finland, and the best time to see them will be in the early hours of the morning. However a full moon this weekend, along with a forecast of clouds and rain, could hamper visibility. The shower is likely to be accompanied by several bright meteors, with some of the shooting stars taking on a yellowish hue. Meteor showers form when cosmic debris enters the earth's atmosphere, burning up and creating the appearance of so-called ""shooting stars"".",https://yle.fi/a/74-20131180,"[{'label': '3 stars', 'score': 0.48069635033607483}]",1
14.11.2024 12:44,Science,News,"Finns are cautiously optimistic about AI, but not for applications in weapons or journalism. While Finns' trust in science remains strong, the number of skeptics is growing, according to a new poll on public attitudes towards science and technology in Finland, published by the Finnish Society for Scientific Information. ""People worry science and technology are changing the way of life too rapidly,"" said communications professor Esa Väliverronen of Helsinki University. The popularity of non-scientific treatments and beliefs has increased somewhat since 2019, including growing interest in folk healers and homeopathy, according to the poll, dubbed the Finnish science barometer. People have become more accepting of alternative treatments alongside traditional medicine — a development Väliverronen partly attributed to the major crises of recent years and general uncertainty. ""There is also a fear that science and technology will change society and its values in too liberal a direction,"" Väliverronen explained. This time, the science barometer homed in on issues related to artificial intelligence, finding that Finns are cautiously optimistic about AI. A slightly greater proportion of the population takes a positive — rather than negative — view of AI. Men tended to have a more favourable attitude toward artificial intelligence than women. High-income earners in leadership roles were the most optimistic. When it comes to using AI, those polled were most positively inclined towards facial recognition applications in crime prevention and border control, as well as customer service chatbots. ""The most negative uses were linked to autonomous weapons, followed closely by robots and the use of AI in journalism,"" Väliverronen added. When it comes to societal institutions, the poll found that trust in the defence forces, police and universities has remained relatively stable. ""Trust in parliament, political parties, the EU and the Finnish Evangelical Lutheran Church is declining,"" he said. Users with an Yle ID can leave comments on our news stories. You can create your Yle ID via this link. Our guidelines on commenting and moderation are explained here.",https://yle.fi/a/74-20124607,"[{'label': '4 stars', 'score': 0.2642868757247925}]",1
14.11.2024 12:44,Science,News,"Finns are cautiously optimistic about AI, but not for applications in weapons or journalism. While Finns' trust in science remains strong, the number of skeptics is growing, according to a new poll on public attitudes towards science and technology in Finland, published by the Finnish Society for Scientific Information. ""People worry science and technology are changing the way of life too rapidly,"" said communications professor Esa Väliverronen of Helsinki University. The popularity of non-scientific treatments and beliefs has increased somewhat since 2019, including growing interest in folk healers and homeopathy, according to the poll, dubbed the Finnish science barometer. People have become more accepting of alternative treatments alongside traditional medicine — a development Väliverronen partly attributed to the major crises of recent years and general uncertainty. ""There is also a fear that science and technology will change society and its values in too liberal a direction,"" Väliverronen explained. This time, the science barometer homed in on issues related to artificial intelligence, finding that Finns are cautiously optimistic about AI. A slightly greater proportion of the population takes a positive — rather than negative — view of AI. Men tended to have a more favourable attitude toward artificial intelligence than women. High-income earners in leadership roles were the most optimistic. When it comes to using AI, those polled were most positively inclined towards facial recognition applications in crime prevention and border control, as well as customer service chatbots. ""The most negative uses were linked to autonomous weapons, followed closely by robots and the use of AI in journalism,"" Väliverronen added. When it comes to societal institutions, the poll found that trust in the defence forces, police and universities has remained relatively stable. ""Trust in parliament, political parties, the EU and the Finnish Evangelical Lutheran Church is declining,"" he said. Users with an Yle ID can leave comments on our news stories. You can create your Yle ID via this link. Our guidelines on commenting and moderation are explained here.",https://yle.fi/a/74-20124607#comments,"[{'label': '4 stars', 'score': 0.2642868757247925}]",1
2.9.2024 13:09,Science,News,"The seven-year mission of the student-built Aalto-1 satellite comes to an end. The satellite Aalto-1 is set to end its seven-year orbit of the Earth, Aalto University has announced in a statement. The satellite is expected to make its final pass over Finland on Monday, before re-entering the Earth's atmosphere, where it will burn up almost entirely into ashes. If the satellite re-enters the atmosphere at night, it may appear as a streak across the sky, resembling a shooting star. It is a melancholic moment, admitted Jaan Praks, Professor of Space Technology at Aalto University, who has led the satellite project from the beginning. ""At the same time, I am happy because Aalto-1 will make room for many new Finnish satellites and will not remain in orbit as space debris,"" Praks said. The Aalto-1 satellite, built by students at Aalto University, was launched into space aboard a rocket on Midsummer's Eve in 2017. It sent its first image back to Earth in July that same year, marking the first image ever captured by a Finnish satellite. The satellite, roughly the size of a large milk carton and weighing about four kilograms, was designed to carry into orbit instruments developed at the Finnish Meteorological Institute (FMI), the University of Turku and VTT Technical Research Centre of Finland. Aalto-1 holds historical significance as it was one of the first Finnish objects to be registered in the international space registry when it launched in 2017. Finland now has dozens of satellites in space, the university noted in its statement. A companion device, the Aalto-2, began its voyage into space slightly earlier and burned up upon re-entry in 2019. Users with an Yle ID can leave comments on our news stories. You can create your Yle ID via this link. Our guidelines on commenting and moderation are explained here.",https://yle.fi/a/74-20108785,"[{'label': '4 stars', 'score': 0.4130731225013733}]",1
2.9.2024 13:09,Science,News,"The seven-year mission of the student-built Aalto-1 satellite comes to an end. The satellite Aalto-1 is set to end its seven-year orbit of the Earth, Aalto University has announced in a statement. The satellite is expected to make its final pass over Finland on Monday, before re-entering the Earth's atmosphere, where it will burn up almost entirely into ashes. If the satellite re-enters the atmosphere at night, it may appear as a streak across the sky, resembling a shooting star. It is a melancholic moment, admitted Jaan Praks, Professor of Space Technology at Aalto University, who has led the satellite project from the beginning. ""At the same time, I am happy because Aalto-1 will make room for many new Finnish satellites and will not remain in orbit as space debris,"" Praks said. The Aalto-1 satellite, built by students at Aalto University, was launched into space aboard a rocket on Midsummer's Eve in 2017. It sent its first image back to Earth in July that same year, marking the first image ever captured by a Finnish satellite. The satellite, roughly the size of a large milk carton and weighing about four kilograms, was designed to carry into orbit instruments developed at the Finnish Meteorological Institute (FMI), the University of Turku and VTT Technical Research Centre of Finland. Aalto-1 holds historical significance as it was one of the first Finnish objects to be registered in the international space registry when it launched in 2017. Finland now has dozens of satellites in space, the university noted in its statement. A companion device, the Aalto-2, began its voyage into space slightly earlier and burned up upon re-entry in 2019. Users with an Yle ID can leave comments on our news stories. You can create your Yle ID via this link. Our guidelines on commenting and moderation are explained here.",https://yle.fi/a/74-20108785#comments,"[{'label': '4 stars', 'score': 0.4130731225013733}]",1
10.6.2024 15:58,Science,News,"The report noted that there was still room for Finland to improve in terms of particles caused by small-scale burning of wood. Finland's air quality is among the best in Europe, according to a European Environment Agency (EEA) briefing. Europe's air quality status 2024 report found Finland's air quality to be comparatively good. For example, in terms of ozone levels, the Nordic country had the cleanest air in the bloc. It also had the second lowest number of respirable particles among EU countries and the third-best air quality levels in terms of fine particulate matter — trailing leaders Iceland and Estonia. There is still room for improvement in terms of particles caused by small-scale burning of wood, according to the report. According to the EEA, fine particulate matter causes the biggest negative health impacts in Europe — the particles are often caused by the burning of solid fuels for home heating, industry and road transportation. Examples of solid fuels include wood, charcoal, peat, coal and other materials. The study examined air pollution levels of European countries in 2022 and 2023. Users with an Yle ID can leave comments on our news stories. You can create your Yle ID via this link. Our guidelines on commenting and moderation are explained here.",https://yle.fi/a/74-20093175,"[{'label': '3 stars', 'score': 0.32314959168434143}]",1
10.6.2024 15:58,Science,News,"The report noted that there was still room for Finland to improve in terms of particles caused by small-scale burning of wood. Finland's air quality is among the best in Europe, according to a European Environment Agency (EEA) briefing. Europe's air quality status 2024 report found Finland's air quality to be comparatively good. For example, in terms of ozone levels, the Nordic country had the cleanest air in the bloc. It also had the second lowest number of respirable particles among EU countries and the third-best air quality levels in terms of fine particulate matter — trailing leaders Iceland and Estonia. There is still room for improvement in terms of particles caused by small-scale burning of wood, according to the report. According to the EEA, fine particulate matter causes the biggest negative health impacts in Europe — the particles are often caused by the burning of solid fuels for home heating, industry and road transportation. Examples of solid fuels include wood, charcoal, peat, coal and other materials. The study examined air pollution levels of European countries in 2022 and 2023. Users with an Yle ID can leave comments on our news stories. You can create your Yle ID via this link. Our guidelines on commenting and moderation are explained here.",https://yle.fi/a/74-20093175#comments,"[{'label': '3 stars', 'score': 0.32314959168434143}]",1
11.5.2024 14:01,Science,News,"There's a good chance of catching a glimpse of the Northern Lights on Saturday night. Aurora Borealis, typically limited to northern parts of Finland, illuminated skies in southern Finland on Friday night. More bright displays are likely in store for Finland on Saturday night, according to the Finnish Meteorological Institute (FMI), which said the light phenomenon will be visible in the south and southeast. A series of strong solar flares are reaching Earth over the weekend, causing massive geomagnetic storms and Northern Lights visible throughout Finland. Over the past few days, the Sun has experienced several strong solar flares and eruptions of its corona — the gas ring surrounding the Sun — causing rare geomagnetic activity on Earth. The All Points North podcast looked into the science, myths and social media power of Finland's aurora borealis. Listen to the episode via this embedded player, on Yle Areena via Apple or Spotify or wherever you get your podcasts. Users with an Yle ID can leave comments on our news stories. You can create your Yle ID via this link. Our guidelines on commenting and moderation are explained here.",https://yle.fi/a/74-20088169,"[{'label': '4 stars', 'score': 0.5542235970497131}]",1
8.4.2024 13:50,Science,News,"For paediatric patients, fewer than ten such devices have been installed worldwide. Breaking ground for the Nordic countries, a child patient has been fitted with a next generation pacemaker that sits completely outside the heart and the blood vessels, according to a Helsinki and Uusimaa Hospital District (HUS) release Monday. The operation took place at the New Children's Hospital in Helsinki. The implantable cardioverter-defibrillator (ICD) device, commonly referred to as a pacemaker, is used to treat ventricular heart arrhythmia, a potentially life-threatening condition where the heart beats too quickly, too slowly or irregularly. The device uses electrodes to send electrical impulses that moderate the heart beat when required, ensuring a steady rhythm. The latest generation extravascular EV-ICD device harnesses the benefits of both traditional transvenous and newer subcutaneous devices, according to the HUS website. The implant is touted as a more versatile, smaller and longer-lasting solution than traditional arrhythmia pacemakers. This is particularly relevant for paediatric patients, who have more treatment-related problems than the adult population, according to HUS. For example, there is always the risk of complications arising from the need to replace intravenous wires as a child grows. Meanwhile, subcutaneous pacemakers are comparatively large and have limited pacing abilities. ""Paediatric cardiologists have been waiting for a long time for a pacemaker that would be more suitable for paediatric patients due to its size, and which could avoid problems related to intravenous leads,"" said paediatric cardiologist Ilkka Jaakkola from HUS's New Children's Hospital. ""The new type of arrhythmia pacemaker installed now meets these requirements,"" he added. The Helsinki patient was only the seventh child in the world to be fitted with this device, said Jaakola, meaning that knowledge of the performance of this type of pacemaker in children and adolescents in the longer term is still very limited. Whether the implant meets expectations — particularly in terms of the durability of the wires — will become clearer over time, he said. Users with an Yle ID can leave comments on our news stories. You can create your Yle ID via this link. Our guidelines on commenting and moderation are explained here.",https://yle.fi/a/74-20082584,"[{'label': '4 stars', 'score': 0.39969775080680847}]",1
21.3.2024 13:59,Science,News,"In the early 2000s, there were only around 40-60 Arctic foxes in Finland, Sweden and Norway, but conservation work has increased the number to around 550. The EU has granted 2.3 million euros towards conservation efforts aimed at protecting the critically endangered Arctic fox (Vulpes lagopus), the natural resource management enterprise Metsähallitus announced on Thursday. The funding will be channelled to state authorities, universities and conservation organisations in Finland, Sweden and Norway. Finland's share — 500,000 euros — is going to Metsähallitus. The funding from the cross-border Interreg-Aurora initiative will support the Arctic fox conservation efforts until 2026. In Finland, Metsähallitus is responsible for conservation efforts of the Arctic fox, which aims to grow the population to 1,000 by 2035. The number of Arctic foxes has grown from between 40-60 in the early 2000s to 550 today in Finland, Sweden and Norway, thanks to conservation efforts. In northern Lapland, the larger and more aggressive red fox (Vulpes vulpes) outcompetes the smaller Arctic fox for food and resources. The red fox has also been spotted occasionally hunting Arctic foxes. The conservation activities include supplementary feeding of the Arctic Fox, hunting of the Arctic fox's main competitor in the fells of Lapland, the red fox, and the release of Arctic foxes raised in captivity into the wild. In the coming years, the conservation work of the Arctic fox will extend to include health monitoring, performed via faecal samples. ""In Sweden and Norway, there have been cases of mange spreading from red foxes to Arctic foxes. As a result, the condition of the Arctic fox deteriorates and, in the worst cases, leads to the death of the animal. As red foxes spread diseases to the Arctic fox, we will also test those red foxes for diseases in the lab,"" said Tuomo Ollila, a Senior Advisor at Metsähallitus. Another element of conservation work is educating people. In the fell areas, food scraps left in the wild by humans threaten the existence of the Arctic fox, as they often end up as food for red foxes. Users with an Yle ID can leave comments on our news stories. You can create your Yle ID via this link. Our guidelines on commenting and moderation are explained here.",https://yle.fi/a/74-20080273,"[{'label': '4 stars', 'score': 0.3365688920021057}]",1
21.3.2024 13:59,Science,News,"In the early 2000s, there were only around 40-60 Arctic foxes in Finland, Sweden and Norway, but conservation work has increased the number to around 550. The EU has granted 2.3 million euros towards conservation efforts aimed at protecting the critically endangered Arctic fox (Vulpes lagopus), the natural resource management enterprise Metsähallitus announced on Thursday. The funding will be channelled to state authorities, universities and conservation organisations in Finland, Sweden and Norway. Finland's share — 500,000 euros — is going to Metsähallitus. The funding from the cross-border Interreg-Aurora initiative will support the Arctic fox conservation efforts until 2026. In Finland, Metsähallitus is responsible for conservation efforts of the Arctic fox, which aims to grow the population to 1,000 by 2035. The number of Arctic foxes has grown from between 40-60 in the early 2000s to 550 today in Finland, Sweden and Norway, thanks to conservation efforts. In northern Lapland, the larger and more aggressive red fox (Vulpes vulpes) outcompetes the smaller Arctic fox for food and resources. The red fox has also been spotted occasionally hunting Arctic foxes. The conservation activities include supplementary feeding of the Arctic Fox, hunting of the Arctic fox's main competitor in the fells of Lapland, the red fox, and the release of Arctic foxes raised in captivity into the wild. In the coming years, the conservation work of the Arctic fox will extend to include health monitoring, performed via faecal samples. ""In Sweden and Norway, there have been cases of mange spreading from red foxes to Arctic foxes. As a result, the condition of the Arctic fox deteriorates and, in the worst cases, leads to the death of the animal. As red foxes spread diseases to the Arctic fox, we will also test those red foxes for diseases in the lab,"" said Tuomo Ollila, a Senior Advisor at Metsähallitus. Another element of conservation work is educating people. In the fell areas, food scraps left in the wild by humans threaten the existence of the Arctic fox, as they often end up as food for red foxes. Users with an Yle ID can leave comments on our news stories. You can create your Yle ID via this link. Our guidelines on commenting and moderation are explained here.",https://yle.fi/a/74-20080273#comments,"[{'label': '4 stars', 'score': 0.3365688920021057}]",1
20.3.2024 13:32,Science,News,"University of Eastern Finland researchers published the first reference genome for the European hare, which serves as the basis for the original Easter Bunny in folklore. Researchers at the University of Eastern Finland have published the first chromosome-by-chromosome assembled reference genome for the European hare (Lepus europaeus). The researchers said that the species has historically served as the inspiration for the original Easter Bunny in European folklore. The sample came from a male specimen found in the municipality of Liperi in North Karelia. Comprising 2.9 billion base pairs, this new DNA assembly sets a benchmark for future genomic comparisons and research within the species. According to the researchers, the DNA assembly represents a standard against which other genetic material will be compared in the future, such as that of the closely related Mountain hare (Lepus timidus). Users with an Yle ID can leave comments on our news stories. You can create your Yle ID via this link. Our guidelines on commenting and moderation are explained here.",https://yle.fi/a/74-20080059,"[{'label': '4 stars', 'score': 0.45000094175338745}]",1
20.3.2024 13:32,Science,News,"University of Eastern Finland researchers published the first reference genome for the European hare, which serves as the basis for the original Easter Bunny in folklore. Researchers at the University of Eastern Finland have published the first chromosome-by-chromosome assembled reference genome for the European hare (Lepus europaeus). The researchers said that the species has historically served as the inspiration for the original Easter Bunny in European folklore. The sample came from a male specimen found in the municipality of Liperi in North Karelia. Comprising 2.9 billion base pairs, this new DNA assembly sets a benchmark for future genomic comparisons and research within the species. According to the researchers, the DNA assembly represents a standard against which other genetic material will be compared in the future, such as that of the closely related Mountain hare (Lepus timidus). Users with an Yle ID can leave comments on our news stories. You can create your Yle ID via this link. Our guidelines on commenting and moderation are explained here.",https://yle.fi/a/74-20080059#comments,"[{'label': '4 stars', 'score': 0.45000094175338745}]",1
4.3.2024 11:52,Science,News,"It is not uncommon for aurora borealis sightings to occur in southern Finland in March, according to one expert. People across Finland, from the far north all the way to the southern coast, had the chance to see the northern lights on Sunday night. According to the Finnish Meteorological Institute (FMI), the northern lights (or aurora borealis) were particularly strong in northern Finland, but cloud cover prevented the lights from reaching many other areas, especially the southwest and southeast. Observations of the aurora borealis were however recorded in eastern areas like Kouvola, Mikkeli and Lappeenranta, according to the Skywarden Observation Service. Geomagnetic activity — which cause the colourful light displays — was at a peak just before and after midnight on Sunday. The activity was caused by a mass coronal eruption on the sun about a week ago, according to FMI researcher Sebastian Käki, who added that the activity is expected to decline relatively quickly. ""There is still a chance that the northern lights will return late on Monday night, but the eruption's effects will likely subside and there is no expectation of something that would increase geomagnetic activity,"" Käki explained. However, it is not uncommon for aurora borealis sightings to occur in southern Finland in March, Käki noted. ""March is a very good time of the year to see the northern lights, as the nights are still dark enough,"" he explained, adding that it becomes more difficult to see the upper atmosphere light show as daylight hours grow during the warmer months of the year even if one is occurring. Solar activity is currently approaching its peak, which will increase the frequency and intensity of northern lights displays this year and next. The All Points North podcast cast its gaze skywards last autumn, hoping to catch a glimpse of the northern lights. In this episode, we hear about the aurora-fuelled boom in tourism in Finnish Lapland, gather tips on how and when to see the lights, and learn about some of the mythology behind the phenomenon. Users with an Yle ID can leave comments on our news stories. You can create your Yle ID via this link. Our guidelines on commenting and moderation are explained here.",https://yle.fi/a/74-20077489,"[{'label': '4 stars', 'score': 0.4461555778980255}]",1
4.3.2024 11:52,Science,News,"It is not uncommon for aurora borealis sightings to occur in southern Finland in March, according to one expert. People across Finland, from the far north all the way to the southern coast, had the chance to see the northern lights on Sunday night. According to the Finnish Meteorological Institute (FMI), the northern lights (or aurora borealis) were particularly strong in northern Finland, but cloud cover prevented the lights from reaching many other areas, especially the southwest and southeast. Observations of the aurora borealis were however recorded in eastern areas like Kouvola, Mikkeli and Lappeenranta, according to the Skywarden Observation Service. Geomagnetic activity — which cause the colourful light displays — was at a peak just before and after midnight on Sunday. The activity was caused by a mass coronal eruption on the sun about a week ago, according to FMI researcher Sebastian Käki, who added that the activity is expected to decline relatively quickly. ""There is still a chance that the northern lights will return late on Monday night, but the eruption's effects will likely subside and there is no expectation of something that would increase geomagnetic activity,"" Käki explained. However, it is not uncommon for aurora borealis sightings to occur in southern Finland in March, Käki noted. ""March is a very good time of the year to see the northern lights, as the nights are still dark enough,"" he explained, adding that it becomes more difficult to see the upper atmosphere light show as daylight hours grow during the warmer months of the year even if one is occurring. Solar activity is currently approaching its peak, which will increase the frequency and intensity of northern lights displays this year and next. The All Points North podcast cast its gaze skywards last autumn, hoping to catch a glimpse of the northern lights. In this episode, we hear about the aurora-fuelled boom in tourism in Finnish Lapland, gather tips on how and when to see the lights, and learn about some of the mythology behind the phenomenon. Users with an Yle ID can leave comments on our news stories. You can create your Yle ID via this link. Our guidelines on commenting and moderation are explained here.",https://yle.fi/a/74-20077489#comments,"[{'label': '4 stars', 'score': 0.4461555778980255}]",1
21.1. 10:36,Health,News,"The crisis helpline also offers assistance and support in English for anyone living in Finland. Mieli Mental Health Finland's Crisis Helpline received a record number of calls last year, according to the association. The association said over the course of 2025 its volunteers answered more than 110,000 calls from people looking for help. That was roughly 10,000 more answered calls than the previous year. In total, the helpline received nearly 320,000 calls in 2025, it said. In terms of answered calls, the response rate also increased last year to 35. In 2024, the response rate was 26. Its Crisis Helpline (09 2525 0116) also offers assistance and support in English for anyone living in Finland. It is open on Mondays from 4pm-8pm, and on Thursdays and Fridays from 9am-1pm. The service ""allows you to discuss your thoughts, feelings and situation in life with a crisis worker or a trained volunteer, for example, all kinds of traumas, divorces, issues in the family or drug abuse"".",https://yle.fi/a/74-20205572,"[{'label': '5 stars', 'score': 0.3753557801246643}]",1
9.1. 12:21,Health,News,"The initiative focuses on behavioural incentives to tackle alpha-PVP abuse. Helsinki is launching a pilot programme in which users of the synthetic drug alpha-PVP are offered gift vouchers if they manage to stay clean for a set period. The city's trial responds to the crisis caused by alpha-PVP and will focus especially on users under the age of 25. Under the scheme, the City of Helsinki will reward young substance users to encourage them to remain in treatment. Participants who engage actively in care and produce negative drug tests can receive rewards, such as gift cards. This method has been tried abroad and was tested in Helsinki back in the early 2010s. What matters is that participants feel the reward is worth achieving, according to the city. Pia Pulkkinen, who heads substance abuse services for Helsinki, responded to criticism that the trial would unfairly reward alpha-PVP users. She pointed out that substitution therapies are available for opioid addiction, whereas medication-based treatments do not exist for people addicted to stimulants like alpha-PVP. One challenge is ensuring that these incentives do not affect participants' social assistance from Kela, which is something the city is currently investigating. Other rewards could include a day trip or a visit to the movies. According to Pulkkinen, the goal of reward-based treatment is the same as for any behavioural approach to addiction, reinforcing desirable behaviour.",https://yle.fi/a/74-20203376,"[{'label': '4 stars', 'score': 0.48047009110450745}]",1
31.12. 16:46,Health,News,"Data by Finnish smart ring company Oura suggests that women in Finland are significantly more stressed than men. Monday's long-held reputation as the worst day of the week may be misplaced, according to data collected by Finnish smart ring firm Oura at Yle's request. The high tech rings — which tracks users' health metrics, providing insights about their sleep, activity and stress levels — revealed that for the majority of people, the most stressful day of the week is Friday. The data also revealed that women experience significantly more stress than men, with females being stressed an average of about 120 minutes per day, compared to men's 97 minutes. Exercise physiologist Johanna Ihalainen, a lecturer at the University of Jyväskylä, noted that women are increasingly stressed by the ""overall burden of life"" from the demands of work to family to household chores. ""Women, especially those of working age, report psychological strain and stress symptoms more often than men,"" Ihalainen said. There are also slightly more women than men among Oura's users in Finland. A deeper dive in Oura's data revealed that people in Finland generally sleep best on Wednesday night and worst on Sunday. Weekends tend to be a bad time for getting good sleep. ""Delayed sleep rhythms and alcohol consumption often reduce sleep quality and recovery. As a result, a day off does not offer real recovery for the body,"" Ihalainen explained. Oura’s 2025 Global Community Data found that, worldwide, the ring's users sleep on average a little more than seven hours a night. Finland ranked in the top 10 for sleep scores, with Finns tending to get the best sleep in October — when natural daylight decreases. The poorest sleep levels were in July, during the brightest time of the year. Although Finnish smart ring users were among the most active according to this year’s data, they took fewer steps than Oura users in other countries. ""When a large part of the workday is spent sitting, walking no longer accumulates in daily life,"" Ihalainen noted. ""Increasing steps would require making a separate decision and time."" Global data revealed that people walk the most in Ireland, Spain and Italy. The most popular forms of exercise in Finland were cycling and yard work, as well as strength and conditioning training.",https://yle.fi/a/74-20201766,"[{'label': '2 stars', 'score': 0.2399117648601532}]",1
31.12. 13:21,Health,News,"From mobile medical units to reinforced hospitals, Finland's hospital system is adapting to harsh lessons learned from Ukraine. With the war in Ukraine entering its fourth year, Finland is moving to strengthen its healthcare infrastructure. Hospital operations are being made relocatable, buildings reinforced against attacks and medicine stockpiles expanded. To make this happen, roughly 100 million euros is being allocated for wellbeing counties in the state's third supplementary budget. The reforms, prompted by lessons from Russia's war in Ukraine, aim to make hospitals and critical health services more resilient. In practice, this can mean moving hospital operations below ground. ""The war has shown that hospitals and other healthcare services are not protected from military strikes — they can be targets,"" said Pekka Tulokas, an emergency manager at the preparedness unit working under the Ministry of Social Affairs and Health. Moving forward, greater attention will also be paid to the impact resistance of buildings in the future, particularly when it comes to new hospital construction. Details, however, remain classified, according to Tulokas. At the same time, wellbeing service counties are expected to direct additional resources to emergency care and train staff to operate in wartime conditions. ""Our public healthcare system is preparing to support the Defence Forces, the Border Guard, and allied troops. Finland's Nato membership has brought new requirements for medical capabilities in exceptional circumstances,"" Tulokas explained. Finland no longer has its old military hospital network, with the last facility, Tilkka in Helsinki, closing 20 years ago. As a result, care for the wounded would need to be provided across 21 healthcare counties in addition to the Helsinki and Uusimaa hospital district (HUS) in the event of a war. ""The intention is not to alarm the public. Citizens can remain confident in their safety."" Attacks on hospitals and healthcare workers have increased year by year in conflicts around the world. According to the Safeguarding Health in Conflict (SHCC) coalition, healthcare facilities were targeted over 3,600 times in global conflict zones in 2024, while more than 900 healthcare workers were killed.",https://yle.fi/a/74-20202073,"[{'label': '4 stars', 'score': 0.3999299705028534}]",1
27.12. 11:27,Health,News,"New Year's revellers are permitted to set off fireworks only between 6pm and 2am. Fireworks go on sale in Finland on Saturday, though their use remains tightly regulated. They may be set off only on New Year's Eve, and then solely between 6pm and 2am. Protective eyewear is compulsory for those lighting fireworks and strongly advised for bystanders. Fireworks must not be sold or handed to minors or to anyone under the influence of alcohol. Safety authority Tukes recommends open and isolated spaces for setting off fireworks. These include fields, sports grounds and large, empty parking lots, where the risks to people and property are minimised. Pets, meanwhile, are best left at home since many animals find fireworks distressing.",https://yle.fi/a/74-20201564,"[{'label': '4 stars', 'score': 0.3837212026119232}]",1
15.12. 11:47,Health,News,"Over a third of children examined for obesity had prediabetes — a condition that can potentially progress to type 2 diabetes, if left untreated. A recent study shows that prediabetes has become increasingly common among children in Finland in recent years. The condition has particularly risen among overweight adolescents, reports news group Uutissuomalainen. Prediabetes is characterised by elevated blood sugar levels that do not yet meet the diagnostic thresholds for diabetes. If left untreated, it can progress to type 2 diabetes. Research conducted by Tampere University and the University of Eastern Finland found that more than one third of children examined for obesity had prediabetes, while just over one percent met the criteria for adult-onset (type 2) diabetes. The study included roughly 600 children aged 6–16 who were assessed for overweight or obesity between 2002 and 2020. A control group comprised nearly 500 children aged 7–16, representative of the general population. At the start of the study period, around 10 percent of the children examined had prediabetes. By 2019, the figure had risen to 50 percent. While health news from Finland isn't always encouraging, Yle News' latest episode of the All Points North podcast explores how the country may quietly be joining the ranks of the world's Blue Zones — regions renowned for longevity and well-being. Listen to the episode via this embedded player, on Yle Areena, via Apple, Spotify or wherever you get your podcasts.",https://yle.fi/a/74-20199770,"[{'label': '2 stars', 'score': 0.25522151589393616}]",1
12.12. 09:56,Health,News,"The medical helpline will be available across mainland Finland during the festive period. If you sprain your ankle or suddenly develop a fever during the Christmas holidays, there is a number you can call in Finland for help. ""Call the Medical Helpline number 116117 before going to the clinic,"" the state-owned digital services provider DigiFinland advises. All calls to the number are answered by a healthcare professional who will assess the need for care. The helpline will also provide information on where the nearest emergency service is located, if urgent care is needed. ""If self-care is sufficient for your situation, you will receive reliable self-care instructions conveniently while sitting on your own couch,"" the service's website explains. The service aims to prevent health centres or emergency units from becoming overloaded with patients. However, if the situation is more urgent or acute, people should always call the emergency number 112. The 116117 helpline is free, but calls from an international cell phone may be subject to a fee. The service is provided by Finland's network of wellbeing service counties as well as by the City of Helsinki, and receives about two million calls annually.",https://yle.fi/a/74-20199374,"[{'label': '4 stars', 'score': 0.4544607698917389}]",1
11.12. 13:38,Health,News,"Relief from winter depression often arrives after the first week of bright light therapy, according to a researcher. When winters are particularly dark and snowless, people increasingly suffer symptoms of depression — but there are ways to fight back against the wintertime blues. Timo Partanen, a research professor at the Finnish Institute for Health and Welfare (THL), said that seasonal winter depressive symptoms affect up to 25 percent of people in Finland. A typical symptom is unrefreshing, intermittent sleep. Sufferers also commonly start craving sweet things at night, leading to them eating chocolates, candy or bread. Meanwhile, people's enthusiasm for physical activity declines in the gloom of winter darkness, and weight gain is a typical side effect of depression, according to Partanen. ""We sleep more, eat more and exercise less — and we tend to gain two to five kilograms in weight over the winter,"" he explained. However, using a bright light therapy lamp can help stave off the effects of winter's darkness. He said the benefits of using bright lights start to appear after about a week. ""After the first week, you usually get some relief. In particular, cravings for sweets seem to disappear first,"" Partanen said. On Wednesday, newspaper Iltalehti reported that most of Finland had not seen any direct sunlight so far this month. There is a likelihood that climate change will make snowless, gloomy winters more common in southern Finland. Partanen said he thinks employers in Finland should offer workers opportunities to fight back against the darkness with bright lights. ""There are probably people suffering from seasonal symptoms in every workplace, because it's so common among Finnish adults. Bright light therapy would help them cope better at work,"" Partanen said. The health agency has already taken such measures for its employees. THL's canteen has a brightly lit corner and there is a similar bright space in its library. The lights are kept on for four hours in the morning. Research has shown that using the bright light therapy in the morning offers the best results. Most find the exposure to lights helpful, but it isn't for everyone, as it can cause headaches or eye irritation. Regular exercise is another method that can help keep the winter darkness blues at bay.",https://yle.fi/a/74-20199195,"[{'label': '4 stars', 'score': 0.44094350934028625}]",1
27.11. 14:05,Health,News,"Daytime rest can significantly increase alertness, says an expert from the Finnish Institute for Health and Welfare. He suggests workplaces should offer sleeping capsules. Napping can increase your alertness during the darkest months of the year, says Timo Partonen, research professor in mental health at the Finnish Institute for Health and Welfare (THL). He suggests that workplaces should offer designated places to take naps after lunch. ""A short rest or a 10-20 minute nap during the workday enhances brain function, making work smoother and potentially more productive,"" he tells Yle. Partonen recommends scheduling your rest before 3pm so as not to disrupt nighttime sleep. Timed daytime naps can help you stay energised for the rest of the workday and afternoon hobbies, he says. Suitable rest areas in a workplace might include break rooms or unused meeting rooms. The kind of sleeping pods that are available at Helsinki Airport could be suitable for this purpose, he says. Partonen concedes that there would likely be pushback from both employers and employees from mandated nap times that would interrupt or extend the working day. But he suggests that unions could try to negotiate a statutory daily rest period of 15 minutes after lunch. According to the researcher, a quarter of people in Finland suffer from fatigue symptoms caused by sleep deprivation. A study last year found that one in five adults were not getting enough sleep. ""The proportion of people who don't get enough sleep has gradually increased in recent years, so it is a significant problem,"" he says. Partonen points to a study carried out about a decade ago which estimated that sleep disruptions cost the Finnish economy approximately 4.3 billion euros a year – a figure which has likely risen since then. He notes that fatigue increases irritability, leading more conflicts. ""Drowsiness also weakens our ability to react, so employees make more mistakes and are more prone to accidents,"" he points out. According to Partonen, exercise, especially between 7-8am or 1-5pm, also helps to regulate the internal clock during the winter. And particularly if there is light outside around midday, going out to soak up some natural light for half an hour or so has a refreshing effect, he says.",https://yle.fi/a/74-20196498,"[{'label': '4 stars', 'score': 0.5216812491416931}]",1
26.11. 10:31,Health,News,"Influenza cases are also spreading around the world, according to health agency THL. The influenza season has started earlier than normal in Finland this year, according to the Finnish Institute for Health and Welfare (THL). It said that influenza cases were also rising earlier elsewhere around the world. The European Centre for Disease Prevention and Control (ECDC) has recommended that people at risk of complications from influenza get vaccinated without delay. Influenza vaccination distribution has already started in Finland. However, according to THL, the vaccine being administered may be somewhat less effective against the variant that appears to be spreading this season. Over the summer, the type-A influenza virus mutated into a new subtype and has since spread around the world. The influenza cases examined in Finland mainly turned out to be of the mutated variant, according to the health agency. THL has recommended influenza vaccinations for everyone under the age of seven, over 65, pregnant women and those belonging to risk groups.",https://yle.fi/a/74-20196224,"[{'label': '3 stars', 'score': 0.32604917883872986}]",1
18.11. 13:06,Health,News,"Opinions about the availability of mental health services in Finland have deteriorated since 2019. Nearly half of people in Finland think that the availability of mental health services in the country has again deteriorated, according to a health survey by the mental health organisation Mielenterveyden keskusliitto (MTKL). The new survey found only four percent of respondents saying they think the availability of mental health services had improved. Opinions about the issue of care access have continually worsened since 2019 in past surveys, according to the group. Back then, around a third of respondents said they thought mental health care availability had worsened. However, the latest poll found 42 percent of respondents saying that mental health service access was adequate. Earlier this autumn, Yle News' podcast All Points North examined the trials and tribulations that foreigners in Finland can face when seeking out mental health care. Listen to the episode via this embedded player, on Yle Areena, via Apple, Spotify or wherever you get your podcasts. The most critical respondents were in Western Finland and around the Helsinki-Uusimaa area — as well as people under 30 and those in the lowest income bracket. Confidence levels were higher among those with higher incomes and people in older demographic groups. The highest confidence levels regarding mental health care access were found in Southern Finland, outside of the Helsinki-Uusimaa area, particularly among people over the age of 70 in the highest income bracket. More than 90 percent of respondents said they think most suitable forms of mental health treatment in Finland are talk therapy and exercise. At the same time 84 percent said they support the activities of mental health organisations, while more than 80 percent considered medication a suitable form of treatment. Around 2,000 adult Finns responded to the survey in February. The margin of error was approximately 2.2 percentage points in either direction.",https://yle.fi/a/74-20194742,"[{'label': '2 stars', 'score': 0.4095844030380249}]",1
6.8.2024 12:35,Food,News,"The availability of raspberries, currants, gooseberries and blueberries will be at its peak, with strawberries still available this late in the season. August will deliver a bumper crop of both berries and fruits, according to the Finnish Association of Fruit and Berry Growers. The availability of raspberries, currants, gooseberries, and blueberries will be at its peak this month, with strawberries still available this late in the season. “Berry pollination has been successful, and summer has provided the right amount of water and warmth. The current harvest outlook is quite promising, and the ripening fruit is of high quality,” said Tomi Pousi from the Association. According to growers, the ripening berries are aromatic and flavorful, making it the perfect time to stock freezers with local varieties. The association also noted that domestic apples are arriving unusually early this year due to a particularly hot spring. The first varieties will be ready to pick in early August in southern Finland. Despite some winter damage to the orchards, the apple harvest is expected to be fairly normal this year. Users with an Yle ID can leave comments on our news stories. You can create your Yle ID via this link. Our guidelines on commenting and moderation are explained here.",https://yle.fi/a/74-20103396,"[{'label': '4 stars', 'score': 0.5110486745834351}]",1
24.7.2024 17:52,Food,News,"Thai authorities are concerned about abuse of berry pickers and suspicions of human trafficking in Finland. Thai authorities prevented 43 people from leaving the country for Finland on Saturday. Officials suspect they were on their way to Finland to pick berries. The Finnish wild berry industry has been dogged by scandals about the abuse and mistreatment of pickers, who have in previous years come for the summer mainly from Thailand. The Bangkok Post published the story first, with Helsingin Sanomat the first Finnish outlet to report on the case. Thai authorities have not granted exit visas for people wanting to pick berries, as they try to negotiate safeguards for people wanting to work in Finland. Finnish and Thai authorities held a conference by video link on Friday, aimed at reassuring Thai officials that Finland could protect pickers in Finland. There have been multiple suspicions of corruption and mistreatment in the sector, with some 10 people suspected of crimes connected to berry-pickers' treatment.",https://yle.fi/a/74-20101282,"[{'label': '2 stars', 'score': 0.3487849831581116}]",1
3.10.2023 18:35,Food,News,"Myllyn Paras' parent firm recalled several varieties of their pastas in mid-June, and demand continues to outweigh supply. Shoppers in Finland may be finding it difficult to find domestic macaroni products at the supermarket. In June, grain products firm Myllyn Paras' parent firm, Lantmännen Cerealia, recalled several varieties of their pastas, over concerns the packages could contain small metal fragments. A mechanism in the firm's pasta production line broke apart, and some small pieces of metal ended up in some of its pasta bags. The company faced difficulty in August as it boosted pasta production, according to Lantmännen Cerealia's communications chief, Emelie Bontesse de Filippis. As of early October, production at the firm's southern Finland facility in Hyvinkää has still not returned to normal. The hiccups have led to lower-than-expected output, Bontesse de Filippis said, adding that production has regained momentum. Another reason that supermarket shelves may be empty of the pasta products is that some shoppers are hoarding them. ""Due to the unusually high demand for our products, pasta-loving consumers are quickly emptying supermarket shelves, even though the shelves are regularly restocked,"" Bontesse de Filippis said. The increase in demand is natural, according to the company, because people want to make sure they have enough of the product at home. However, the company was unable to estimate when the supply situation will normalise, saying that it will likely still take some time.",https://yle.fi/a/74-20053189,"[{'label': '2 stars', 'score': 0.5236204862594604}]",1
22.6.2023 9:57,Food,News,"People in Finland devoured around 26 kg of cheese and 11 kg of eggs per capita last year. The consumption of meat in Finland continued to decline last year, according to the Natural Resources Institute Finland (Luke). New statistics show that on average, people in Finland ate about 77 kg of meat per capita last year, which reflects a continuing decrease in meat consumption over the past several years. On the other hand, the popularity of poultry products increased for some time as well, but that upward trend has ended, and around 29 kg of poultry was consumed in Finland per capita last year, according to the institute. Consumption of fresh and frozen fish also clearly declined last year. According to Luke's senior specialist, Erja Mikkola, the recent uptick in food prices probably affected consumers' choices. There was a six percent decrease in milk consumption in Finland last year, or about 90 litres per person. The lower fat (kevyt) variety accounted for more than half of all milk that was consumed. At the same time, per-capita total grain consumption rose by around three kilograms compared to the previous year, amounting to around 85 kg of grains per person last year. The consumption of oats last year remained at the same level as in 2021, about 10.9 kg per person, Mikkola said, citing preliminary data. Mikkola said that was roughly the same amount of oats that were consumed in 2020 (11 kg), which was a peak year. Meanwhile, each person in Finland ate around 26 kg of cheese and 11 kg of eggs last year.",https://yle.fi/a/74-20037978,"[{'label': '2 stars', 'score': 0.3791554868221283}]",1
10.5.2023 17:25,Food,News,"Finnish alcohol consumption is on a long term downward trend. Alcohol consumption fell 1.2 percent in 2022, according to new figures from the National Institute for Health and Welfare (THL). On average, Finns aged 15 and above consumed drinks containing the equivalent of 8.9 litres of pure alcohol over the course of the year. Retail sales fell around ten percent in 2022 while sales in bars and restaurants increased some 34 percent, reflecting a shift back to hospitality businesses as Covid restrictions drew to a close. Overall alcohol consumption has been declining in Finland since 2007.",https://yle.fi/a/74-20031123,"[{'label': '2 stars', 'score': 0.4723065197467804}]",1
22.2.2023 10:38,Food,News,"Certain K-Supermarket outlets have resorted to removing salmon from their salad bar selection due to excessive hoarding. Staff in some K-Supermarkets have noticed that people are hoarding salmon at the outlets' salad bars. Food inflation, specifically the recent uptick in fish prices, is likely behind the phenomenon, as shoppers seek cheaper ways to acquire the Finnish cuisine staple. Although the overall rate of inflation is showing signs of slowing down, fish and coffee prices have recently begun to rise again. In many places, the price of salmon has approached 30 euros per kilogramme. At the K-Supermarket in Kamppi, Helsinki, for instance, shoppers can buy salmon at the fish counter at the price of 24.95 euros per kilo. In comparison, the price at the salad bar is 17.90 euros per kilo. ""You can see that people come to the salad bar and just pile up salmon and leave without even trying to add salad. One day I saw a gentleman who I had to point this out to. He filled his box with all the fish from the bar and took nothing else,"" Kamppi K-Supermarket fishmonger Pinja Kemppainen told Yle. Kemppainen added that certain outlets have resorted to removing salmon from their salad bar selection due to excessive hoarding. ""The only option is to stop selling it altogether if you can't control it. Many shops have reportedly already made that decision. That's why a lot of people come to us, because we still have salmon,"" she said. Would you like a roundup of the week's top stories in your inbox every Thursday? Then sign up to receive our weekly email.",https://yle.fi/a/74-20019196,"[{'label': '4 stars', 'score': 0.27320075035095215}]",1
11.7.2022 11:29,Food,News,"Multiple factors, including Covid pandemic-caused shortages and increased costs due to Russia's invasion of Ukraine, have put pressure on the food industry. The Finnish food industry is facing a serious situation, according to Mikko Käkelä, Managing Director of the Finnish Food and Drink Industries' Federation (ETL). Last summer's relatively weak harvest, logistics problems due to the pandemic and costlier raw materials and energy caused by the war in Russia have significantly raised the costs of agricultural production. ""As a result, the food industry now pays significantly more for primary production than in the past. Consumers must be prepared for the fact that already in autumn food will cost significantly more than before,"" said Käkelä. The ETL is a group that represents the interests of the food and drink industry in Finland. The difficulties in the food industry are not solely about rising prices of raw materials or energy. For example, there have been problems with the availability of plastic, cardboard, aluminium cans, glass jars, and even packaging labels has been a problem over the past six months. Costs have also increased by the industry's efforts to wean itself off Russian fossil fuels. ""These cost pressures have not yet been passed on to customers, namely the retail, catering and public procurement sectors. No product group is immune to upward pressure,"" says Käkelä. In Finland, cost pressures have not transferred as quickly as they have in other countries, such as Estonia. Although the food chain is now experiencing major challenges, Käkelä urged people to remain calm and to refrain from hoarding products. ""In Finland, the food self-sufficiency rate is 80 percent. Yes, we have enough food and drink,"" Käkelä emphasised. Käkelä predicted that the situation will remain challenging throughout the next year and that the most difficult squeeze has not yet been felt. However, he believed that the situation would at some point stabilise. There are around 1,800 food companies in Finland, of which 600 belong to ETK. The Finnish food industry employs roughly 38,000 people directly and 300,000 indirectly.",https://yle.fi/a/3-12531408,"[{'label': '4 stars', 'score': 0.28880560398101807}]",1
10.7.2022 17:00,Food,News,"Despite the cool weather at the beginning of summer, the heat from Midsummer onward propelled the ripening to the normal schedule of the first two weeks of July. This summer's strawberry crop is now at its peak and the quality of the berries is good, says the Finnish Association of Fruit and Berry Growers. Last year, the harvest was disappointing, but according to the association, strawberries are back on track for a promising crop this year. The association said that the cool weather early in the summer gave indications of a later-than-normal harvest season. However, a warm spell of weather from Midsummer onwards pushed the peak strawberry season back to its normal schedule during the first two weeks of July. The association recommended that those freezing strawberries for the winter should do so in the next few days. The harvests that will be ready in the future will be smaller, but the late varieties will still be ready until September.",https://yle.fi/a/3-12530832,"[{'label': '3 stars', 'score': 0.45502811670303345}]",1
10.6.2022 18:12,Food,News,"Plenty of berries, fruits and veg, as well as fish three times a week can help prevent common ailments like diabetes and heart disease as people get older, according to the findings. A recent follow-up study has confirmed that regularly eating a Nordic diet reduces health risks, including Type 2 diabetes and heart disease, according to researcher Hanna-Mari Tertsunen, from the University of Eastern Finland. A separate, previous study highlighted the Nordic diet's effectiveness in preventing strokes. The study probed the links between good health and dietary recommendations issued in Finland and other Nordic countries, examining the condition and diet of middle-aged and elderly men from eastern Finland over a period of around 20 years. ""It was found that those who followed a healthy Nordic diet were less likely to die of cardiovascular disease than those who did not follow it as strictly,"" Tertsunen explained. Nutrition recommendations in Finland and other Nordic countries suggest diets rich in berries, fruits and vegetables. Whole grains are also preferred, and servings of varying types of fish two to three times a week. Nordic nutritionists also recommend limited consumption of sugary drinks and red meat. The Finnish Food Authority has issued detailed dietary guidelines for people of all ages. Tertsunen noted that a Mediterranean diet has long been considered to be healthy, but wanted to examine dietary habits that are more relevant to Finland, as little research has been carried out on the topic. Cardiovascular disease and type 2 diabetes are very common ailments around the world, with coronary heart disease being one of the most common causes of death in the world. Tertsunen said combined with other healthy lifestyle choices, a Nordic diet can reduce the risk of disease and offer a better quality of life for people as they age. ""Based on the results of the research, it seems that a Nordic diet is worth recommending to middle-aged men. It can reduce the various risks of illness and mortality,"" she said. Tertunen noted that even if the diet isn't followed flawlessly, there are still health benefits to even partially following the guidelines. A report on the research, Adherence to a healthy Nordic diet and risk of type 2 diabetes among men: the Kuopio Ischaemic Heart Disease Risk Factor Study was published in the European Journal of Nutrition.",https://yle.fi/a/3-12487200,"[{'label': '4 stars', 'score': 0.45952677726745605}]",1
29.5.2022 18:30,Food,News,"Rising grocery prices are increasingly forcing even working people to seek help from breadlines and soup kitchens. Food aid queues have lengthened, even though employment has risen to record levels since the waning of the pandemic, the news agency STT reported on Sunday. According to Reetta Nick, project manager of the Foodaid.fi service, rising prices are causing problems for households with insufficient income to cover expenses. Last week the Natural Resources Institute Finland (Luke) predicted that food prices will rise by about 10 percent this year. Article continues after photo Foodaid, which is operated by the non-denominational Church Resources Agency, provides information on food assistance events and community meals in each region of Finland, and helps to channel donated food to sites where it is needed. The Tampere-based ViaDia also reports that its food aid points have seen increased demand. This includes more people with jobs, says managing director Kristian Vilkman. The welfare NGO is affiliated with the Evangelical Free Church of Finland. At the same time, shops are under pressure to reduce surpluses and losses, which affects the organisation of food aid operations. Ninety percent of food aid in Finland is sourced from retail surplus. In 2020, Luke estimated that 20 million kilos of food aid is distributed in Finland annually, with some 100-200,000 people needing food assistance. Free food is provided by over 1,000 associations, parishes and other groups.",https://yle.fi/a/3-12465635,"[{'label': '2 stars', 'score': 0.33831319212913513}]",1
24.3.2022 18:47,Food,News,"More flexible guidelines would enable food manufacturers to make sudden changes to ingredients when required. The Finnish Food Authority has decided to temporarily relax product labelling rules in light of recent food shortages caused by the ongoing Ukraine war. The crisis could necessitate flexibility in labelling requirements as manufacturers might need to make sudden changes or switches in ingredients, the authority said in a statement on Thursday. In such cases, the contents of the package may not fully correspond to the information provided on the label. Relaxing the guidelines would enable manufacturers to continue using existing packaging materials. The agency stressed that companies must ensure that they still safeguard food safety regulations and the consumer's right to information. For instance, if the labelled ingredient is replaced with an alternative that could result in adverse health effects (such as allergies or intolerance), the new ingredient must be listed on the label. Manufacturers would also have to inform consumers if the substituted ingredient significantly alters the nutritional value of the product (if sunflower oil is replaced with peanut oil, for example). The new guidelines do not apply to items that require product-specific regulations such as food supplements and baby food.",https://yle.fi/a/3-12375134,"[{'label': '3 stars', 'score': 0.37366825342178345}]",1
12.9. 11:18,Entertainment,News,"A tale about two sahti-brewing sisters is Finland's pick in the Best International Feature Film category. A film about two sahti-brewing sisters from Sysmä will carry Finland's hopes of finally winning an Oscar award at next year's 98th Academy Awards. The movie, called 100 Liters of Gold (or 100 litraa sahtia in Finnish), has been put forward by a Finnish Film Chamber jury as its pick to represent Finland in the Best International Feature Film category. The story revolves around two sisters and their race against time to replace the 100 litres of their family's famous sahti brew that they consumed, but which was intended for their other sister's wedding. Sahti is a traditional Finnish farmhouse ale, made from malted and unmalted grains including barley and rye. The movie's director, Teemu Nikki, only learned about the nomination when an Yle journalist called him for a comment. ""It feels unbelievable. Great, but also unbelievable,"" Nikki said. According to audience figures from the Finnish Film Foundation, 100 liters is the most-watched domestic film of the year so far. ""The remake rights for the film have already been sold to the US, so they are writing an American version of 100 Liters of Gold there. Maybe that could help in the race for an Oscar,"" Nikki said. Countries can put forward their own pick for the Best International Feature Film category, and that list is whittled down by Academy of Motion Picture Arts and Sciences (AMPAS) to a shortlist that is published at the end of January. The last time Finland made the shortlist was in 2023, when Aki Kaurismäki's Fallen Leaves made the cut, but did not win the prize. Finland has never won an Academy Award, more commonly known as the Oscars, despite decades of trying.",https://yle.fi/a/74-20182575,"[{'label': '4 stars', 'score': 0.4120454788208008}]",1
19.8. 18:00,Entertainment,News,"One of Helsinki's largest venues has stood empty for more than three and a half years. This autumn the Arena hosts its first public events, but only three concerts have been announced so far. The formerly Russian-owned Helsinki Arena re-opens in early October, rather than in September as previously announced. The 15,500 venue in the Pasila district has been shuttered since March 2022 due to EU sanctions related to Russia's full-scale invasion of Ukraine a month earlier. Since then the venue's main corporate sponsor has changed from drinks manufacturer Hartwall to state gambling monopoly Veikkaus, in partnership with concert promotion giant Live Nation. It was built in 1997, primarily as an ice hockey hall. The first scheduled event announced so far will be a concert by Finnish pop-rock band Vesterinen Yhtyeineen on 8 October. It is to be held with an intimate theatre set-up with around 5,000 seats. A week later, American singer-songwriter and Nobel laureate Bob Dylan returns to the hall on 16 October. Dylan, now 84, has appeared at the same venue in 2003, 2008 and 2019. He also performed at Pori Jazz in 2014. The only other event so far announced at the re-opened hall is a concert by Swedish pop band Roxette on 9 October, featuring new vocalist Lena Philipsson. She replaces Marie Fredriksson, who died of cancer in 2019. The group appeared at Pori Jazz about a month ago. According to Mirkka Rautala, CEO of Live Nation Finland, any event organizer can reserve a time slot for an event at the hall, even in September, but at the moment there are no other confirmed public events before Vesterinen's gig. There has so far been no word on any sporting events at the Arena, which was once home to the ice hockey club Jokerit. The venue was originally built at the initiative of the team's former owner, Harry ""Hjallis"" Harkimo. He is now the chair and sole MP of the centre-right Movement Now party. Last spring, a Finnish real estate investment firm bought the venue from its previous Russian owners Boris Rotenberg and Gennady Timchenko, oligarchs close to Putin who have been slapped with western sanctions.",https://yle.fi/a/74-20178292,"[{'label': '4 stars', 'score': 0.2800058424472809}]",1
18.8. 08:00,Entertainment,Finland’s next Eurovision star is on the horizon – UMK 2026 applications are closed,"Finland's next Eurovision representative will be decided in February. Finland’s biggest music show, UMK, officially began Monday with the opening of the new season’s song submission period. The open song contest welcomes all music creators and is looking for new artists, new songs, and Finland’s next Eurovision representative. The UMK26 submission period ran from August 18 to August 24, 2025. Over the past decade, UMK has become one of the most followed national selections in the Eurovision world. In Finland, UMK has established itself as a springboard for new artists and songs, and many of the entries have become major hits both domestically and internationally. The winner of UMK26 will represent Finland in the next Eurovision Song Contest in Austria in May 2026, performing for hundreds of millions of viewers. The 15th edition of the Contest for New Music, UMK26, will be held at Nokia Arena in Tampere on February 28, 2026. The selected artists and songs will be announced, as per tradition, in January. The song and artist selections for UMK will once again be made by several juries this year. The main influence lies with the professional jury, chaired by Tapio Hakanen, Head of Music at YleX. In addition to the professional jury, the selections are influenced by five public juries, which bring together a diverse group of representatives from different fields. The jury reform introduced last year was a success and will continue this year as well. – UMK’s impact on creating Finnish music phenomena has grown year by year. Last season’s successes included Erika Vikman’s Ich Komme with over 30 million streams, Nelli Matula’s Hitaammin hautaan – the biggest radio song of the year – and Goldielocks’ breakthrough with the English-language song Made Of. UMK has no genre restrictions, and we hope to receive as diverse a selection of songs as possible for our professional and public juries to review, says professional jury chair Tapio Hakanen. The application period began on August 18, at 8:00 a.m., and ended on August 24 at 11:59 p.m. All applicants will be contacted by October at the latest. You can find more information about the contest at yle.fi/umk.",https://yle.fi/a/74-20176175,"[{'label': '4 stars', 'score': 0.3626733422279358}]",1
14.7.2025 17:11,Entertainment,News,"The YouTuber arrived on Monday afternoon, bringing many fans to downtown Helsinki as he live-streamed the chaos surrounding him. One of the biggest streaming stars on YouTube, IShowSpeed, arrived in Finland on Monday. Also known as 'Speed', the 20-year-old streaming star's real name is Darren Watkins Jr. He has more than 40 million subscribers on YouTube and reaches millions of others on other platforms like TikTok and Instagram. A large number of youths were seen in downtown Helsinki chasing an SUV carrying the YouTuber. He got out of the vehicle near the Stockmann department store, where fans offered him Fazer chocolates as he live-streamed the action. Watkins was also at Senate Square, where he was seen running up the steps of Helsinki Cathedral alongside his bodyguards. The size of the crowd around him grew as his visit continued, with the sound of fans heard chanting his name. Capital area police said they prepared for the possibility of hundreds of fans descending on Helsinki Airport to greet the internet star, but extra officers were not added to the detail. Watkins is on a tour of various European countries. His arrival time in Finland was kept quiet until the last moment, due to the possibility of unmanageable crowds. Newspaper Iltalehti was the first to confirm that Watkins had landed in Finland, noting that he did not reply to requests for interviews at the airport. As of Monday afternoon, it remained unclear where Watkins planned to go during his time in Finland, but he has said that the Helsinki-based gaming giant Supercell invited him to visit. Watkins started his YouTube channel nearly a decade ago, and his provocative videos helped him gain a huge following. That provocation has also led to a number of controversies.",https://yle.fi/a/74-20172615,"[{'label': '4 stars', 'score': 0.3203163743019104}]",1
30.6.2025 17:24,Entertainment,News,"Many outdoor water parks have seen visitor numbers drop in June due to the cool, rainy start to summer. Finland's cold and wet conditions in June hit warm weather-dependent water parks like Puuhamaa in Tervakoski and Visulahti in Mikkeli especially hard. Despite average overall temperatures in June, only two hot days and above-average rainfall in Southern and Western Finland have slowed the water park season. Visitor numbers are clearly behind last June, according to Petteri Järvenpää, Vice Managing Director of Aspro Parks Group Finland, the firm that manages the parks. ""The difference compared to good days is crushing, almost tenfold. Unfortunately, June will be a record low,"" he said. The group also runs covered and heated parks like Tropiclandia and Serena, which have fared better but have had to face higher heating costs. This summer, Serena’s heating use is up about 20 percent compared to last year, according to Järvenpää. The Serena and Puuhamaa water parks usually see just under 100,000 visitors a year, a target still within reach if July brings warm weather. Without it, the season could be lost, Järvenpää noted. In contrast, the rainy and cool weather hasn't significantly dented visitor numbers at amusement parks such as Linnanmäki in Helsinki, Särkänniemi in Tampere or PowerPark in Härmä. ""The start of the season has been promising despite poor weather. We're quite satisfied with visitor numbers,"" said Linnanmäki CEO Satu Järvelä. Linnanmäki’s advantage is its location in the city and while most rides require tickets, entry to the park itself is free. Visitors often just drop by during the day. ""Fortunately, the rain hasn’t been constant, and people have been able to come here for an evening of fun when the weather clears up,"" said Järvelä. Powerpark in Kauhava, Southern Ostrobothnia, also expects a normal season turnout of around 450,000 visitors. ""We lagged a bit in May, but June made up for it. That's surprising given the weather in early summer,"" said Powerpark's Chief Business Officer Antti Saarikoski. Users with an Yle ID can leave comments on our news stories. You can create your Yle ID via this link. Our guidelines on commenting and moderation are explained here.",https://yle.fi/a/74-20170286,"[{'label': '3 stars', 'score': 0.39678406715393066}]",1
18.6.2025 14:00,Entertainment,The UMK26 application opens in August – Will your song be Europe's next big hit?,"The Contest for New Music (UMK) is once again searching for new artists. UMK – The Contest for New Music – is Yle’s open song contest for all musicians and music makers in Finland and abroad. The application period for UMK26 kicks off in August, and the application form will be available at yle.fi/umk from 18 to 24 August 2025. Now’s the perfect time to read through the rules and start polishing your entry! UMK is Finland's biggest music competition and a central platform for Finnish music. UMK finalists frequently dominate streaming charts and radio playlists. In 2023, Käärijä became a global sensation, and in 2024, Windows95man took the stage by a denim storm. In 2025 Europe came together with Erika Vikman's iconic Ich komme. But the journey doesn’t stop here — UMK continues to evolve and grow. With the competition held at the iconic Nokia Arena, the shows have grown into major entertainment events, selling out in mere hours. Could you be the next artist to leave your mark in Finnish and European music history? If so, mark your calendar and get your song ready! The official rules for UMK26 have now been published. Read them carefully and make sure your song and materials are ready by the application window in August. UMK has served as Finland’s national selection for the Eurovision Song Contest since 2012.",https://yle.fi/a/74-20168420,"[{'label': '5 stars', 'score': 0.4750732481479645}]",1
28.5.2025 13:10,Entertainment,News,"Cruise's brief visit appeared to confirm rumours that the megastar has ordered a yacht from a high-end boat builder on the west coast. American film star Tom Cruise briefly visited the west coast of Finland on Wednesday morning to check out progress on a luxury yacht under construction in Ostrobothnia. His arrival appeared to confirm rumours that the megastar had purchased a yacht from a local luxury boat builder. Cruise arrived by private jet to the local airport in Kronoby in the morning, with the regional paper Österbottens Tidning managing to capture a few photographs of the unusual visit. The Mission Impossible actor was seen at around 10:40am taking a helicopter back to the airport after visiting yacht building company Nautor Swan in nearby Jakobstad. Founded by Pekka Koskenkylä in 1966 — and Italian majority-owned since 1998 — Nautor Swan is known for its luxury sailing vessels, with its largest yachts selling for tens of millions of euros. According to Yle's sources, Cruise ordered a 108-foot yacht from the company in February. As the actor was seen walking towards his jet, Svenska Yle's reporter Mårten Wallendahl asked what he thought about the boat. ""Beautiful!"" Cruise replied. Another local Svenska Yle reporter, Marcus Lillkvist, made his way to Nautor Swan before 8am. He said that it was clear that something big was about to happen. ""There was some kind of staging [set up] and I saw the hull and deck of a relatively large boat,"" Lillkvist said. As news of the Hollywood actor's visit spread, other people began gathering outside the high-end boatyard facility. Apart from reporters and photographers, a number of youths also arrived to catch a glimpse of the star, including Emil Hassel and Elias Härmälä, who attend the Optima vocational school in Jakobstad. ""We're waiting for Tom Cruise. We want to see him,"" Hassel explained. ""He's a cool actor,"" Härmälä added. However, the lads admitted they actually should be in school. ""This is much more fun. The teacher doesn't know we're here,"" Hassel said. ""We came here during a break, but classes started again,"" Härmälä noted. Nautor Swan refused to comment about Cruise's visit, citing customer privacy. 29 May: Corrected name of boatbuilding firm.",https://yle.fi/a/74-20164573,"[{'label': '4 stars', 'score': 0.4060189425945282}]",1
26.5.2025 14:05,Entertainment,News,"Elg's silver screen success made her a superstar back home, and her visits to Finland in the 1950s became major media events. Finland's first (and arguably only) genuine Hollywood movie star, Taina Elg, has died at the age of 95, newspaper Helsingin Sanomat reported on Monday. Elg died at a nursing home in Helsinki on 15 May, HS said. The future star was born in Helsinki in 1930 and started her Hollywood career in the 1950s. She studied ballet and first went abroad to find work as a dancer, before an injury cut that career short. She was then invited to audition as an actor in Hollywood, and ended up signing a seven-year contract with Metro-Goldwyn-Mayer (MGM) studios when she was just over the age of 20. At the time, MGM was one of the most powerful studios in Hollywood. As the new technology of television was starting to draw audiences away from the cinema, MGM started to make big musicals, and Elg landed her biggest role in one of them. Released in 1957 and directed by George Cukor, the musical comedy Les Girls starred Gene Kelly, Mitzi Gaynor and Kay Kendall alongside Elg. The legendary Cole Porter was behind the film's music and lyrics. The film won an Academy Award for best costume design and was also nominated in two other categories. Elg won a Golden Globe award for that film, and also won a Golden Globe in the 'Female Foreign Newcomer' category in 1957 for her work in the film Gaby. In an interview in the early 1990s, Elg told Yle how she became friends with Hollywood stars like Elizabeth Taylor and Lana Turner, saying the latter taught her a lot about acting on the big screen. Elg's Hollywood success made her a superstar back home, and her visits to Finland became major media events in the 1950s. After a career in Hollywood that lasted until the end of the 1950s, Elg moved to New York City. There, in the 1960s, she appeared in Broadway musicals and also had a starring role in the western TV series Wagon Train. Her career in theatre, film and television continued until the 1990s.",https://yle.fi/a/74-20164079,"[{'label': '4 stars', 'score': 0.3124660849571228}]",1
18.5.2025 7:50,Entertainment,News,"Austria has won the Eurovision song contest. Austria claimed a clear victory at the Eurovision Song Contest in Basel, Switzerland, early Sunday morning. The country's entry, Wasted Love, performed by JJ, received a total of 436 points. Israel came in second with the song New Day Will Rise, performed by Yuval Raphael. It drew 357 points. Finland's Erika Vikman placed eleventh with her pop song Ich komme. The Finnish group KAJ, representing Sweden, secured fourth with their sauna anthem, Bara Bada Bastu, which earned 321 points. Singing in Swedish, KAJ won this year's Melodifestivalen, Sweden's national selection for the Eurovision Song Contest. Finnish President Alexander Stubb commented on the Finnish performances early Sunday morning on X, both in Finnish and Swedish, saying ""Finns should be proud."" Erika Vikman was selected to represent Finland at Eurovision in February after winning the national selection contest UMK. UMK26 will be held next February at the Tampere Arena. The application process for UMK will open again in August.",https://yle.fi/a/74-20162505,"[{'label': '4 stars', 'score': 0.31821832060813904}]",1
29.1. 14:49,Travel,News,"There are a number of reasons behind the development, according to the head of the Association of Finnish Travel Industry. Bookings for leisure trips from Finland to the United States declined sharply last year. Leisure flight packages from Finland to the United States decreased by around 25 percent in 2025, according to the Association of Finnish Travel Industry (Smal). The group represents travel agencies and tour operators across the country. Previously, the US has been a very popular destination for travellers from Finland, according to Smal's managing director, Heli Mäki-Fränti. ""I just heard from Denmark that travel from Denmark to the US decreased by 50 to 60 percent, and by 30 percent from Sweden and other countries, so this is a broader European phenomenon,"" she explained. There are several reasons for the decline, according to Mäki-Fränti. For example, prices in the US are generally relatively high at the moment. Another factor is that the fee for the so-called Electronic System for Travel Authorization (ESTA) has recently doubled. The fee for the required entry document rose from 21 US dollars to 40 dollars in September. She noted that people who are planning to visit the US fill out the ESTA form well in advance of their trip to ensure that the document is in order when they do travel. People visiting the US should also be prepared for long waits at airport border entry points, according to Mäki-Fränti. ""Many people say that entering [the US] takes a very long time. When there's a queue, it can take several hours,"" she said, suggesting that the political tone there may be making prospective visitors feel rather unwelcome. Negative news from the US has also affected people's desire to visit the country. ""Of course, as a tourism professional, I sympathise with my colleagues in the United States. They are also having quite tough times there at the moment, and there will certainly be a lot of unemployed people in the tourism industry. It will affect tourism revenue,"" Mäki-Fränti said.",https://yle.fi/a/74-20207214,"[{'label': '2 stars', 'score': 0.38721325993537903}]",1
2.1. 15:46,Travel,News,"The Finnish city is the European capital of culture this year. US news network CNN has included the Finnish city of Oulu in its list of 20 top travel destinations for 2026. The listing coincides with the beginning of Oulu's year as the European capital of culture — an initiative which aims to ""highlight the diversity of cultures in Europe,"" according to Finland's Ministry of Education and Culture. CNN writes that Oulu will host about 200 events as part of its cultural capital celebrations, including the Frozen People electronic music festival. The article also mentions the city's floating saunas and scenic nature, among other attractions. ""While landmarks like the Cathedral, which dates from the 18th century, and the Market Hall are not to be missed, one of the city’s most iconic sights is actually a bronze statue of a round policeman, nicknamed Toripolliisi, located in the Market Square,"" CNN's writers add. The Toripolliisi, or 'Market Place Policeman', is one of the city's most well-known landmarks. Oulu is the third Finnish city to be named European capital of culture, following in the footsteps of Helsinki in 2000 and Turku in 2011. It shares the honour this year with the city of Trenčín in Slovakia. CNN's boost for the Finnish tourism industry comes in the wake of a similar mention by Lonely Planet last October, which included Finland in its ""best destinations for 2026"" list.",https://yle.fi/a/74-20202339,"[{'label': '5 stars', 'score': 0.41598936915397644}]",1
29.12. 13:47,Travel,News,"About 20 flights were cancelled or delayed at Rovaniemi airport on Saturday, leading to widespread backlogs. As Finland continues to recover from the damage caused by Storm Hannes on Saturday, an estimated 1,000 passengers are still stranded at Rovaniemi airport waiting for their return flights to depart. A spokesperson for Finavia, the national airport operator, told Yle that the situation is slowly returning to normal, with about 30 flights expected to depart from and arrive at Rovaniemi during the day on Monday. However, many people whose flights were cancelled on Saturday were sleeping on the floor of the airport on Monday morning. ""Some who came to the airport on Saturday were still at the airport on Monday, and some were waiting in their accommodations for information about a new flight,"" Finavia's communications manager, Elina Suominen, said. About 20 flights had to be rescheduled from Saturday due to the storm.",https://yle.fi/a/74-20201758,"[{'label': '2 stars', 'score': 0.3994883894920349}]",1
23.12. 10:41,Travel,News,"Driving conditions are mostly favourable on Christmas Eve's eve. Outbound holiday traffic reaches its annual peak on Tuesday, the day before Christmas Eve. According to Fintraffic's traffic management operator, Marko Kolattu, road congestion is expected to peak shortly after midday, with heavy traffic continuing into the late evening, depending on the region. In central areas, the worst bottlenecks are expected to occur between 2 and 3 pm, according to Kolattu. During the afternoon, queues are likely to form on Highway 4 northbound from Lahti and Jyväskylä. Substantial traffic is also anticipated on Highway 5 as far as Mikkeli. Motorists are setting off in mostly good driving conditions. Roads are dry, and temperatures remain below freezing across the country. According to the Finnish Meteorological Institute (FMI), Tuesday will be mostly dry nationwide, with spells of sunshine. In much of the country, temperatures will range between –4 and –12 degrees Celsius. In Lapland, milder air will arrive later on Tuesday, pushing temperatures closer to zero or slightly above, which may make roads slippery in some areas. Fintraffic expects return traffic to be spread over several days, with the busiest period falling on Boxing Day, 26 December.",https://yle.fi/a/74-20201302,"[{'label': '3 stars', 'score': 0.3705383241176605}]",1
18.11. 10:19,Travel,News,"Some councillors had been opposed to the project due to its high cost and because the tram will not serve Helsinki Airport. At a meeting on Monday evening, Vantaa city councillors voted in favour of a revised plan for building a tram line in the city. The decision however was far from unanimous, passing by 44 votes to 23, with many councillors expressing their opposition to the plans. The council previously approved the project in 2023, but a new vote was necessary after a cost estimate, released last month, predicted the project would set the city back by more than one hundred million euros than initially budgeted. The original estimates set the cost at 647 million euros, with Vantaa’s share being 448 million euros. However, the new figures suggest the final cost will climb to some 750 million euros, with Vantaa’s share now rising to 541 million euros. A second source of dissatisfaction with the project is the fact that the tram’s final stop does not quite reach Helsinki Airport, instead terminating at Aviapolis. Preparatory construction on the line began earlier this year. Councillors debated the plans for a period of five hours on Monday afternoon and into the evening, before a vote was held just after 7:30pm. The vote in favour had been expected, but the length of the debate showed the depth of the divisions within the council over the issue. The project has been supported by almost all SDP, Green Party and Left Alliance council members as well as about half of the National Coalition Party members. However, councillors represeting the Finns Party, Christian Democrats, Centre Party, and some National Coalition Party members were opposed. The decision means that Vantaa will become the fourth city in the country to have a tram line or network, after Helsinki, Espoo and Tampere.",https://yle.fi/a/74-20194680,"[{'label': '2 stars', 'score': 0.40134257078170776}]",1
28.10. 13:29,Travel,News,"The exact breakdown of the price hike is yet to be decided, according to the authority. The Helsinki Regional Transport Authority (HSL) will raise ticket prices by 3.1 percent from the beginning of next year. The decision was made at a meeting of the authority's executive board, where an even steeper price hike had initially been suggested but was voted down. HSL's board is made up of Helsinki city councillors from a range of parties. The price rise was mostly supported by councillors from the National Coalition Party, the Finns Party, and the Swedish People's Party — while the Left Alliance and the Greens, were opposed. ""Our strategy responds to changes in our operating environment. Technological development is advancing rapidly, and modes and needs of mobility are becoming increasingly diverse,"" board chair Mirita Saxberg (NCP) said. Members of the Social Democrats voted in favour of the price rise. ""From the Social Democrats' perspective, the decision is a defensive victory, because the price increase was more than halved during the negotiations,"" a party statement said. Yle understands that as recently as this past summer, a hike in HSL fares of 6.4 percent was on the table. HSL also previously stated that any increase in prices should be more heavily-weighted on season tickets, as single fare tickets are more often used by unemployed people and pensioners. The exact breakdown of the rise in fares will be decided by HSL at a later date. However, the decision to not increase fares by as much as was originally suggested will have a knock-on effect on municipalities covered by HSL services — as they will be left to pick up a larger share of the tab. HSL is facing financial pressure from several directions. The cities in the capital region have invested heavily in new rail and renovation projects, which is significantly increasing the level of infrastructure compensation HSL pays to municipalities. At the same time, the rise in the number of people working remotely since the Covid pandemic has directly impacted commuter traffic and HSL's revenue, as passenger numbers have still not returned to pre-pandemic levels. HSL also announced a rise in 2025 ticket prices this time last year.",https://yle.fi/a/74-20190821,"[{'label': '4 stars', 'score': 0.317460834980011}]",1
13.10. 16:44,Travel,News,"The system registers non-EU nationals travelling for a short stay whenever they cross the external borders of an EU state, but it does not apply to EU citizens. The EU began rolling out a new Entry/Exit System (EES) for non-EU nationals from Sunday 12 October. EES is an automated IT system that will eventually replace the traditional stamping of passports at EU border checkpoints as it is rolled out across the bloc over the coming six months. According to the Finnish foreign affairs ministry, the EES is for ""registering non-EU nationals each time they cross a border into or out of the EU"". ""The system will register the person's name, travel document data, biometric data (fingerprints and captured facial images) and the date and place of entry and exit, in full respect of fundamental rights and data protection,"" an EU press release stated. It noted that the system is part of a broader effort to strengthen the security of the Schengen area's external borders. ""As of 10 April 2026, EES will replace the current system of manual stamping of passports, which does not allow an automatic detection of over-stayers (travellers who have exceeded the maximum duration of their authorised stay),"" the EU's explainer said, adding that it also seeks to ""prevent irregular migration"". The British Embassy in Helsinki released a video on its social media platforms over the weekend to advise UK citizens about how the changes will affect them. The Finnish foreign ministry meanwhile advised non-EU passengers to consult the website of the Finnish Border Guard for more information on the EES system. The ministry emphasised that the new system does not apply to EU citizens. Next year will also see the introduction of the European Travel Information and Authorisation System (ETIAS), which is a new entry requirement for nationals of visa-exempt non-EU countries travelling to European countries requiring authorisation. The law change means that affected travellers will be required to obtain an ETIAS authorisation before entering Europe.",https://yle.fi/a/74-20188118,"[{'label': '4 stars', 'score': 0.2632479667663574}]",1
25.9. 14:34,Travel,News,"Finnish airports are operating as normal, according to operator Finavia. Finnish airport operator Finavia said airports in Finland are functioning as usual. Airports in several countries, such as in Denmark and Norway, have recently reported unauthorised drone activity which has led to flight disruptions or even the temporary closure of some airports. ""Airports use various methods to detect drones, but the details, and any possible sightings, are security sensitive and cannot be disclosed,"" Finavia told Yle in an email. Finavia said it works closely with the authorities and that any cases of drones being flown in violation of regulations are always referred to the police. Drone flights near airports are banned without special permission, and Finland's transport regulator, Traficom, has set protective buffer zones around them. The drones spotted over Denmark appear to be part of a coordinated operation, according to Iro Särkkä, a senior researcher at the Finnish Institute of International Affairs (FIIA). She said that while suspicion falls on Russia in the current geopolitical climate, there is, as yet, no firm evidence of Russian involvement. Earlier this month, Poland shot down Russian drones after an airspace violation.",https://yle.fi/a/74-20185006,"[{'label': '2 stars', 'score': 0.3346291482448578}]",1
25.9. 12:59,Travel,News,"Tourists from Germany spent the most amount of nights in Finland during the past summer, with visitors from Sweden and the US in second and third place respectively. The number of overnight stays by foreign tourists in Finland during the summer months was 13 percent higher compared to the same period last year, according to accommodation figures published by Statistics Finland on Thursday. This puts the number of overnight stays by foreign tourists this year — estimated to be a total of around 760,000 — at about the same level as in the summer of 2019, just before the Covid pandemic. Statistics Finland's data also revealed that the busiest month for foreign tourists in Finland was August, but the biggest growth in the number of visits occurred in June. Breaking down the figures by nationality, German tourists spent the most amount of nights, with visitors from Sweden and the United States in second and third place respectively. The report also noted that the largest relative increase in overnight stays was by Chinese tourists. On average, tourists paid about 121 euros for a night in a hotel room in Finland during the past summer, which is 5 euros more than last year. The highest average price was in the Pirkanmaa region, where the city of Tampere is located, where it came in at 137 euros. While foreign tourist numbers were up, overnight stays by Finland-resident tourists were down by some 3 percent compared to last summer.",https://yle.fi/a/74-20184973,"[{'label': '2 stars', 'score': 0.289577454328537}]",1
28.8. 15:32,Travel,News,"Helsinki and Tampere earned the most from tourism, while Finnish Lapland saw the biggest increase. Spending by domestic tourists declined while that by foreign tourists rose. Tourism revenue in Finland decreased last year compared to the previous year, according to a study by Visitory, a travel data consultancy. Direct tourism revenue in the key areas of Finland it studied amounted to some 5.81 billion euros in 2024, a decline of 4.4 percent from the previous year. The results are based on 47 municipalities and sub-districts. Of these, Helsinki raked in the largest tourism revenue, 1.4 billion euros. Tampere, some 200km north of the capital, was a distant second, earning 504 million euros last year, down by 13 percent from the year before. Helsinki's revenue also fell compared to 2023. The biggest rise in direct tourism revenue was in Finnish Lapland. Revenues grew the most in the northern regional capital, Rovaniemi, which saw an increase of almost 15 percent. Direct tourism revenue refers to the money spent by visitors in a specific region or municipality, minus VAT. Spending by Finnish tourists decreased in most of the municipalities included in the study. That explains why many municipalities' tourism revenue decreased last year from 2023, even though there was a slight increase in overnight stays in some places, the company said. Across the country, the number of registered overnight stays by Finnish tourists decreased by approximately five percent, while unregistered overnight stays increased by 19 percent. Foreign tourists' spending, on the other hand, increased from the previous year. The number of overnight stays by foreign tourists in hotels increased by just over 10 percent. However, Airbnb flats and other lodgings saw growth of as much as one-third compared to 2023.",https://yle.fi/a/74-20179880,"[{'label': '2 stars', 'score': 0.33949005603790283}]",1
22.8. 13:19,Travel,News,"Leisure travel to the US this summer has decreased significantly from last year. Finnish travel habits abroad appear to have shifted this year, with the United States and Spain losing ground while destinations around the Baltic Sea gain in popularity. According to US government statistics, Finnish tourism to the United States fell by 13 percent in June and 10 percent in July compared with the same months in 2024. The reasons are debated, but some see politics playing a role. ""In the early part of the year, there was a clear decline in leisure travel by Finns to the US,"" said Antti Honkanen, docent at the University of Turku. ""But it is worth asking to what extent the change is due to a boycott of [US President Donald] Trump's administration and to what extent it reflects Finland's uncertain employment and economic situation. I would guess that both factors have had an effect,"" he told Yle. Spain also saw fewer Finnish visitors this summer, while mobile roaming data suggests that Southern Europe more broadly lost some of its traditional appeal. Instead, Nordic and Baltic countries have attracted more Finns. ""The share of Finnish tourism to the Nordic countries, the Baltics and the wider Baltic Sea region seems to have grown. For example, Sweden, Denmark, Estonia and also Poland have been winners in this respect,"" Honkanen said. The trend was confirmed by Finnish telecoms operator Elisa, which shared figures with Finnish News Agency STT showing changes in customers' roaming data abroad. The comparison covered June and July in this year and last year.",https://yle.fi/a/74-20178894,"[{'label': '2 stars', 'score': 0.355711430311203}]",1
2.2. 12:06,Transport,News,"Fintraffic’s national traffic priority system, which is set to be introduced this summer, will recognise the location of an emergency vehicle and automatically change the lights to green to facilitate its passage. Finland's traffic authority Fintraffic is preparing to roll out a new traffic lights system across the country, which will give priority to emergency vehicles. The automated system will allow ambulances, fire trucks, and other emergency response units to pass through intersections via a 'green wave' of lights. In a press release, Fintraffic explained that the initiative is intended to speed up emergency response times and reduce the risk that emergency vehicles get stuck at busy intersections. The so-called national traffic light priority system, which is set to be introduced this summer, will recognise the location of an emergency vehicle and automatically change the lights to facilitate its passage. ""All cities, municipalities, and wellbeing services counties are welcome to join the national traffic light priority system. The aim now is to implement a nationwide green wave for rescue and emergency units, enabling them to get help to the scene safely and quickly,"" Juho Neuvonen, Fintraffic’s Product Manager, explained in a press release on Monday. Although the new system will be officially in operation from July, rolling it out across the country will take time as traffic systems are tested and updated. The plan follows a successful pilot project. ""About 700 intersections and 300 emergency vehicles were involved in the pilot phase. No emergency-related accidents occurred at the intersections included in the pilot. This demonstrates the system’s effectiveness in practice, and its impact is especially evident in congested areas where every moment is crucial for rescue and emergency units,"" Neuvonen said.",https://yle.fi/a/74-20207808,"[{'label': '4 stars', 'score': 0.42073366045951843}]",1
2.2. 09:55,Transport,News,"Roadside observations found that more than 70 percent of Finnish cyclists used a helmet, compared to just 5 percent in the Netherlands. People in Finland are the most conscientious users of bicycle helmets in Europe, according to the results of a comparative study of 25 EU member states. Finland's data was collected by the VTT Technical Research Centre, with roadside observations revealing that more than 70 percent of Finnish cyclists used a helmet. According to a VTT press release, this put Finland ahead of the 16 other countries in which helmet-wearing habits were researched. By contrast, the corresponding figure in the Netherlands was just five percent. The study also found that, in all countries, the use of bicycle helmets was less common in urban areas than in rural regions. Although Finns scored highly on the wearing of bike helmets, the study found other areas of road safety where there is significant room for improvement. For example, speeding by motorists — especially on rural roads with a speed limit of 80 km/h — was found to be of particular concern. Only 35 percent of Finnish drivers on such roads complied with the limit, according to the results of the study. ""Speeding continues to be a significant road safety challenge in Finland, and more efforts should be made to prevent it,"" VTT Research Team Leader Fanny Malin noted. ""This is why the additional recommendations state that effective measures, such as monitoring, communications and infrastructure solutions, should be developed to prevent speeding."" As part of the project, road safety in Finland was assessed based on six key performance indicators (KPIs): compliance with speed limits, seat-belt use, cycling helmet use, drink-driving, vehicle safety, and the time elapsed between notification of a road traffic accident and the arrival of the first rescue unit at the scene of the accident. Compliance with speed limits was the only KPI in which Finland scored comparatively poorly.",https://yle.fi/a/74-20207771,"[{'label': '4 stars', 'score': 0.30218803882598877}]",1
9.12. 14:04,Transport,News,"Kirkkonummi municipal council voted against the West Railway project's shareholder deal on Monday evening. A draft agreement between the Finnish state and six southwestern municipalities to construct a high-speed train line between Helsinki and Turku is no longer valid, according to Transport Minister Lulu Ranne (Finns). ""The ball is now in the municipalities' court. They must agree on how the terms of the shareholder agreement can be fulfilled after Kirkkonummi's decision,"" Minister Ranne wrote in a text message to the Swedish language newspaper Hufvudstadsbladet (HBL). She was commenting in the wake of a decision by Kirkkonummi municipal council on Monday evening to reject the West Railway shareholder deal. The agreement would see the Finnish state and the municipalities share the cost of the construction between them — in a project that would see the country's first entirely new rail line in over a century — but the terms were subject to ratification by each participating council. The West Railway project would see the building of a high-speed train link between Turku and Helsinki, and it is often referred to in Finnish media as ""Turku's one-hour train"". Prime Minister Petteri Orpo (NCP), a Turku native, has long lobbied for the project. The councils of Turku, Espoo, and Vihti have all previously voted in favour of the deal. Lohja and Salo are scheduled to decide next week. Kirkkonummi’s contribution to the first phase of the project was estimated to be around 15 million euros, but Ranne told HBL that the government will not make up the shortfall. While the decision by Kirkkonummi council is a setback for the proposal, it does not necessarily mean the end of the line — but rather a re-negotiating of the terms. Pekka Ottavainen, CEO of Länsirata (West Railway) Oy, has previously told Yle that if any shareholder municipality withdraws, talks on how the costs can be distributed will be reopened. Minister Ranne's statement to HBL essentially means that the other five municipalities must decide whether to cover the amount previously allocated to Kirkkonummi or look to cut costs elsewhere.",https://yle.fi/a/74-20198740,"[{'label': '2 stars', 'score': 0.28603047132492065}]",1
6.11. 11:09,Transport,News,"To qualify, the used vehicles must be at least 10 years old and taken to a recycling centre. The Finnish Parliament has approved a law that will allow the state to pay rebates to people who turn in their old cars and buy new, lower-emission vehicles. Thursday's vote was 124-40, with 35 MPs absent. Now, the programme, commonly referred to as a 'cash-for-clunkers' arrangement, enables new car buyers to apply for the rebates right away. To qualify, the used vehicles must be at least 10 years old and taken to a recycling centre. If owners of old cars replace them with a fully electric or hydrogen-powered vehicle, they will receive 2,500 euros towards the purchase. If the new vehicle has a carbon dioxide emission level below 140 grams/km, buyers will be granted 2,000 euros for the purchase. The programme's period of eligibility began retroactively at the beginning of October and it is set to continue until the end of 2027. The average age of cars on the road in Finland is the highest in the Nordic countries, 13.6 years. The average age in Sweden, Norway and Denmark ranges between 9.6 and 11.1 years.",https://yle.fi/a/74-20192497,"[{'label': '4 stars', 'score': 0.24905799329280853}]",1
30.10. 10:53,Transport,News,"The airline’s revenues and passenger levels rose in the first nine months of the year, but its comparable operating result fell by €1.5m, with industrial action having ""a direct negative impact"". Finnair's comparable operating profit fell to approximately 51 million euros in July–September of this year. That was down by around 30 percent from a year earlier, when the carrier posted a profit of around 72 million euros in Q3. According to the company, a series of walkouts during the spring and summer put a 68-million-euro dent in its result. Finnair's revenue, on the other hand, grew by two percent to approximately 835 million euros. The number of passengers increased to 3.3 million from 3.2 million the previous year. Finnair cancelled over 1,200 flights during the spring and summer due to industrial action by the Finnish Aviation Union (IAU). That labour dispute was finally resolved in mid-July after dragging on for more than half a year. In its outlook for the rest of the year, the flag carrier said that it expects global air traffic to keep growing. However, it noted that international conflicts, political instability, tariffs and possible trade wars all cause uncertainty. While asserting ""sustainability is at the core of [its] strategy"", Finnair said that its ""profitability is burdened particularly by additional costs caused by the sustainable aviation fuel distribution obligation introduced in the EU"".",https://yle.fi/a/74-20191243,"[{'label': '2 stars', 'score': 0.45095008611679077}]",1
21.10. 16:26,Transport,News,"The refurbished Allegro trains have been out of service since the spring of 2022, when the route to St Petersburg was cancelled. As part of Finnish state railways VR’s efforts to compete with domestic air traffic, it is reintroducing its former Allegro trains under the name Pendolino Plus. The trains previously operated between Helsinki and St Petersburg, Russia. Now refurbished, the trains will start service between Helsinki and Turku at the beginning of November. The new trains will run during commuting hours and in the evenings, said Marika Schugk, VR's Director of Customer Experience and Service Development, told Yle. They will also start running north to Oulu in mid-December. That route will also aim to entice travellers away from air traffic, Schugk said. For example, there will be an early-morning departure from Oulu, arriving in Helsinki around 10am. Four new trains will enter service, with over 340 seats each. Basic tickets for Pendolino Plus trains will be priced the same as other trains, varying based on demand and time of day. Meanwhile there will be two new extra comfort classes at slightly higher fares, said Schugk. These more upscale Ekstra Calm and Ekstra Plus classes will offer added amenities and comfort, she added. These include wider leather seats and in-seat meal and drink service. Unlike regular Pendolinos, each new train will also have a children's playroom. VR has not disclosed how much it has spent to convert the Allegro trains, but Schugk said the overhaul is part of a ""billion-euro investment"" that began in 2016 and will continue until the early 2030s. That also includes new night and commuter trains and technical upgrades to existing trains, she explained. VR cancelled Allegro train services between Helsinki and St Petersburg in March 2022 after Russia launched its full-scale assault on Ukraine. The suspension was part of sanctions against Moscow. Passenger numbers had already been low since the beginning of the Covid pandemic two years earlier. The last Allegro service from Russia arrived in Finland in late March 2022. Since then, the four trains stood unused at a depot. They were previously owned as a joint venture between VR and Russian Railways, but have been fully owned by VR since 2023.",https://yle.fi/a/74-20189611,"[{'label': '4 stars', 'score': 0.2972264885902405}]",1
16.11. 15:58,Climate,News,"Temperatures in Finnish Lapland dipped down to below -20C this weekend. Winter has begun to make its presence felt in Finland over the past few days, with temperatures plunging and snowfall spreading across the country. In Lapland, the mercury dropped to around –20C overnight on Saturday. North Ostrobothnia and Kainuu saw roughly 10 centimetres of snow, while scattered snow showers were also reported across southern and central Finland over the weekend. The Finnish Meteorological Institute (FMI) has issued a traffic weather warning for Sunday covering North Savo, North Karelia, Kainuu and the western parts of North Ostrobothnia. Snow and sleet are expected to create poor driving conditions, slowing traffic and increasing the risk of accidents. According to the FMI, the exceptionally mild October and early November weather is now giving way to an early winter that is colder than average. Several indicators suggest that the colder period could persist for several weeks — or even a couple of months. Yle meteorologist Matti Huutonen says the phenomenon known as the polar vortex will play a major role in shaping winter conditions. ""The polar vortex is an area of cold air — essentially a deep low-pressure system — that forms over the Arctic during winter,"" he explained. Current signals suggest the vortex may be shifting over Finland. ""There are signs that it could bring colder weather for a longer period,"" Huutonen said. ""But it's not a foolproof forecasting tool — the effects don't always materialise at ground level.""",https://yle.fi/a/74-20194403,"[{'label': '3 stars', 'score': 0.3193792700767517}]",1
2.11. 11:24,Climate,News,"Even Finnish Lapland seems unlikely to get any significant snowfall this month. October was mild throughout Finland, especially in the north. The month’s average temperature ranged between 1.5 degrees Celsius in Enontekiö in the far northwest, to 10 degrees in the southwestern archipelago, the Finnish Meteorological Institute (FMI) said on Saturday. The average temperature for the entire country was between one and 3.5 degrees warmer than the average in the 1991-2020 period. The warmest reading in October was 15.7 degrees, recorded on Kimitoön in the southwestern archipelago on 6 October. The coldest reading was on 21 October at the weather stations in Enontekiö and Muonio, Lapland: -13.4 degrees. Northern parts of the country received the most rain, with the border town of Tornio collecting more than 116 millimetres of precipitation. More than 30 millimetres of that fell in one day, on 23 October. That was the same amount that the country’s driest municipality, Ilomantsi on the eastern border, received in the whole month. It also rained more than usual in the west and southwest, while it was drier than usual in the southern and eastern parts of the country. The first officially recorded snow fell unusually late in northern Finland, on 16 October in Enontekiö, which had 17cm on the ground by 24 October. By the end of the month, though, there was only a little snow left in some local northern areas. The sun appeared less frequently than usual. The western parts of the country received significantly more sun than the rest of the country, where the weather was greyer. According to the FMI, last autumn was one of the mildest in Finland's measurement history. The European Centre for Medium-Range Weather Forecasts (ECMWF) predicts mild weather through November, according to commercial forecaster Foreca. The first week of November will be 3–6 degrees warmer than normal throughout Northern Europe, it predicts. In the following weeks, the weather will continue to be mild and grey with temperatures a few degrees above normal. The forecast is generally less certain regarding the amount of precipitation – but Lapland seems unlikely to get any significant snowfall in November. That does not bode well for the upcoming tourist season, which usually begins about a month before Christmas.",https://yle.fi/a/74-20191727,"[{'label': '4 stars', 'score': 0.24023669958114624}]",1
23.8. 17:16,Climate,News,"The hornet is a large species of wasp. This summer, hornets have been more abundant than usual, according to the Natural Resources Institute (Luke). The hornet is a large species of wasp. The increase is linked to warmer and longer summers, according to Luke senior scientist Jouni Sorvari, who said climate change was the underlying cause. Hornets have been especially common along the southern coast, in southeastern Finland, and in North Savo. Other wasps have been showing up this season in normal numbers. The Finnish Meteorological Institute (FMI) has reported that July was exceptionally warm, especially in Finnish Lapland. Studies have indicated that Finland's climate is warming significantly faster than the global average.",https://yle.fi/a/74-20179028,"[{'label': '4 stars', 'score': 0.3537765145301819}]",1
13.8. 15:23,Climate,News,"The warm temperatues of +25 degrees Celsius are making a brief comeback in Finland on Thursday. Southern and central areas of the country may see the temperature climb above Finland's 25-degree heat threshold on Thursday. Wednesday has been sunny in most areas, reports Yle meteorologist Henriikka Heikinoja, who said more warm weather is in store on Thursday. ""It's fair to say that summer is returning for a day. There will also be some sunshine in southern and central parts of the country,"" she said. Despite the cool nights, surface water temperatures have remained relatively warm across the country. In most regions, even in Finnish Lapland, readings are close to 20 degrees Celsius. This means that people still wanting to hit the beach this summer will have their chance now. ""You can still swim. In my opinion, 20-degree water is just right, refreshing actually,"" Heikinoja added. But while the days are warm, water temperatures will begin to drop as nights gradually cool. On Friday, showers and thunderstorms are expected across much of the country, although temperatures in the south are expected to reach around 23 degrees. The weekend will bring cooler temperatures as well as soggy conditions. Sunday is currently forecast to stay mostly dry, but temperatures will remain just below 20 degrees. The Finnish Meteorological Institute (FMI) meanwhile reported on Wednesday that UV radiation in July was the second-highest on record in both southern and northern Finland. Higher readings have only been recorded in the south in 2021 and in the north in 2018. The threshold for UV protection, a UV index of 3, was exceeded every day in July. On 2 July, the index nearly reached 7, one of the highest values ever recorded in southern Finland. The institute said sunny weather and unusually low ozone levels pushed UV readings higher, adding that sun protection is advised in southern Finland through September.",https://yle.fi/a/74-20177310,"[{'label': '4 stars', 'score': 0.41719746589660645}]",1
11.8.2025 11:33,Climate,News,"Southern and central Finland will likely see temperatures reaching around 25 degrees Celsius on Thursday and Friday, according to the Finnish Meteorological Institute. Unsettled weather on Monday and Tuesday will give way to the return of sunshine and warmer temperatures before the weekend, according to the Finnish Meteorological Institute's (FMI) outlook for this week. Scattered rain showers will move across northern and eastern parts of Finland on Monday, and into western areas on Tuesday. ""At this point, Wednesday looks like a slightly drier day throughout the country. Some showers may occur in the northern part of the country, but not quite as widely as on Monday and Tuesday,"" FMI meteorologist Jaakko Savela said. While these unsettled conditions suggest that more autumnal weather is on the way, Savela said people can leave the heavier coats in storage — at least for now — as temperatures will rise again to above 20 degrees Celsius across the country by Thursday. The mercury may even climb as high as 25 degrees in southern and central areas, he added, with no clear evidence that the arrival of autumn is imminent. With clear skies expected during the early part of this week in southern and central Finland, conditions should be perfect for observing the Perseid meteor shower. The Perseid shower is one of the most popular annual events for stargazers, as dozens of shooting stars trail across the Finnish skyline every hour, and it is especially strong on the nights between 10 and 14 August. However, the Perseid is generally only visible south of the city of Oulu, as the bright 'nightless nights' of Finland's north significantly affect visibility.",https://yle.fi/a/74-20176815,"[{'label': '4 stars', 'score': 0.4507630169391632}]",1
7.8.2025 10:38,Climate,News,"Studies have indicated that Finland's climate is warming significantly faster than the global average. The month of July was ""exceptionally warm"" this year in Finland and neighbouring countries, according to the Finnish Meteorological Institute (FMI). Globally, last month was the third warmest July ever recorded. According to the Copernicus Climate Change Service, the global average temperature in July was 16.68 degrees Celsius — which is 0.45 degrees higher than the average for July from 1991 to 2020 and 1.25 degrees Celsius higher than in pre-industrial times. In Europe, according to the data, July was the fourth warmest on record as the average temperature rose to 21.12 degrees Celsius, 1.3 degrees above the reference period average. The heatwave was especially stifling in the southeastern parts of Europe, with Turkey setting a new national heat record when the mercury soared to 50.5 degrees Celsius at the end of July. The effect of the Europe-wide heatwave on the northern regions of Finland, Sweden and Norway made global headlines. FMI researcher Mika Rantanen noted that the duration of the heatwave was unprecedented for the region — nothing like it has ever been previously recorded in Finnish Lapland. ""Hot weather [a measurement above 27 degrees Celsius] was registered in Ylitornio continuously for 26 days, which is the longest heatwave in Lapland in the history of measurements,"" Rantanen wrote in a FMI press release. July was unusually warm across much of Finland, the FMI further noted, and even exceptionally hot in central parts of the country. Finland also set a heatwave record last month, with at least one weather station in the country recording temperatures above 30 degrees Celsius for 22 consecutive days — from 12 July 12 to 2 August. The previous record was set in 1972, when the mercury climbed above 30 degrees on 13 consecutive days. Previous studies have indicated that Finland's climate is warming significantly faster than the global average. Last year, the increase in the average global temperature exceeded the critical threshold of 1.5 degrees Celsius, according to the World Meteorological Organisation (WMO), while in Finland, the readings were 3.4 degrees warmer than pre-industrial levels.",https://yle.fi/a/74-20176284,"[{'label': '5 stars', 'score': 0.3181057274341583}]",1
5.8.2025 12:25,Climate,News,"The government's plan is to offer financial incentives to scrap old cars, replacing them with more efficient newer models. Finland's proposed car scrappage scheme has come under criticism from environmental authorities and organisations, who say it lacks the teeth needed to make a meaningful cut to transport emissions. The plan, part of the government's push to modernise the country's vehicle fleet, would offer financial incentives to scrap old cars and replace them with more environmentally-friendly models. The subsidy would apply to new vehicles powered by electricity or hydrogen, or those emitting under 140 grams of carbon dioxide per kilometre. Yle reported last month that Finland has the oldest car fleet in the Nordic countries, and its average age continues to rise. Successive Finnish governments have tried to tackle this problem via similar schemes, with varying degrees of success. The latest proposal was sent out for a round of comments earlier in the summer, but it has been widely panned. The Ministry of the Environment, the Finnish Environment Institute (Syke) and the Finnish Association for Nature Conservation all questioned the effectiveness of the plan's emission threshold. The 140-gram limit means that the vast majority of all new cars would qualify for support, the environment ministry noted. The ministry argued that this weakens the scheme's ability to steer consumers towards genuinely low-emission vehicles.",https://yle.fi/a/74-20175955,"[{'label': '2 stars', 'score': 0.4786830246448517}]",1
18.7.2025 12:17,Climate,News,"Temperatures climbed above 30 degrees Celsius this week, as the Finnish Meteorological Institute predicts the region's all-time heat record could be broken on Friday. A period of unusually high temperatures across Finland Lapland, where the mercury rose above 30 degrees Celsius on Tuesday, has been making headlines around the world. News agency Reuters noted that summer temperatures in northern Finland usually reach around 20 degrees Celsius, but ""rare hotter weather is becoming more common"". ""I was on vacation for a few weeks going down through Europe with the interrail [ticket] with a few of my buddies and it was very hot, and we thought that when we would come back to Finland it would be cooler, like normally, but no, it was the same weather as down south,"" Rovaniemi resident Toivo Koivu told Reuters. US broadcaster CNN also reported on the region's high readings, which hit 31 degrees Celsius at the Santa Claus Holiday Village earlier this week. The Finnish Meteorological Institute (FMI) has issued a heatwave warning for Finnish Lapland, effective throughout the coming weekend. The institute added that the region's all-time heat record could be broken on Friday.",https://yle.fi/a/74-20173286,"[{'label': '4 stars', 'score': 0.26718881726264954}]",1
2.7.2025 17:18,Climate,News,"The emissions target is part of the EU's broader roadmap to achieving climate neutrality by 2050. Finland supports the European Commission's proposal to reduce greenhouse gas emissions by 90 percent by 2040, Minister of the Environment and Climate Sari Multala (NCP) confirmed in a statement on Monday. The emissions target is part of the EU's broader roadmap to achieving climate neutrality by 2050. Multala said the Commission's proposal aligns with Finland's key priorities in climate diplomacy. ""The Commission's proposal is in line with Finland's priorities in our efforts to influence the proposal. A long-term and consistent climate policy is important for the EU's competitiveness and creates stability for companies to invest in clean solutions,"" she stated in the press release. According to the minister, it is essential that the implementation of the target accounts for uncertainties in the land use sector and that climate measures are approached in a technology-neutral manner — meaning no specific solutions are preselected or excluded in advance. Multala added that the Finnish government will finalise its official position and deliver a communication to Parliament by early September.",https://yle.fi/a/74-20170743,"[{'label': '4 stars', 'score': 0.3116934895515442}]",1
27.6.2025 14:56,Climate,News,"According to the latest annual climate report, Finland's emissions are still only clearly decreasing in the energy and industrial sectors. The government approved Finland’s Annual Climate Report on Friday morning and submitted it to Parliament. Minister of Climate and the Environment Sari Multala (NCP) unveiled the report at a press conference on Thursday afternoon. According to the latest edition of the legally required report, reaching Finland’s target of being carbon-neutral by 2035 will require more action. In particular, it points to the land-use sector, including agriculture and forestry, where emissions increased in 2024 compared to the year before. The main problem in Finland’s climate policy is that the forest sector is no longer a net absorber of emissions. The collapse of forest carbon sinks must partly be resolved by the next government, said Multala. That issue emerged towards the end of the term of the previous government, led by Sanna Marin (SDP). ""There will certainly be a significant amount of work left for the next government,"" Multala told Yle. The current right-wing cabinet, led by Prime Minister Petteri Orpo (NCP), has less than two years left in its legislative term. It has been repeatedly criticised by opposition politicians, environmental NGOs and researchers for its lack of action on the climate – and moves to benefit drivers of traditional combustion-engine cars, for instance. In the past, forests and land use sequestered other climate emissions, and therefore played a crucial role in achieving Finland's own carbon neutrality target and its EU commitments. The 2035 carbon neutrality target, enshrined in law under the Marin administration, is based on the assumption that sinks would remove as much carbon as there are remaining emissions. Under the EU climate law, Finland has committed to maintaining the carbon sink of its forests at a certain size. The Orpo government has pledged to present measures to tackle the excess emissions in its climate and energy strategy. A draft of that long-delayed strategy is to be finally published next week. The four-party coalition government is sharply divided over climate and environmental issues, though. Finns Party leader and Finance Minister Riikka Purra has called for repealing the Climate Act, even though the government programme agreed in 2023 included a commitment to it. Earlier this year, she dismissed the 2035 target as ""absurd"".",https://yle.fi/a/74-20169911,"[{'label': '4 stars', 'score': 0.27191296219825745}]",1
20.6.2025 16:05,Climate,News,"The quality and yield of the berries are expected to be good once harvesting begins. This year's strawberry harvest season is later than usual, producers in Ostrobothnia told Yle. The cool start to the summer has delayed the ripening of field strawberries in Ostrobothnia. The season is running one — and in some areas even two — weeks behind schedule, but once harvesting begins, the crop is expected to be plentiful. After a modest harvest last year, the outlook comes as welcome news for local growers. ""The flowering looks good in many areas, so we’re heading into the season with an unusually positive outlook,"" said Juha Nikkinen from Porkon Mansikka farm in Kokkola. Right now, strawberry plants are in full bloom, and producers are hoping that nighttime temperatures stay above freezing in the coming days. As things currently stand, strawberry picking could begin in early July. This year's strawberry season in Ostrobothnia is expected to peak in mid-July, and growers are encouraging customers to be patient as the harvest ripens later than usual. ""We ask for patience — the berries are coming,"" Nikkinen said. Further south at the Rinta-Tassi strawberry farm in Kurikka, the prognosis is the same: the season will be late this year, and a sudden growth spurt is unlikely as the cool weather is expected to continue. Another local producer, Malax Bär, noted that this year's flowering indicates the strawberries are likely to be medium-sized rather than exceptionally large. For strawberry growers, monitoring the weather is a way of life. Juha Nikkinen admits to checking numerous weather apps and online forecasts compulsively, calling it an essential part of the job. While early summer frost nights have mostly been avoided, colder weather is expected around Midsummer, raising concerns about possible night frost. If that happens, irrigation will be used to protect the blossoms from freezing.",https://yle.fi/a/74-20168868,"[{'label': '4 stars', 'score': 0.4794643819332123}]",1
26.5.2025 14:37,Climate,News,"This winter, the Baltic’s maximum ice extent peaked in late February at 85,000 square kilometres. The Baltic Sea is now entirely ice-free, according to the Finnish Meteorological Institute (FMI), which confirmed on Monday that the last fragile floes in the northern Bay of Bothnia have melted. The Gulf of Finland lost its ice cover unusually early this year, becoming ice-free in early April. The last time this happened earlier was in 2020, FMI said. Yle News journalist Matthew Schilke explored the Finnish icebreaking industry earlier this year. Read the article to learn more about Baltic Sea ice and Finland's competitive advantage in shipbuilding. This winter, the Baltic’s maximum ice extent peaked on 20 February at 85,000 square kilometres. During especially mild winters, the annual maximum typically stays well below 100,000 square kilometres. The largest extent of Baltic Sea ice in recent years occurred in 2011, when over 309,000 square kilometres of the sea froze over. Users with an Yle ID can leave comments on our news stories. You can create your Yle ID via this link. Our guidelines on commenting and moderation are explained here.",https://yle.fi/a/74-20164096,"[{'label': '2 stars', 'score': 0.30257001519203186}]",1
13.5.2025 12:26,Climate,News,"While not yet perfect, households in Finland are doing better at sorting waste. Finnish households are throwing away less biowaste in their mixed garbage, according to new assessments by Suomen Kiertovoima (Kivo), a group representing public waste management and municipal waste companies. Biowaste now makes up an average of 29 percent of the contents in a mixed waste bag, down by 3.1 percentage points from 2023. This is a positive development because when biowaste ends up in mixed waste, it goes into incinerators at waste-to-energy plants, and its nutrient potential is lost. Kivo attributed the improved ratio to municipalities' increasing use of biowaste collection points. Biowaste includes things like food scraps and other compostable kitchen waste like paper towels and napkins, as long as they break down easily, according to the Helsinki Region Environmental Services Authority, HSY.",https://yle.fi/a/74-20161482,"[{'label': '3 stars', 'score': 0.38241884112358093}]",1
30.1.2018 12:27,Corruption,News,"Helsingin Sanomat journalists Minna Passi and Susanna Reinboth will share a cash prize of 15,000 euros. Emperor Aarnio, a compelling narrative about the heady rise and eventual fall of former Helsinki drug squad chief Jari Aarnio has been granted the 2018 Lauri Jäntti Foundation Award. The book was written by Helsingin Sanomat journalists Minna Passi and Susanna Reinboth and was based on their extensive reporting on a riveting case in which a top anti-drug police officer was eventually indicted on a slew of offences including official misconduct, fraud, accepting bribes and drug offences. The duo will share the award as well as a cash prize of 15,000 euros. ""Minna Passi and Susanna Reinboth have succeeded in compiling a vast amount of source material and countless interviews into a book that takes readers on a high-speed ride from the first page,"" foundation chair Claes von Heiroth said on behalf of the jury. A page-turner that shook Helsinki police The panel said that the journalists were granted the award ""for an enthrallingly-written story that has shaken the foundations of the police, one of the most trusted institutions in Finnish society."" It added that Emperor Aarnio is an example of quality investigative journalism, with a story that in itself beggars belief. ""There is such a vast quantity of material on the operations of the Helsinki drug police that we were afraid that on the basis of the news reporting alone, people might not understand what the Aarnio case was all about or how serious it is,"" Reinboth told HS. Aarnio was first detained in 2013 after ""Saara"" a prostitute with whom he associated blew the whistle on his actions. He received his first conviction for aggravated official misconduct in 2015. Further convictions followed in 2016 for fraud, accepting bribes and misconduct and later that year he was slapped with a 10-year prison sentence for a raft of offences including drug crimes. Aarnio has maintained his innocence throughout the proceedings and late last year re-appeared in court to appeal the 10-year sentence. A Finnish television series of the same name is set to air from April. Apart from the HS journalists, three other writers received honourable mentions: Hannu Himanen, Sami Kirjalainen and Sixtén Korkman.",https://yle.fi/a/3-10048620,"[{'label': '4 stars', 'score': 0.4177454710006714}]",1
7.4.2017 13:00,Corruption,News,"Although Finland is regularly ranked among the least corrupt countries in the world, Finnish Minister of Justice Jari Lindström has called for an investigation into how the courts handle and identify bribery cases. Despite Finland's good reputation, a report issued last year by the OECD noted problems in investigations and legal proceedings of corruption cases in Finland. Finnish Minister of Justice Jari Lindström says his ministry is investigating how well the Finnish court system deals with bribery cases. More than a year ago the Organisation for Economic Co-operation and Development (OECD) voiced ""serious concern"" about the country's enforcement of bribery laws. Lindström says that corruption on the local level is particularly challenging, saying that such crimes go unnoticed or aren't properly identified. He says that some higher-risk areas in which corruption take place include the construction industry, in public procurement issues, as well as in policy making and the financing of those policies. As reforms of the social and health care sector continue to be considered by the government, Lindström says that it's vital to strengthen efforts to identify corruption risks as those reforms are implemented. In February 2016, the OECD issued a statement about what it called ""Finland's limited implementation"" of its anti-bribery convention. ""The OECD Working Group on Bribery expresses its serious concern with Finland’s continued failure to implement the OECD Anti-Bribery Convention,"" the statement read. ""In addition, the Working Group is troubled by the difficulties that Finland has encountered in effectively enforcing its laws against the bribery of foreign public officials."" The OECD said that a relatively large proportion of corruption charges against foreign officials were rejected by the Finnish court system. The organisation recommended that Finland speed up its anti-corruption efforts. ""If you do not recognise corruption, it makes it difficult to file a complaint about it,"" Lindström said. On a list published in 2016 by corruption watchdog NGO Transparency International, Finland was listed as the third least-corrupt nation in the world, just behind Denmark and New Zealand.",https://yle.fi/a/3-9552763,"[{'label': '2 stars', 'score': 0.3008400499820709}]",1
3.2.2014 18:38,Corruption,News,"An EU report on corruption in the union says Finland has to work to do in making public procurement decisions and election funding more transparent. The EU commission has compiled the first report of its kind on corruption in the EU. The report bluntly addresses the performance of each EU member country, with suggestions how they might improve their operations. According to the report, Finland is a top country in terms of anti-corruption but there is still work to be done. “Corruption in Finland is structural and the existence of a 'good old boys club' founded on mutual trust is a problem,” says Erkki Laukkanen, head of Transparency International Finland. But there is very little so-called street-level corruption in Finland, which encompasses things like bribing officials. Decision-making in state investments is also problematic. Public procurements are often decided by private companies that have no obligation to reveal details publicly. The second problem mentioned in the report is electoral funding. After a crisis in this area, Finland’s laws were changed, but it still impossible to verify the authenticity of election campaign donation declarations. According to the organization, Finland is still missing a state-operated channel for informing authorities about transgressions, regulations to limit lobbying and clarify transparency, and a law to criminalize the use of fictional persons or ‘straw persons’ in bribery. On the other hand, Germany still hasn’t even ratified the UN’s Convention against Corruption. Laukkanen believes that the EU should have mobilized earlier against corruption. A quarter of EU citizens and nine per cent of Finns believe that corruption affects their daily lives, says a survey published by the European Commission today. The survey found that over 75 per cent of Europeans believe that corruption can be widely found in their country, with a full 99 per cent of Greeks believing this to be true. The survey also showed that four per cent of EU citizens and less than one per cent of Finns estimate that they were asked or assumed to give a bribe in the last year. Greece, Spain and Italy are considered to be the EU countries with the most corruption problems, while Finland and Denmark were judged to be least corrupt. 4.2.2014 - This article was edited to correct the attribution of the report, which was published by the European Union and not Transparency International as originally reported here.",https://yle.fi/a/3-7067185,"[{'label': '2 stars', 'score': 0.33081185817718506}]",1
25.2.2025 14:48,Environment,News,"The Finnish Meteorological Institute says unusually high levels of fine particulate matter have arrived from Eastern and Central Europe. Air quality has deteriorated across wide areas of Finland, according to the Finnish Meteorological Institute (FMI). The air quality is currently ""fair"" in many areas, but it could become ""poor"" in the coming days, FMI said in a statement. The weather agency said that unusually high levels of fine particulate matter have been carried to Finland by air currents from Eastern and Central Europe. ""The concentrations of fine particles are exceptionally high, and we have not measured such high levels on a daily basis in the last ten years in Finland,"" FMI researcher Katriina Kyllönen said in a statement. The exact reason for the high particulate matter levels is however unknown, according to researcher Elli Suhonen from FMI. ""Weather maps show that there is slightly cooler air in Eastern and Central Europe. The high concentrations of fine particles could therefore be caused by factors such as regular traffic, industry, and the use of wood and coal for heating. The particles just happen to have been carried all the way here, which is deteriorating air quality in Finland,"" Suhonen told Yle. The highest daily average concentration of fine particulate matter in Finland on Monday was just under 40 micrograms per cubic meter. FMI stated that starting in 2026, Europe will require public warnings if concentrations exceed 50 micrograms per cubic metre a level not surpassed in Finland. Last year, it was reported that Finland's air quality is among the best in Europe, according to a European Environment Agency (EEA) briefing. Users with an Yle ID can leave comments on our news stories. You can create your Yle ID via this link. Our guidelines on commenting and moderation are explained here.",https://yle.fi/a/74-20145911,"[{'label': '2 stars', 'score': 0.32979920506477356}]",1
25.2.2025 14:48,Environment,News,"The Finnish Meteorological Institute says unusually high levels of fine particulate matter have arrived from Eastern and Central Europe. Air quality has deteriorated across wide areas of Finland, according to the Finnish Meteorological Institute (FMI). The air quality is currently ""fair"" in many areas, but it could become ""poor"" in the coming days, FMI said in a statement. The weather agency said that unusually high levels of fine particulate matter have been carried to Finland by air currents from Eastern and Central Europe. ""The concentrations of fine particles are exceptionally high, and we have not measured such high levels on a daily basis in the last ten years in Finland,"" FMI researcher Katriina Kyllönen said in a statement. The exact reason for the high particulate matter levels is however unknown, according to researcher Elli Suhonen from FMI. ""Weather maps show that there is slightly cooler air in Eastern and Central Europe. The high concentrations of fine particles could therefore be caused by factors such as regular traffic, industry, and the use of wood and coal for heating. The particles just happen to have been carried all the way here, which is deteriorating air quality in Finland,"" Suhonen told Yle. The highest daily average concentration of fine particulate matter in Finland on Monday was just under 40 micrograms per cubic meter. FMI stated that starting in 2026, Europe will require public warnings if concentrations exceed 50 micrograms per cubic metre a level not surpassed in Finland. Last year, it was reported that Finland's air quality is among the best in Europe, according to a European Environment Agency (EEA) briefing. Users with an Yle ID can leave comments on our news stories. You can create your Yle ID via this link. Our guidelines on commenting and moderation are explained here.",https://yle.fi/a/74-20145911#comments,"[{'label': '2 stars', 'score': 0.32979920506477356}]",1
5.2.2025 15:42,Environment,News,"The white clumps began appearing on Hanko's long shoreline a little more than a week ago. Finnish fuel firm Neste announced on Wednesday that lab tests confirmed the white substance that washed up along the shore in Hanko last week very likely came from the wash water of a vessel used in the company's marine transport operations. It said the substance consisted of used frying oil, animal fat and vegetable oils. An investigation of the material by authorities continued on Wednesday. A joint press conference about the matter is planned on Wednesday afternoon, with representatives from the town, Western Uusimaa rescue services, environmental group WWF Finland and Neste taking part. The white clumps began appearing along Hanko's extensive shoreline a little more than a week ago. People started noticing the material piling up on Sunday 27 January, soon after which local rescue services and the Finnish Environment Institute (Syke) started investigating the matter. Then, last Tuesday, piles of dead fish began appearing on the southern coastal town's shores. There were initial concerns that the two events were related, but the local fire chief said a veterinarian's inspection of fish samples suggested they were most likely killed in a fishing trawler's net. At the moment, the white substance and the fish deaths do not appear to be related. WWF Finland organised a volunteer cleanup effort, which brought around 140 people to Hanko's shores over the weekend. The cleaning effort continued this week. Neste has vowed to pay for any damage caused by the company's operations. Users with an Yle ID can leave comments on our news stories. You can create your Yle ID via this link. Our guidelines on commenting and moderation are explained here.",https://yle.fi/a/74-20141756,"[{'label': '4 stars', 'score': 0.2400640994310379}]",1
5.2.2025 15:42,Environment,News,"The white clumps began appearing on Hanko's long shoreline a little more than a week ago. Finnish fuel firm Neste announced on Wednesday that lab tests confirmed the white substance that washed up along the shore in Hanko last week very likely came from the wash water of a vessel used in the company's marine transport operations. It said the substance consisted of used frying oil, animal fat and vegetable oils. An investigation of the material by authorities continued on Wednesday. A joint press conference about the matter is planned on Wednesday afternoon, with representatives from the town, Western Uusimaa rescue services, environmental group WWF Finland and Neste taking part. The white clumps began appearing along Hanko's extensive shoreline a little more than a week ago. People started noticing the material piling up on Sunday 27 January, soon after which local rescue services and the Finnish Environment Institute (Syke) started investigating the matter. Then, last Tuesday, piles of dead fish began appearing on the southern coastal town's shores. There were initial concerns that the two events were related, but the local fire chief said a veterinarian's inspection of fish samples suggested they were most likely killed in a fishing trawler's net. At the moment, the white substance and the fish deaths do not appear to be related. WWF Finland organised a volunteer cleanup effort, which brought around 140 people to Hanko's shores over the weekend. The cleaning effort continued this week. Neste has vowed to pay for any damage caused by the company's operations. Users with an Yle ID can leave comments on our news stories. You can create your Yle ID via this link. Our guidelines on commenting and moderation are explained here.",https://yle.fi/a/74-20141756#comments,"[{'label': '4 stars', 'score': 0.2400640994310379}]",1
2.5.2023 11:05,Environment,News,"The capital's Kaivopuisto park is a favourite destination for Vappu revellers. Kaivopuisto park in Helsinki has traditionally been a popular spot for May Day celebrations, and this year was no different. However, the revelry also often leads to excessive mounds of discarded items strewn across the picturesque park — and once again this year workers reported being greeted by a stench of rubbish, a huge number of seagulls and hundreds of empty bottles of sparkling wine when they began their clean-up operations on Tuesday morning. Workers from the City of Helsinki's environmental management company Stara began the clean-up at 3am on Tuesday morning, with volunteers from the Finnish branch of the World Wide Fund for Nature (WWF) joining the operation at 7am. WWF representative Iiris Kokkonen told Yle that the park looked like it had been in the eye of a storm when she arrived early on Tuesday morning. ""There seemed to be a lot of bottles of fizzy drinks in particular and various types of food packaging, such as bags of crisps, plastic cups and other plastic rubbish,"" Kokkonen said. She further noted that many people left behind much larger items, such as camping chairs or picnic blankets. Because of the park's location right beside the sea, Kokkonen stressed that there is a high risk the plastic debris could enter the water and endanger marine life. ""There is so much lightweight rubbish, such as food packaging and balloons, which are easily carried by the wind into the sea and can take hundreds of years to decompose. Even when they do break down, they become microplastics, so they don't go anywhere,"" she said. The City of Helsinki had, as usual, offered a free cinema ticket in exchange for the return of 20 empty bottles, but it seems not very many people took up the opportunity — judging by the number of bottles still left in the park on Tuesday morning. Would you like a roundup of the week's top stories in your inbox every Thursday? Then sign up to receive our weekly email.",https://yle.fi/a/74-20029738,"[{'label': '2 stars', 'score': 0.29975375533103943}]",1
9.4.2023 14:00,Environment,News,"This weekend the Finnish Nature League starts its traditional springtime observation drive. As Finland relaxes over the Easter weekend, conservationists are starting their annual drive to gather observations of more than 40 plant and animal species around Finland. These observations, which are to be gathered over the next eight weekends, provide a picture of the progress of spring every two weeks. People can send observations of the first sightings of different species outside of the eight weekends, when all sightings can be reported. Sightings can be reported electronically via the website, or on paper. This year the Nature League's theme is pollinators, as there is continuing concern at their reduced numbers. ""This year we want to increase awareness of the importance of pollinators for biodiversity,"" said Lotta Ojajärvi of the Nature League in a press release. The species to look out for this year include wasps, bumblebees and small tortoiseshell butterflies, as well as bilberries, dandelions and willow trees. Observations sent in to the central database will help provide data to allow the comparison of springtime in different years, giving a picture of how climate change and other factors have impacted the changing of the seasons. This is the 47th time the Nature League has organised the spring watch event.",https://yle.fi/a/74-20026394,"[{'label': '4 stars', 'score': 0.49696439504623413}]",1
24.3.2023 12:44,Environment,News,"The young seal was stranded some 1.5 kilometres away from its home, according to rescue services. Rescue services released a stranded seal pup back to the sea, after receiving a call about the animal having somehow found itself in a residential garden near Oulu, on Friday morning. The pup had made a long trip far away from its natural habitat, some 1.5 kilometres, to a village in the northwestern municipality of Pyhäjoki. The Rescue Services of Oulu-Koillismaa team found the pup in good health, which made it possible to rewild the animal on the same day. Story continues after video. Missions of this nature are not rare during springtime, according to one of the department's firefighters Joona Meriläinen. ""This is a common task, especially near coastal areas during springtime, when weaned pups decide to go on an adventure. I've heard that this is quite common,"" he said. A total of three pups have been returned into the sea in the last 24 hours from different locations along the coast, according to a statement by the rescue department. Would you like a roundup of the week's top stories in your inbox every Thursday? Then sign up to receive our weekly email.",https://yle.fi/a/74-20024061,"[{'label': '4 stars', 'score': 0.29001280665397644}]",1
12.1.2023 11:26,Environment,News,"Conservationists warn however that a warming arctic climate could still drive the species to extinction. Cross-national efforts between Finland, Sweden and Norway to protect the highly-endangered arctic fox have borne fruit, according to Finland's wildlife agency Metsähallitus. The authority said that some 760 pups were tracked in the region last summer, possibly a record number according to some experts. David Bell, head of the Felles Fjellrev Nord II project, said in late November that the combined population of Arctic foxes across the Finnish, Swedish and Norwegian areas of Lapland may have hit a record high in 2022, which could signify restoration to a viable level. In addition to a record number of pups, conservationists also tracked a total of 162 dens, including the first sighting in Finland in 25 years, near the Enontekiö falls in Lapland. The last confirmed sighting of such a den in Finland was in Utsjoki in 1996. Despite conservation efforts' promising results, the arctic fox still remains a critically endangered species in Finland. ""Conservation work must continue systematically. The warming of the arctic climate, for example, is a threat to the recovering population of the Arctic fox,"" Metsähallitus senior advisor Tuomo Ollilla said. Arctic foxes used to roam Finland in abundance throughout the 19th century, but the species was almost hunted to extinction at the turn of the 20th century, according to the World Wildlife Fund (WWF). The number of the species has also taken a hit by declining vole and marmot populations, which are typically part of the arctic foxes' diet. The Arctic fox became a protected species in Finland in 1940. Would you like a roundup of the week's top stories in your inbox every Thursday? Then sign up to receive our weekly email.",https://yle.fi/a/74-20012530,"[{'label': '2 stars', 'score': 0.2665562927722931}]",1
3.1.2023 11:36,Environment,News,"The Norwegian company Blastr has announce plans for a plant at Inkoo using renewable energy in steel production. Norwegian company Blastr has announced plans to establish a green steel plant with an integrated hydrogen production facility in Inkoo, Finland. Blastr agreed a letter of intent with Finland's Fortum energy company that provides exclusive rights to utilize an existing industrial site located in Inkoo, on the Finnish south coast. Decarbonized steel, also known as ""green steel"", uses local and renewable energy as the basis for heating, reduction and melting, rather than fossil fuels. The plant planned for Inkoo is to produce two and a half million tons of high-quality hot and cold-rolled green steel annually. The investment value of the project is approximately four billion euros and will employ approximately 1,200 people when completed, marking one of the largest single industrial investments in Finland's history. According to Blastr Green Steel CEO Hans Fredrik Wittusen, Inkoo was selected as as the site for the plant due to its existing infrastructure, deep harbour, access to nearby European markets, and availability of electricity from emission-free sources. Production is set to begin from the start of 2026. Inkoo was most recently in the headlines when Finland's first floating terminal for liquefied natural gas (LNG) arrived at the port in late December. Finland's Economy Minister Mika Lintilä (Cen) stated in a press release that Blastr's decision to locate its new plant at Inkoo is an indication of the competitiveness of Finnish industry and infrastructure. He described Finland as an excellent place for carbon-neutral industry and production of decarbonized steel, as the Nordic nation has a strong and reliable electricity grid, good conditions for producing emission-free energy and efficient logistics. Risto Murro, CEO of the pension company Varma told Yle on Tuesday that the news of Blastr's planned steel mill shows that Finland is an attractive country for green investments. ""Clearly a lot of investments in heavy industry are being made in Finland now,"" Murto said, adding that Finland has also managed to attract other energy investments, such as wind power, with industrial projects increasingly enticed by access to those sources of renewable energy. Would you like a roundup of the week's top stories in your inbox every Thursday? Then sign up to receive our weekly email!",https://yle.fi/a/74-20011270,"[{'label': '4 stars', 'score': 0.2670115530490875}]",1
19.8.2022 18:54,Environment,News,"Nearly 67,000 tick sightings have been reported to tick tracking site Punkkilive so far this year. This year's tick season is expected to extend into early autumn due to the exceptionally warm temperatures during the month of August. Tick observations have been especially high in southern Finland, with the warm weather fostering their spread, according a press release by the University of Turku. The statement noted that almost 3,000 observations of ticks have occurred in the Turku area this past month, with nearly 15,000 observed across the whole country. This year, more than 67,000 tick sightings were reported to the site Punkkilive.fi, which the University of Turku helps maintain in coordination with pharmaceutical company Pfizer. The previous year, 80,000 tick sightings were recorded on the site for the entire year. At the beginning of summer researchers noticed an extraordinary phenomenon in tick sightings, when Oulu had the highest tick observations in the whole country. ""In Oulu, you mostly see the taiga tick, whose activity ends at the end of June. Now the sightings in Oulu have decreased a lot. In contrast, the Turku area has seen almost 3,000 sightings in the last month and has also overtaken Oulu in the total number of sightings,"" said researcher Jani Sormunen in the press release. He added that taiga ticks are active until the end of June, so in areas where the taiga tick is the dominant species, ticks are no longer regularly found at this point in the season. In areas where wood ticks — the tick more prevalent in southern Finland — are the dominant species, observations will continue. Researchers are still following sightings reported to Punkkilive.fi.",https://yle.fi/a/3-12584702,"[{'label': '4 stars', 'score': 0.3567100167274475}]",1
30.6.2022 12:56,Environment,News,"Algae observations are slightly above average at this point in the season. Blue-green algae, or cyanobacteria, has increased in marine areas and has also been observed in lakes, Finland's Centre for Economic Development, Transport and the Environment (Ely) has reported. Blue-green algae was observed during this week in particular in the Archipelago Sea and inner archipelago. Observations were made in the sea along the coasts of Kemiönsaari, Kaarina, and Naantali. However, the amounts of blue-green algae observed have been low and blooms have not grown to large, floating clumps yet. In addition to the Archipelago Sea, algal blooms have also been observed close to the coast in the Gulf of Bothnia. In open water, the algal concentrations are mostly clustered around sheltered areas of the archipelago, but the majority of Finland's Baltic coast is so far free from cyanobacteria. Algal sightings in inland lakes are mostly low, but warm and calm weather can quickly change the situation. Similar conditions apply to marine areas. According to Ely, the algae situation is above average at this point in the season. In Lapland, the first cyanobacteria sightings were made on Midsummer, while many observations in southern parts of the country came beforehand. The Finnish Environment Institute recommends that bathers avoid swimming spots contaminated with blue-green algae due to its adverse health effects. The observations come from Ely monitoring sites, Rotary International observation points, and individual reports.",https://yle.fi/a/3-12517135,"[{'label': '4 stars', 'score': 0.39669209718704224}]",1
10.6.2022 17:23,Environment,News,"The osprey nest camera is provided by a partnership between the City of Kuopio and the Ostrobothnian Sea Eagles Association. The first chick has hatched in the Kuopio osprey nest livecam. The city of Kuopio said on Friday that the chick hatched on Thursday at 1:20pm. The chick hatchings have started as expected. There are still two unhatched eggs in the nest. The first egg was spotted on May 2, and two more every three days. The next hatching is expected sometime next week. The hen incubates the egg and protects the hatchling with the warmth of her body. The mother osprey also brings fish to the nest and feeds it to the chick in small pieces. The osprey nest can be followed live via a link on the City of Kuopio's website. The chicks are expected to take flight at the end of July or beginning of August. The nesting ospreys have been named Hilima and Onni by a vote conducted through social media. The nest is located in the south of Kallavesi in Kuopio. The osprey nest camera is provided in a partnership between the City of Kuopio and the Ostrobothnian Sea Eagles Association.",https://yle.fi/a/3-12487815,"[{'label': '4 stars', 'score': 0.4917190968990326}]",1
