Time,Category,Headline,Full_Text,URL,Sentiment_analysis,Passes_treshold
27.1. 10:01,All Points North,News,"The prime minister, the public health authority and two-thirds of Finns are in favour of banning or restricting the use of social media by under-15s, but what's your view? There is growing support in Finland for the introduction of an Australia-style ban on the use of social media platforms by children, specifically those aged under 15 years old. Prime Minister Petteri Orpo (NCP) expressed his backing for such a move earlier this month, public health authority THL has updated its recommendations on kids' use of social media last week, while a poll this week found two-thirds of Finns support a ban. But what do you think? Should Finland ban kids from using social media? You can send us your thoughts and comments via WhatsApp on +358 44 421 0909 or email us on allpointsnorth@yle.fi.",https://yle.fi/a/74-20206619,"[{'label': '1 star', 'score': 0.35302889347076416}]",0
27.1. 10:01,All Points North,News,"The prime minister, the public health authority and two-thirds of Finns are in favour of banning or restricting the use of social media by under-15s, but what's your view? There is growing support in Finland for the introduction of an Australia-style ban on the use of social media platforms by children, specifically those aged under 15 years old. Prime Minister Petteri Orpo (NCP) expressed his backing for such a move earlier this month, public health authority THL has updated its recommendations on kids' use of social media last week, while a poll this week found two-thirds of Finns support a ban. But what do you think? Should Finland ban kids from using social media? You can send us your thoughts and comments via WhatsApp on +358 44 421 0909 or email us on allpointsnorth@yle.fi.",https://yle.fi/a/74-20206619#comments,"[{'label': '1 star', 'score': 0.35302889347076416}]",0
11.2. 11:16,All Points North,News,"A man was seriously injured after being trapped under a Metro train. The Helsinki Metro line was suspended between Helsinki University and Ruoholahti for about an hour on Wednesday morning following an incident on the tracks. According to reports in the immediate aftermath of the incident, a person suffered a serious injury in the vicinity of the Helsinki Central Station. Several units from the Helsinki Rescue Department were dispatched to the scene shortly after 10am. The department confirmed to reporters about 20 minutes later that a casualty had occurred, and that responsibility for providing further information about the incident would be passed to Helsinki police. Helsingin Sanomat reported on Wednesday afternoon, citing a statement from Helsinki police, that an adult male was seriously injured after becoming trapped under a Metro train. The daily added that no crime is suspected in relation to the incident. Police are continuing their investigation. Article updated at 13:51 on 11.2.2026 to add details from Helsingin Sanomat article.",https://yle.fi/a/74-20209603,"[{'label': '1 star', 'score': 0.44393086433410645}]",0
10.2. 15:40,All Points North,News,"In Finland, a consumer's options in a bankruptcy situation depend largely on how they paid for their purchase. Indoor Group, the owner of Finnish furniture retailers Asko and Sotka, filed for bankruptcy on Monday after a prolonged period of financial difficulties. The filing has left many Asko and Sotka customers wondering about their consumer rights, and whether they will get the products they paid for or their money back. According to Juha Beurling-Pomoell, Secretary General of the Consumers' Union of Finland, a consumer's options in a bankruptcy situation depend largely on how they paid for their purchase. If, for example, the payment was made by credit card and the product has not been delivered, the consumer can contact their credit card company directly and request a refund. Credit card firms can usually refund the money quickly, Beurling-Pomoell noted, whereas consumers who paid by debit card must try to claim their money back from the bankruptcy estate. ""Unfortunately, [reclaiming money from a bankruptcy estate] is usually a very long and difficult process. Consumers are generally in a relatively weak position when a company goes bankrupt,"" he said. Beurling-Pomoell added that consumers should always consider using a credit card when purchasing a product that they do not immediately receive. ""The risk then lies with the credit card company that issued the card,"" he said. People holding an unused Asko or Sotka gift card may also be left disappointed by the parent company's bankruptcy, as the estate ""has a right to refuse"" to honour the voucher. A spokesperson for the Finnish Competition and Consumer Authority meanwhile noted that while it cannot assist customers in bankruptcy situations, the authority has compiled guidelines on how consumers can take action in those kinds of situations.",https://yle.fi/a/74-20209419,"[{'label': '1 star', 'score': 0.3928663432598114}]",0
11.2. 12:10,All Points North,News,"Hunters would have been allowed to shoot up to 100 wolves after a controversial change to Finland's wildlife laws took effect on New Year's Day. Finland's quota-based wolf hunting season has ended, the Finnish Wildlife Agency announced on Wednesday morning. Hunters shot 86 of the allowed quota of 100 wolves. The season began on New Year's Day following a controversial update to the country's Hunting Act. Wolves in Finland had previously enjoyed year-round protection from hunters, but the legal reform allowed the animals to be culled during the period from 1 January to 10 February. Finland's parliament voted last year in favour of lifting the year-round ban, which has mostly been in effect since 1973, due to concerns about the growing numbers of wolves in certain territories. According to figures from the Wildlife Agency, a total of 82 wolves were killed across 15 different designated hunting areas during the 2026 hunting season. However, Finland's Natural Resources Institute (acronymed as Luke in Finnish) is still analysing samples, meaning that figure is subject to change. There were about 430 wolves in Finland in 2024, according to Luke's estimates. Finland’s independent Council of Regulatory Impact Analysis sharply criticised the government's wolf-hunting legislation last year, arguing the process bypassed regular procedure and failed to carry out an impact analysis. Yle News reporter Matt Schilke explains the background to the introduction of the new law.",https://yle.fi/a/74-20209619,"[{'label': '1 star', 'score': 0.31964975595474243}]",0
10.2. 12:15,All Points North,News,"The scores reflect the views of experts and businesspeople, not the public, according to Transparency International. Finland has ranked second in the global Corruption Perceptions Index (CPI) for 2025, according to Transparency International, which compiles the index. With a score of 88, Finland was led by its Nordic neighbour Denmark (89), and followed by Singapore (84). Finland's score was unchanged from last year. The rankings are based on perceived levels of public sector corruption on a scale of zero (highly corrupt) to 100 (very clean). At the other end of the spectrum, the most corruption was cited in Venezuela (10), Somalia (9) and South Sudan (9). In a press release on Tuesday, the group explained that the index is based on scores of 182 countries and territories around the world, ""using data from 13 external sources, including the World Bank, World Economic Forum, private risk and consulting companies, think tanks and others"". ""The scores reflect the views of experts and businesspeople, not the public,"" TI noted. The release added that overall, corruption seems to be on the rise. Just 10 years ago, a dozen countries scored above 80 points — meaning they were nearly ""clean"". However this year's index found just five countries in such a position. ""While 31 countries have significantly reduced their corruption levels since 2012, the rest are failing to tackle the problem – they have stayed stagnant or got worse during the same period,"" Transparency International's CPI 2025 page explained. The global average has fallen to a new low of 42, while more than two-thirds of countries score below 50. And people are paying the price, as corruption ""leads to under-funded hospitals, unbuilt flood defences and blights the hopes and dreams of young people,"" it continued. The organisation voiced concerns about developments in the United States, which placed 29th in the ranking. ""The United States (with a score of 64) sustained its downward slide to its lowest-ever score. While the full impact of 2025 developments are not yet reflected, recent actions, such as targeting independent voices and undermining judicial independence, raise serious concerns,"" the group said.",https://yle.fi/a/74-20209365,"[{'label': '1 star', 'score': 0.3924640715122223}]",0
10.2. 10:42,All Points North,News,"The furniture retailer has warned customers to stop using the affected lamps immediately — and to tell others about the recall if they have given away or sold the items. Swedish home furnishing giant Ikea has warned customers to stop using some of its Nymåne-branded light fixtures, due to the risk of electrical shock. The company advised people who own the affected models to stop using them and to contact Ikea's customer service department. The shock risk was caused by a manufacturing error, according to the company. The recall affects the following models, if they have manufacturing dates (numbers shown in week-year format) from: 2217 to 2520 — with a supplier ID number of 23241: The lamp fixtures manufactured before or after the affected period — or ones with a different ID number — are not subject to the recall, Ikea said. The date stamp on the wall and reading lamp are on a sticker inside the lamp shade visible when there is no bulb in the unit. In the double wall lamp, the date stamp and supplier ID number can be found on stickers on the back of the fixture. Ikea also encouraged customers to warn others about the recall, especially if they have gifted, sold or loaned the items.",https://yle.fi/a/74-20209329,"[{'label': '1 star', 'score': 0.5052670836448669}]",0
5.2.2024 9:34,Presidential election,News,"The rate of advance voting in the second round has outpaced the first round, which itself set a new record. Advance voting in the second round of Finland's presidential election climbed to 32.8 percent by the time polling stations closed on Sunday evening. This means that 1.4 million people have so far cast their ballots in the second round run-off between National Coalition Party candidate Alexander Stubb and Pekka Haavisto, who is backed by the Greens and a voters' association. A total of 168,800 people, or nearly four percent of the electorate, voted on Sunday. Advance voting for the second round opened last Wednesday, and will close this Tuesday. Election day proper is on Sunday 11 February. The rate of advance voting in the second round has outperformed the first round, which itself set a new record. Regionally, Pirkanmaa — which includes the city of Tampere — has seen the highest rate of advance voting, at 37.1 percent, while the Åland islands has reported the lowest, at 16.6 percent. The All Points North podcast this week asks what differentiates the two candidates vying to become Finland's next president. Listen to the episode via this embedded player, on Yle Areena, via Apple, Spotify or wherever you get your podcasts. The latest on the Finnish presidential election — including candidate profiles, a very simple guide and Yle's election compass — is available here. Users with an Yle ID can leave comments on our news stories. You can create your Yle ID via this link. Our guidelines on commenting and moderation are explained here.",https://yle.fi/a/74-20072941,"[{'label': '1 star', 'score': 0.24339641630649567}]",0
5.2.2024 9:34,Presidential election,News,"The rate of advance voting in the second round has outpaced the first round, which itself set a new record. Advance voting in the second round of Finland's presidential election climbed to 32.8 percent by the time polling stations closed on Sunday evening. This means that 1.4 million people have so far cast their ballots in the second round run-off between National Coalition Party candidate Alexander Stubb and Pekka Haavisto, who is backed by the Greens and a voters' association. A total of 168,800 people, or nearly four percent of the electorate, voted on Sunday. Advance voting for the second round opened last Wednesday, and will close this Tuesday. Election day proper is on Sunday 11 February. The rate of advance voting in the second round has outperformed the first round, which itself set a new record. Regionally, Pirkanmaa — which includes the city of Tampere — has seen the highest rate of advance voting, at 37.1 percent, while the Åland islands has reported the lowest, at 16.6 percent. The All Points North podcast this week asks what differentiates the two candidates vying to become Finland's next president. Listen to the episode via this embedded player, on Yle Areena, via Apple, Spotify or wherever you get your podcasts. The latest on the Finnish presidential election — including candidate profiles, a very simple guide and Yle's election compass — is available here. Users with an Yle ID can leave comments on our news stories. You can create your Yle ID via this link. Our guidelines on commenting and moderation are explained here.",https://yle.fi/a/74-20072941#comments,"[{'label': '1 star', 'score': 0.24339641630649567}]",0
25.8. 15:47,Sport,News,"Human excrement has been found in the swimming pool six times since the beginning of July, and officials believe that the incidents have been intentional. The City of Oulu has filed a criminal complaint with police over repeated defecation in the water at the Linnanmaa swimming pool. The criminal complaint was first reported by the local daily, Kaleva. Erkko Korpela, who manages the city’s swimming pools, confirmed the filing to Yle. He said there is a strong suspicion that these incidents have been the result of intentional actions, and not accidental. ""Children’s accidents have been ruled out. That has happened in the past. This clearly involves an adult,"" he told Yle. Human excrement has been found in the swimming pool six times since the beginning of July, and the main pool has had to be closed five times. The facility only opened earlier this year. City officials have decided to step up supervision of the swimming pool in northern Oulu as they attempt to identify the serial pooper. For example, Korpela said that one additional swimming lifeguard will be added to the pool per shift. In addition, extra staff will be needed to check the swimming pool's CCTV footage. ""That is an activity covered by the Personal Data Protection Act, so not just anyone can watch those recordings,"" Korpela pointed out. He added the incidents have caused a lot of extra work, planning and recruitment for the city’s sports services division, as well as financial losses. ""Surely some customers will vote with their feet and go elsewhere. We have received worried, surprised and even angry comments from customers,"" he said. There was also a series of incidents in Oulu in 2018, where poop was found several times in a row in the Raksila swimming pool in the centre of the city, which has now been nearly demolished. At the time, officials decided that this was done as a malicious prank. A suspect was identified but not apprehended.",https://yle.fi/a/74-20179254,"[{'label': '1 star', 'score': 0.3770163953304291}]",0
29.12. 09:54,Weather,News,"Reports of power outages began as the storm swept in on Saturday. Tens of thousands of customers across a large swathe of southwestern and western Finland remained without power on Monday morning, following damage caused by Storm Hannes over the weekend. Reports of power outages began as the storm swept in on Saturday. The number of outages grew as the storm continued its path of destruction, taking down trees and power lines. As of around 9:30 am on Monday, there were still more than 33,000 customers without power, according to Finnish Energy's power outage map. Households in Central Ostrobothnia, as well as the Pirkanmaa region, were particularly affected by the storm. Earlier on Monday there were still more than 7,400 households in Pirkanmaa without power. According to local energy firm Elenia, the damage caused by Hannes was the firm's biggest disruption in the past decade. Further west and north, in Central Ostrobothnia, many trees had fallen on power lines during the storm, according to local electricity company Korpelan Voima. The firm said that customer calls about power outages had overwhelmed their phone lines on Sunday. As of early Monday morning, the most households in the area still without electricity were in Kokkala (1,600). Rescue services in Central Ostrobothnia were busy throughout the weekend, day and night, responding to several hundred calls. Their main tasks included clearing trees from roads, buildings and power lines. According to local authorities, the clearing work is expected to continue this week, at the minimum. According to forest management associations in South and Central Ostrobothnia, the damage caused by the storm will easily amount to at least hundreds of thousands of euros.",https://yle.fi/a/74-20201700,"[{'label': '1 star', 'score': 0.5056819319725037}]",0
28.12. 09:46,Weather,News,"Air traffic has resumed at Finland's northern airports. Storm Hannes battered Finland overnight, inflicting unusually severe damage in areas serviced by electricity network operator Elenia. Powerful gusts on Saturday night felled trees, severed power lines and disrupted transport. For Elenia, the storm triggered the most severe outage in a decade. Conditions eased around 9am on Sunday. According to the Finnish Meteorological Institute (FMI), the storm's effects persisted into Sunday morning, particularly in south-western sea areas, where gale-force winds continued. On Sunday morning, more than 105,000 households were without electricity, down from a peak of over 180,000. Emergency services along the western coast have handled well over a thousand storm-related incidents. Air traffic has resumed at airports in Rovaniemi, Kittilä and Ivalo. In neighbouring Sweden, several train and ferry services scheduled for Saturday were cancelled, and bridges were closed to traffic.",https://yle.fi/a/74-20201613,"[{'label': '1 star', 'score': 0.5466340780258179}]",0
9.2. 12:40,Finland / Domestic,News,"The NGO's review included Mehiläinen, Terveystalo, Attendo, Pihlajalinna, Coronaria and Esperi Care. Finnish healthcare firms dodge taxes using a variety of methods, according to a report by Finnwatch, a group focusing on corporate social responsibility. A common tactic for them is to purchase medical services through doctors' own companies, converting wages into more lightly taxed dividends. The NGO's review included Mehiläinen, Terveystalo, Attendo, Pihlajalinna, Coronaria and Esperi Care. While private Finnish healthcare companies have steered clear of aggressive international tax planning, they do reduce their tax bills by using employee funds and converting earned income into dividend payouts. Twenty percent of any withdrawal from an employee fund is tax-free. According to Tero Määttä at the Finnish Tax Administration, this reduces tax revenue, but even so, the companies are complying with the law. Finnwatch noted these firms often purchase physicians' services through the doctors' own limited companies, thereby reducing personal taxation Määttä noted that such arrangements are nothing new. According to Finnwatch, highly paid doctors can sharply reduce their tax rate by invoicing their work through a limited company. The tax office did not comment on any moral dimension or on whether the actions of the healthcare giants are fair from the perspective of lower-paid healthcare staff. Yle News' All Points North podcast asked if private health insurance has become necessary in Finland today.",https://yle.fi/a/74-20209129,"[{'label': '1 star', 'score': 0.37037235498428345}]",0
8.2. 09:53,Finland / Domestic,News,"The fire will likely completely destroy the Jokioinen Leipä bread factory in Kanta-Häme, according to the firm's managing director. A large fire that broke out at the Jokioinen Leipä bread factory in Kanta-Hame early on Sunday morning will likely completely destroy the facility, according to the head of the company. According to Jokioinen Leipä's managing director, Mikko Virtanen, a fire alarm at the factory sounded at 4:30am on Sunday. ""After the alarm went off, we arrived at the site on our own. We managed to extinguish the fire from outside before rescue services arrived, but by that time it had spread to the wall structures,"" Virtanen said. In a statement issued just after 10am on Sunday, the Häme Police Department said it has opened an arson investigation into the blaze and that investigators have not ruled out the possibility of foul play. The statement noted that the fire did not cause any personal injuries. The factory is located in the Kanta-Hame region's municipality of Jokioinen, about 120km north-west of Helsinki. As of around 9:30am, there were no reports of injuries at the site. According to a local public advisory, billowing smoke from the fire is hazardous to people's health. It advised people in the area to stay indoors, turn off ventilation systems and to wait for an announcement that the hazardous situation has ended. Traffic advisory agency Fintraffic has warned that smoke from the blaze was reducing visibility on some stretches of highway 10. Firefighting efforts continued throughout Sunday morning, and efforts to extinguish the blaze will likely continue for a long time, according to rescue services. ""It looks like our facility will be completely destroyed today. We're talking about extensive damage,"" Virtanen told Yle. Jokioinen Leipä is a family-run bakery business that was founded in 1983. Its previous premises burned down in 2013, after which the current facility was constructed at the same location on Leivänkuja road. According to the company's website the bakery has around 140 employees. Updated at 12:00pm on 8 February 2025 to add new video and photo, while an earlier update added that police have opened an investigation into the fire.",https://yle.fi/a/74-20208968,"[{'label': '1 star', 'score': 0.44894465804100037}]",0
7.2. 16:23,Finland / Domestic,News,"Since 2007, sperm and egg donation in Finland has not been anonymous. The first children conceived since then are reaching adulthood, granting them the right to learn the identity of their donor. In Finland, it has for several years no longer been possible to donate gametes anonymously. The Act on Assisted Fertility Treatments, which entered into force in September 2007, requires that all donors be registered in a database maintained by the Finnish Supervisory Agency. The register contains the donor's first and last name, date of birth and nationality. Even before 2007, donors could consent to having their details recorded, but back then, it was voluntary. The first children conceived under the current regulatory framework will turn 18 this year. According to the Finnish Institute for Health and Welfare (THL), 402 children were born as a result of treatments using donated gametes in 2007. Antti Perheentupa, a reproductive medicine expert at Turku University Hospital, said that the reform initially caused widespread concern within the field. ""We thought that no one would want to become a donor anymore. For a time, the number of donors did drop, but when we spoke publicly in the media about the problem, the situation improved,"" he said According to Perheentupa, the rationale for banning anonymous donation was that children conceived this way should have the right to know about their genetic background and biological origins. Perheentupa said it is difficult to estimate how many will choose to exercise the right to find out the identity of their donor. Today, around 800 children are born in Finland each year with the help of donated sperm and egg cells.",https://yle.fi/a/74-20208912,"[{'label': '1 star', 'score': 0.3818133473396301}]",0
7.2. 12:34,Finland / Domestic,News,"Misuse can quickly cause permanent harm, Fimea says. Finland's medicines agency (Fimea) is warning about social media challenges involving over-the-counter drugs, as the consequences can be life threatening. Some challenges circulating on social media have involved paracetamol and acetylsalicylic acid. Paracetamol, commonly used for pain relief and fever reduction, is safe when taken in the correct dose, but even a slight overdose can cause serious liver damage, Fimea said in a statement. Acetylsalicylic acid, commonly known as aspirin, also has blood-thinning properties. ""High doses or prolonged use of acetylsalicylic acid can cause stomach and intestinal problems, and in some cases potentially life-threatening gastrointestinal bleeding,"" said Piia Vuorela, a director at Fimea. She said that adults should talk with children and teens about the social media challenges and the risks associated with medicines. Yle News' All Points North podcast looked at moves to ban social media for kids in Finland.",https://yle.fi/a/74-20208900,"[{'label': '1 star', 'score': 0.4401070773601532}]",0
6.2. 11:28,Finland / Domestic,News,"Rescuers located the victims using tracking devices, but they were already dead. Two Finns, between the ages of 50 and 60, have died in an avalanche in northern Italy, according to Italian public broadcaster RAI. The accident occurred on Thursday afternoon near the Solda ski resort in South Tyrol, close to the Swiss border. The victims were backcountry skiers, according to RAI. One other Finnish skier survived. Helicopter-bound rescuers, en route to a separate avalanche, spotted someone digging in the snow and used beacons to locate the victims, who were found dead. One victim was found 60 centimetres beneath the snow, the other 1.5 metres deep. Avalanches are common in the area, RAI noted. The Finnish Foreign Ministry has confirmed the incident.",https://yle.fi/a/74-20208719,"[{'label': '1 star', 'score': 0.3667033910751343}]",0
6.2. 10:35,Finland / Domestic,News,"Finland will admit 50 Venezuelans from Peru as part of its annual refugee quota. The government has confirmed its 2026 refugee quota, keeping it unchanged from the past two years. Finland admits 500 quota refugees annually. This year, that figure includes 150 Afghans from Iran, 120 Congolese from Rwanda and 100 Syrians from Turkey. In addition, Finland will admit 50 Venezuelans from Peru, 30 evacuees from Libya via Rwanda, and 50 emergency cases without nationality or regional restrictions. Last year's quota distribution sparked debate in Finland after the Non-Discrimination Ombudsman suggested the Interior Ministry's political leadership was prioritising Christian asylum seekers. The Chancellor of Justice ultimately found the preparation of the allocation flawed but determined that religion had not been used unlawfully as a criterion.",https://yle.fi/a/74-20208705,"[{'label': '1 star', 'score': 0.4163690507411957}]",0
6.2. 09:12,Finland / Domestic,News,"Even as gold retreats from record highs, Finns continue cashing in on the precious metal. In an interview with Helsingin Sanomat, EU foreign policy chief Kaja Kallas said Europe should begin a discussion about developing its own nuclear deterrent. She argued that nuclear deterrence could feature in future debates, given the current security environment and the reality that nuclear weapons remain the only effective deterrent. At the same time, HS noted, Kallas spoke cautiously and stressed the risks associated with nuclear proliferation. Within Europe, only France and Britain have nuclear weapons, while several countries are bound by treaties aimed at limiting their spread. Kallas, a former Estonian prime minister, was in Finland on Thursday. An explosion struck a cargo ship, MSC Giada III bound for St Petersburg in the Gulf of Finland on Wednesday, reports Ilta-Sanomat, citing The Moscow Times and the investigative site Insider. The Liberian-flagged vessel was travelling from Antwerp to St Petersburg and carried a crew of 22. The captain is Russian, while the rest of the crew are from Myanmar. Ukrainian outlet United24 claims the MSC Giada III forms part of Russia's so-called shadow fleet. These are ageing vessels often sailing under flags of convenience and used to circumvent Western sanctions. The ship had reportedly been observed earlier this year close to the Turkish coast in the Black Sea. Vans touring Finland to buy scrap gold are an increasingly common sight, even in small towns. Markus Rasimus, Lapland regional manager at Suomen Kultareservi, told Maaseudun Tulevaisuus that supplies show little sign of drying up, with sellers offering up everything from dental gold to bullion. Gold prices, which have risen steadily, briefly hit a record $5,600 an ounce last Thursday before falling 12 percent the following day. Typical sellers are women over 50, though younger people — often cashing in inherited jewellery — are also active. Individual transactions now commonly fetch 1,500–3,000 euros, as fewer young Finns choose to wear gold jewellery, preferring the cash instead.",https://yle.fi/a/74-20208675,"[{'label': '1 star', 'score': 0.30282557010650635}]",0
3.2. 12:45,Finland / Domestic,News,"Finland appears in US State Department cables on Greenlan, obtained by Politico. Finland features in US State Department dispatches obtained by Politico which relate to Greenland. ""The Finns were desperate to prevent a trade war over the island,"" Politico wrote of diplomatic exchanges in the aftermath of Donald Trump's demands to acquire Greenland. According to Politico, Finnish Foreign Minister Elina Valtonen (NCP) told visiting members of the United States Congress that the deployment of a few Finnish soldiers to Greenland had been a ""misunderstanding."" The claim appears in a diplomatic cable sent from the US embassy in Helsinki on 20 January. The foreign ministry has rejected this account, saying Finland's dispatch of officers to Greenland was not the result of any misunderstanding. In January, Finland said it would send two liaison officers to Greenland to explore training opportunities. The announcement came just days after the White House had indicated that the United States was also considering military options related to Greenland. According to the online publication, Valtonen came across as eager to calm tensions. It cited Valtonen as saying Finland had no plans of any kind to do anything ""against the Americans,"" adding that ""a couple of guys"", referring to the Finnish officers in Greenland, had already returned to Finland. Politico also suggested Valtonen downplayed the European Union's threat of retaliatory tariffs, describing it as a ""negotiating tactic"" and said she intended to press the bloc to ""do anything to prevent a trade war."" ""Let's not get a divorce,"" Valtonen said, according to one cable, ""especially not a messy one."" In mid-January, Trump threatened to impose tariffs on countries that refused to comply with his demand concerning Greenland. Politico said the Finnish leadership did not respond to a request for comment. The cables exposed by Politico also highlight China's apparent hope that Trump's demand would drive a wedge between Europe and the United States. Politico noted that the exchanges, more than anything, underscore how important the US remains to Europe.",https://yle.fi/a/74-20208031,"[{'label': '1 star', 'score': 0.37224480509757996}]",0
25.1. 14:29,Business,News,"Regularly scheduled maintenance went wrong on Sunday morning, as services were to have come back online. The bank said in the afternoon that services were ""being brought back into use gradually"". One of Finland’s biggest banking groups, Nordea, apologised to customers on Sunday as planned maintenance work dragged on longer than expected due to an ""unexpected technical fault"". After 3pm, the bank said it had the maintenance work and that services were ""being brought back into use gradually"". Services were originally supposed to be returned to normal as of 9am, but still persisted into the afternoon. Nordea said in the morning that the problem had been ""localised"" and that services would be restored as soon as possible. However it did not indicate when operations might return to normal. The Downdetector service, which tracks online glitches, showed a spike in Finnish Nordea outage reports on Sunday morning, followed by another peak in the early afternoon. After 3pm, the number of reports dropped. In the meantime, Nordea said some services were ""functioning in a limited capacity"". It warned of occasional interruptions in card payments, and said that cash withdrawals should work via the checkouts at K grocery shops, Tokmanni discount stores and R-kiosks. The bank apologised for the inconvenience caused to customers due to the open-ended extension of maintenance work. 3.25pm: Updated with announcement of restoration of services.",https://yle.fi/a/74-20206319,"[{'label': '1 star', 'score': 0.4023381769657135}]",0
20.1. 14:01,Business,News,"The financial group said it is able to redeem the funds due to glimpses of recovery in the real estate market. OP Pohjola is opening two of its real estate funds for redemption, according to the Finnish financial giant. Many small-time investors have been waiting for such an announcement, as the bank had suspended investor cash-outs of real estate funds more than a year ago, due to weak sales in the sector. OP was among a number of banks that suspended redemptions of real estate funds. According to OP, it is now able to redeem the funds due to glimpses of recovery in the real estate market. OP said that its Public Services Real Estate Fund and Rental Yield Fund would be opened for redemption on Tuesday. ""We see that the real estate market situation has now stabilised to the point where we can start fund subscriptions and redemptions,"" OP said in a press release.",https://yle.fi/a/74-20205392,"[{'label': '1 star', 'score': 0.517555296421051}]",0
19.1. 11:46,Business,News,"The corporate giants told Yle they are not making comments ahead of releasing their financial results. Five of Finland's six biggest listed companies replied to Yle regarding US President Donald Trump's latest tariff threats. Among the Finnish firms that responded were Kone, Wärtsilä, UPM-Kymmene and Valmet, all of which count the United States as an important export market. None was prepared to speculate. Each declined to comment, citing the quiet period, a convention under which listed companies refrain from discussing financial performance, markets or prospects in the 30 days before publishing results. The American president has warned of an additional 10 percent levy on imports from eight European countries should he fail to secure Greenland, either by purchase or by force. In addition to Finland, these countries are Denmark, Sweden, Norway, Germany, France, the Netherlands and Britain. So far, the US Supreme Court has yet to rule on the legality of Trump's proposed increases in import tariffs.",https://yle.fi/a/74-20205105,"[{'label': '1 star', 'score': 0.6130457520484924}]",0
16.1. 10:31,Business,News,"Bankruptcy filings are up across nearly all sectors, according to Statistics Finland. The number of bankruptcies in Finland has continued to rise for the past three years, new data shows. According to Statistics Finland, just over 3,900 companies filed for bankruptcy last year — the largest figure seen since 1996, which came after years of a serious economic crisis. Last year's bankrupt companies employed around 14,300 people. StatFin reported that 360 bankruptcy proceedings were initiated in December 2025, or 92 more than the same month the previous year — a 34 percent increase. The number-crunching agency said that the recent larger wave of bankruptcies began a few years ago. An average of 3,600 companies have filed for bankruptcy annually since 2023. The yearly average during the 2010s was around 2,700 companies. According to the agency's senior statistician, Mira Kuussaari, last year's annual bankruptcy figure has been higher just three times during the 2000s: during the global financial crisis of 2009, in 2013 and then in 2023, when the current wave of bankruptcies began. However, the number of employees affected by companies going bust suggests that it is mostly SMEs that are being affected, on average, she explained. The agency reported that the largest number of firms filing for bankruptcy were in the construction sector — a total of 768. However, according to Kuusisari, the number of construction companies filing for bankruptcy peaked in 2023. ""In practically all other sectors, the trend has been upward,"" she said in a press release.",https://yle.fi/a/74-20204686,"[{'label': '1 star', 'score': 0.439529687166214}]",0
7.1. 12:25,Business,News,"The prospective buyers include US petroleum company Chevron and private equity firm Quantum Capital Group, according to the Financial Times. US petroleum company Chevron and the private equity firm Quantum Capital Group plan to buy the international assets of Lukoil, the sanctioned Russian oil company, according to the Financial Times. If the deal goes through, the two companies aim to share the assets, which are said to be valued at around 22 billion US dollars, the UK-based business paper said, citing unspecified sources. It reported that Quantum was leading the bidding process for Lukoil's gas and oil production, refineries and more than 2,000 petrol stations across Europe, Asia and the Middle East. That deal would also include Lukoil's petrol station chain Teboil, which until fairly recently continued to operate across Finland. However, Teboil announced that it was shutting down its operations in Finland in November, following the difficulties caused by US sanctions against Russian oil companies, including Lukoil and Rosneft, in October. According to FT, the US Treasury Department has given the companies until January 17 to negotiate the deal, which also requires the approval of US President Donald Trump. The business paper noted that American equity firm Carlyle Group and Dubai-based investment outfit International Holding Company were also bidding on Lukoil.",https://yle.fi/a/74-20202924,"[{'label': '1 star', 'score': 0.3517509400844574}]",0
2.1. 12:06,Business,News,"In a survey, a fifth of respondents said they consciously take a break from alcohol consumption at one or more points during the year. Sales of non-alcoholic beverages have risen at a record pace in Finland, the state alcohol monopoly Alko said on Friday. Alko sold over 850,000 litres of non-alcoholic beverages last year, an increase of 40 percent from the year before. About a decade ago, the firm sold approximately 186,000 litres of non-alcoholic beverages annually — meaning there has been a five-fold increase in sales over the past 10 years. Worldwide, the non-alcoholic beverage market grew by approximately nine percent last year, Alko noted in a press release. ""We are constantly striving to introduce new, interesting non-alcoholic alternatives alongside traditional alcoholic beverages, as is well suited to Alko's core mission of preventing alcohol-related harm,"" Product Group Manager Mika Kauppinen said in the statement. Alko was set up by the Finnish state in 1932. It was given the exclusive right to import, export, manufacture and sell alcoholic beverages after Finland's period of prohibition was repealed. In a survey commissioned by Alko, a fifth of respondents said they consciously take a break from alcohol consumption at one or more points during the year. Nearly half of respondents said that alcohol impairs the quality of their sleep, while almost one-third said they want to reduce their consumption in general. Customers said they particularly choose non-alcoholic drinks when attending a party but planning to drive (64%), taking a sauna (40%) or relaxing at home (31%). About 700 people responded to the survey last month. A new tax on alcohol that took effect on New Year's Day raised the price of a bottle of beer by a few cents and a bottle of wine by around 50 cents.",https://yle.fi/a/74-20202296,"[{'label': '1 star', 'score': 0.38151484727859497}]",0
28.1. 09:53,Economy,News,"Can you retire if you've never worked? A striking number of young people in Finland are applying for disability pensions before they have even entered working life, reports Helsingin Sanomat. That's according to the findings of a study published in a report by public sector pension insurer Keva. According to the report, only about 20 percent of under-30s who applied for a disability pension or vocational rehabilitation on mental health grounds had actually been employed before submitting their application. Mental health problems are the leading reason for seeking disability pensions and earnings-related rehabilitation in Finland's public sector. Kauppalehti explains how a weather phenomenon is driving up the price of spot electricity in Finland. In many areas, ice has built up on turbine blades at wind farms. Combined with weak winds, the situation has slashed output from the country's wind fleet. Forecasts suggest conditions will deteriorate further on Wednesday. On Tuesday, spot prices climbed to nearly 40 cents per kilowatt-hour. Icing on turbines is a routine winter hazard in Nordic countries, but its severity this season has been worse than in previous years. Blade heating systems can mitigate the problem, but the responsibility for such measures has largely been left to the wind power industry itself. More and more Finns are looking for alternatives to Gmail and other American digital services, according to Hufvudstadsbladet. According to Petteri Järvinen, an IT expert who has been sounding the alarm over US tech dependence, it is time to abandon the idea that email should be free. ""Stop being stingy,"" he told the daily, suggesting that users should be prepared to pay a few euros a month for an email account. ""If we are not willing to pay, we will inevitably end up in the laps of Google or Microsoft. If we want European alternatives, we must be ready to pay a few euros per month."" People pay for bus tickets and countless other services, Järvinen noted, so why should email be an exception?",https://yle.fi/a/74-20206871,"[{'label': '1 star', 'score': 0.43811801075935364}]",0
12.1. 11:37,Economy,News,"As the housing market slowed, many of the small-time investors wanted to sell off their shares — but due to sluggish real estate sales, there were not enough funds to honour the redemptions. More than 6,000 Ålandsbanken customers who invested in real estate funds will need to wait even longer to cash out, according to Ålands Radio. The news outlet reports that the bank informed customers about the situation on Friday, telling them it would take at least another fiscal quarter before they would be able to access their funds. One of the thousands of affected investors, Karola Molander, told the news outlet that the bank was now telling dissatisfied customers to contact its complaints department by mail, or to reach out to the Finnish Financial Ombudsman Bureau (Fine). An Yle News article in November explained that many small-time investors had a rude awakening when they realised that they could not redeem their holdings in almost a dozen real estate funds. As the housing market slowed, many investors wanted to sell off their shares — but due to sluggish real estate sales, there were not enough funds to honour the customers' redemptions. While Ålandsbanken investors were the first to be impacted in 2023, tens of thousands of customers at other banks, including OP Bank, were similarly affected. According to Ålands Radio, Ålandsbanken's fund manager Carola Nilsson, is scheduled to comment about the matter on Ålands Radio later on Monday.",https://yle.fi/a/74-20203736,"[{'label': '1 star', 'score': 0.4846125841140747}]",0
8.1. 14:28,Economy,News,"There were over a quarter of a million people out of work in Finland in November last year, or 10.6 percent of the workforce. Finland's unemployment rate is statistically the worst in the European Union, according to figures published on Thursday by Eurostat, the European Commission’s data-crunching agency. The stats show that there were over a quarter of a million people out of work in Finland in November, representing 10.6 percent of the workforce. This rate is higher than that of Spain, which previously held the unwanted top spot in the EU's unemployment charts. The bleak situation marks Finland's highest unemployment rate since the aftermath of the global financial crisis in 2009, and reflects the poor state of the Finnish economy compared to other EU member states. As a point of comparison, the unemployment rate in the Netherlands in November was just 4 percent, while the EU average was 6 percent. The long-term trends also reveal that countries in southern parts of Europe which have traditionally had stubbornly high unemployment rates — such as Spain and Greece — have significantly improved their situations over the past decade. At the same time, Finland's trend — and that of Sweden too — has moved in the opposite direction. Finland's rising unemployment rate can be at least partly explained by the fact that the country's labour force has grown, in particular because of increased numbers of people moving to Finland from abroad in recent years. However, their arrival has coincided with a downturn in the Finnish economy and increased difficulty in finding work. In addition, Finland's government has introduced a number of measures which have been criticised by immigrant associations as making life more difficult for newcomers. However, despite the latest unemployment figures from Eurostat, Finland's Ministry of Economic Affairs and Employment has argued that the situation will improve during the coming 12 months. In a statement, the ministry noted that the number of people in employment in Finland has increased by about 25,000 over the past year, and more positions are becoming available in certain sectors.",https://yle.fi/a/74-20203184,"[{'label': '1 star', 'score': 0.4548766016960144}]",0
2.2. 10:55,Society,News,"According to Seta, the proportion of what it refers to as ""rainbow youth"" who were targeted by school bullying – including harassment, discrimination and violence – rose slightly between 2023 and last year. Bullying of LGBTQ+ youth at Finland’s school has increased, says Seta, the country’s main NGO representing members of sexual and gender minorities. In a press release on Monday, the human rights group cited the latest school health survey published by Finland's public health authority THL, which shows few changes in the wellbeing of 8th and 9th grade LGBTQ+ youth between 2019 and 2025. According to Seta, the proportion of what it refers to as ""rainbow youth"" who were targeted by school bullying – including harassment, discrimination and violence – rose slightly between 2023 and last year. Some 22 percent of 8th and 9th graders belonging to gender minorities and 16 percent of those belonging to sexual minorities reported that they had been bullied at school at least once a week during the school year. In response, Seta has called for targeted actions to improve the well-being of children and youth who belong to sexual and gender minorities. As measured in the School Health Survey published in late January, young people belonging to these groups experienced all forms of school bullying at two to three times the rate of other young people. The most common experiences were name-calling and shaming, facial expressions and gestures, spreading of lies and offensive language, as well as exclusion. ""It is truly alarming that rainbow youth's experiences of harassment, discrimination and violence in schools have become even more common,"" Seta youth work advocacy expert Teija Ryhtä said in the statement. Ryhtä pointed out that bullying can also be life-threatening, while at the same time, hate speech, discrimination and harassment have become more prevalent in Finnish society in general in recent years. Seta also points to a more positive trend in the THL study: a slight decrease in reported experiences of loneliness among LGBTQ+ youth between 2023 and last, as well as gradual improvement in general life satisfaction. Last year, 46 percent of sexual-minority youth and 40 percent of gender-minority youth who responded to the survey said they were satisfied with their lives, up from 42 and 35 percent two years earlier.",https://yle.fi/a/74-20207765,"[{'label': '1 star', 'score': 0.2937995493412018}]",0
27.1. 16:24,Society,News,"""I have asked my ministry to draw up a comprehensive picture of what we know about children who are sent abroad,"" Minister Anders Adlercreutz (SPP) said. Finland's Minister of Education, Anders Adlercreutz (SPP), said he wants to investigate whether girls are being taken out of the country to undergo female genital mutilation (FMG), and to see how common the practice might be. Earlier this week, Yle published an investigative story about some Somali parents living in Finland who have sent their children to disciplinary institutions in Somalia. Once there, according to the report, they are subjected to severe treatment — including physical abuse and being locked in chains. According to news agency STT, Minister Adlercreutz characterised the contents of Yle's report as extremely serious. ""I have asked my ministry to draw up a comprehensive picture of what we know about children who are sent abroad - whether it is concerns so-called educational camps or, for example, genital mutilation of girls or women,"" he said, according to STT. Adlercreutz has previously said that it was known that children were being taken abroad for disciplinary reasons, but ""we were not aware of such institutions"". In 2024, Finland approved a law specifically banning the practice and preparation of FGM.",https://yle.fi/a/74-20206790,"[{'label': '1 star', 'score': 0.393959105014801}]",0
26.1. 16:22,Society,News,"More than 66 percent of respondents said they would approve of a social media ban for youths under the age of 15. People in Finland are increasingly in favour of banning social media use for people under the age of 15, according to a recent survey. The poll, commissioned by price-tracking website firm Hintaopas in December, found 66.5 percent of respondents supporting a social media ban for under-15s. It said a survey about the topic last summer found 57.3 percent of respondents holding such an opinion, according to the company. The change reflects a nearly 10 percentage point increase in around six months. Support for a social media ban for youths increased the most among respondents between the ages of 18 and 24, as well as those 65 and up. Around 1,000 people took part in the survey. In December, Australia became the first country in the world to ban the use of social media for people under the age of 16, and the idea has gained popularity in other parts of the world. For example, Finnish Prime Minister Petteri Orpo (NCP) has identified social media as a major factor behind the lack of adequate amounts of physical activity among young people and children. Meanwhile, Finland's Institute for Health and Welfare (THL) and the National Agency for Education recently issued stricter guidelines for children’s use of digital gadgets, including the call for a ban on the use of social media or smartphones for kids under the age of 13.",https://yle.fi/a/74-20206519,"[{'label': '1 star', 'score': 0.3504810333251953}]",0
26.1. 13:06,Society,News,"For the past two years, scratchcard winnings have only been redeemable by the person who purchased the card. Finland's Interior Ministry is examining whether scratchcards might once again be allowed as gifts. The investigation will consider whether winnings from a scratchcard could be claimed by someone other than the person who purchased the card. At the start of 2024, scratchcards were brought under mandatory identification rules. Since then, recipients of gifted cards have been unable to redeem any prizes they potentially offer. Parliament approved a new Lotteries Act in December. At the same time, legislators included a statement urging the government to explore ways to permit scratchcards to be given as gifts. Christmastime is traditionally the biggest season for lottery scratch card sales in Finland.",https://yle.fi/a/74-20206449,"[{'label': '1 star', 'score': 0.36179158091545105}]",0
23.12. 16:31,Working life,News,"Some had to pay to get jobs in Finland, while others had to hand over their wages to the boss. The Helsinki Police Department's human trafficking unit has completed preliminary investigations into two separate criminal cases, both involving suspected extortionate labour practices. In the first case, cleaners were allegedly forced to return most of their wages to the company's head. On payday, these full-time workers were required to hand back the bulk of their earnings to the suspect. ""The complainants said they had little choice but to agree to the repayment of their wages,"" said lead investigator Nils Majewski. ""Without work-based residence permits, they would have faced deportation from Finland."" Police suspect that a man registered as an unemployed jobseeker was in fact working for the cleaning company officially owned by his spouse. In practice, though, he is alleged to have run the business despite holding no official position within the firm. Over three years, the man is thought to have drawn around 50,000 euros in social benefits. One of the victims is meanwhile estimated to have been deprived of roughly 130,000 euros in unpaid wages, police said. In the second case, an entrepreneur in the cleaning and restaurant sectors is suspected of luring workers from their home country and from outside the EU. Those recruited from the business owner's country of origin were relatives or acquaintances. Some workers were allegedly required to pay so-called ""starting fees"" to secure employment. ""One employee paid around 6,500 euros,"" Majewski said, adding that the preliminary investigation suggests the entrepreneur also borrowed money from employees and failed to repay it. Workers did not receive their wages every month, or were paid too little. Police suspect the number of victims to be around twenty, with their unpaid wages totalling just under 200,000 euros. Both cases are now under consideration by prosecutors.",https://yle.fi/a/74-20201373,"[{'label': '1 star', 'score': 0.3785126507282257}]",0
23.12. 12:14,Working life,News,"Around 50,000 more people were unemployed last month than in November 2024. More people were again out of work in November, according to the national number cruncher. Joblessness continued to rise in November, according to Statistics Finland. The trending unemployment rate climbed to 10.6 percent, up 0.2 percentage points from October. This marks the bleakest reading since 2009, when the agency began tracking the trending jobless rate. The trend tracking is a measure of long-term changes in employment and unemployment, eliminating the peaks and valleys of factors like seasonal employment variations. The agency reported that as of November, there were around 50,000 more unemployed people this year compared to the same month in 2024. In total, 276,000 people in Finland were out of work last month. The overall number of those in work changed little compared with last year. However, part-time employment increased, while full-time jobs continued to decline. Last week, the governement said Finland's economic recovery this year has been weaker than expected. According to the Finance Ministry, public finances may still need to be adjusted by 1.4 billion euros during this government term by some combination of tax hikes and budget cuts.",https://yle.fi/a/74-20201314,"[{'label': '1 star', 'score': 0.4562072157859802}]",0
19.12. 11:43,Working life,News,"The votes fell 108-54, with 21 abstentions and 16 representatives absent. Finnish MPs on Friday approved a law that aims to lower the threshold to dismiss employees. The votes fell 108-54, with 21 abstentions and 16 representatives absent. After the law goes into effect, a ""proper reason"" will suffice for terminating an employment contract, compared to current law requiring both ""proper and weighty"" grounds. Earlier this month, Parliament's Employment and Equality Committee greenlit the government's plans to lower the threshold for employers to fire workers. At the time, the committee's chair, MP Arto Satonen (NCP), said the reform was especially aimed at improving the operating conditions of small and medium-sized companies — as they will be more willing to hire staff if the threshold for dismissal is lowered. Opposition parties often referred to the government-proposed legislation as a ""firing law"". Opposition MP Pia Hiltunen (SDP) strayed from her party's position in Friday's vote, siding with the government in favour of the legislation. According to news agency STT's information, the Social Democrats plan to reprimand the MP for doing so.",https://yle.fi/a/74-20200745,"[{'label': '1 star', 'score': 0.4626881182193756}]",0
16.12. 15:30,Working life,News,"In 2001, Linda Lampenius was forced to buy an advertisement in Ilta-Sanomat to persuade the millionaire Peter Nygård, now a convicted sex offender, to drop his defamation claims. Sanoma Media Finland plans to reimburse violinist Linda Lampenius for the cost of a newspaper advertisement she was compelled to pay for more than 20 years ago to apologise to ex-fashion tycoon Peter Nygård, Suomen Kuvalehti reports. In 2001, Lampenius paid for a full-page ad in Ilta-Sanomat and gave an interview to halt the ex-fashion tycoon's demands for damages over alleged defamation. The dispute stemmed from comments she made in 1997 about an encounter with Nygård during a trip to California, in which she warned against sending young Finnish women to his residence. She told tabloid magazine 7 päivää that Nygård had shown her photographs of naked women taken at his villa. The advertisement cost 35,000 Finnish marks, which these days amounts to nearly 9,000 euros. Finnish-born Nygård was convicted in Canada in 2024 on multiple counts of sexual assault that took place between the 1980s and the mid-2000s. Sanoma's chief executive, Pia Kalsta, told Suomen Kuvalehti that the repayment would still need to be discussed with Lampenius.",https://yle.fi/a/74-20200094,"[{'label': '1 star', 'score': 0.3439079821109772}]",0
8.12. 14:59,Education,News,"Three 14-year-old girls were injured in the attack at a school in Pirkkala earlier this year. Prosecutors have filed three attempted murder charges against a 16-year-old boy over the school stabbing that took place in Pirkkala this past spring. Three 14-year-old girls were injured in the incident at Vähäjärvi School on 20 May. Police have previously said the boy selected the girls at random, and that neither he nor the victims — all pupils at the school — knew one another. After the stabbings, the boy left the school. Police arrested him shortly afterwards at a nearby square. The girls' injuries were not life-threatening, and they were discharged from the hospital the following day. The boy had published an online manifesto, saying he had planned the attack for half a year and wanted to do something ""meaningful, exciting, and go to prison for two to four years"". In August, the court ordered the boy to undergo a psychiatric evaluation. He remains in custody with the case set to be heard at Pirkanmaa district court on 19 December.",https://yle.fi/a/74-20198524,"[{'label': '1 star', 'score': 0.36495301127433777}]",0
3.11. 16:28,Education,News,"The move aims to make Finland more attractive to international students and returnees, while supporting those with limited Finnish or Swedish skills, the education ministry says. The Ministry of Education and Culture has announced that the first authorisations to offer general upper-secondary education in English have been granted. Approvals were given to Gradia — a Jyväskylä-based educational consortium — and institutions in the cities of Helsinki, Oulu, Pori, and Tampere, covering a total of five upper-secondary schools, a ministry press release explained on Monday. ""The authorisation to provide education applies to Helsinki Upper Secondary School of Languages, Jyväskylän Lyseo Upper Secondary School, Oulun Lyseon lukio (upper secondary school), Porin lukio general upper secondary school and Pyynikin lukio upper secondary school (in Tampere),"" the ministry said in the release. The English School in Helsinki already offers an English-language curriculum for upper secondary pupils. According to Education Minister Anders Adlercreutz (SPP), the move aims to make Finland more attractive to international students and returnees, while supporting those with limited Finnish or Swedish skills. The English upper-secondary courses are set to begin next August, with around 200 students expected to enrol in the programmes each year. The first English matriculation exams are set for autumn 2028. ""The matriculation examination in English is intended for students whose language skills are too limited to be able to complete the general upper secondary education syllabus and the related matriculation examination in Finnish or Swedish,"" the release explained. ""Matriculation candidates whose primary language is neither Finnish nor Swedish are required to pass a compulsory mother tongue and literature test in either Finnish or Swedish in the form of a second language and literature test,"" it continued. Amended note at 14:41 on 4 November 2025 to reflect that this item was edited shortly after publication for clarity and to name the specific schools. Edited at 10:17 on 5 November 2025 to add that the English School in Helsinki already offers an English-language curriculum.",https://yle.fi/a/74-20191908,"[{'label': '1 star', 'score': 0.2530469298362732}]",0
4.2. 11:32,Crime,News,"These types of crimes increased significantly compared to 2024. Using various schemes, criminals swiped a total of around 70 million euros from victims in Finland in 2025, according to Finance Finland (FFI). FFI represents the financial interests of the country's financial sector. According to FFI, phishing scams were the most common method criminals used in bilking people out of their money, stealing around 22 million that way. In total, there were attempts to defraud people in the country of around 150 million euros last year. However, banks managed to claw back or block payments that were headed to the criminals, FFI noted. These types of crimes have increased significantly compared to 2024, when there were attempts to defraud people in Finland of around 107 million euros. That year, banks were able to retrieve or block around 40 percent of the payments. There are ways to avoid getting caught up in a scam, including:",https://yle.fi/a/74-20208254,"[{'label': '1 star', 'score': 0.43321138620376587}]",0
3.2. 11:09,Crime,News,"The third-term opposition MP said she wants to leave politics because she is frustrated by the policies of the current government, which she describes as having features of ""Trumpism"". Member of Parliament Hanna Kosonen of the opposition Centre party has announced that she will step down from parliament at the end of this term, and also retire from politics. In an interview with Helsingin Sanomat, the Savonlinna MP said she is quitting politics because of her frustration with the current right-wing government — which she says displays features of ""Trumpism"". ""This atmosphere, which has been created by all this scissors-clipping [referring to the government's austerity measures], certainly does not build trust or make economic growth possible,"" she told the daily. She also cited the current nature of public debate as another reason why she is stepping away from politics, noting that she does not want to become cynical, as she considers the work of an MP to be very meaningful. Kosonen is a third-term MP. She served as Minister of Science and Culture in 2019 and 2020, first under PM Antti Rinne (SDP) and then under his replacement, Sanna Marin.",https://yle.fi/a/74-20208019,"[{'label': '1 star', 'score': 0.3488622009754181}]",0
15.1. 15:54,Crime,News,"Terno Hedman fatally shot his pregnant partner on a busy street in the centre of Tampere in front of the couple's child. Turku Court of Appeal has upheld the life imprisonment sentence handed down to Terno Alkki Rikhard Hedman for the shooting to death of his pregnant partner in the centre of Tampere in September 2024. Pirkanmaa District Court found Hedman guilty of murder at the original trial in February last year. He was also convicted of a string of other offences, including two counts of assault, aggravated assault, public endangerment, a firearms infraction, violent resistance, and drug use. In its ruling, the appeal court agreed with the district court's verdict that the killing was premeditated and also presented a serious danger to the public. In addition, the appeal court found that the killing was also carried out in a particularly brutal manner. The victim was pregnant with Hedman's child at the time, and their other child, 4 years old at the time, witnessed the killing. Although the murder conviction was upheld, the court however dismissed the charges of aggravated assault and attempted aggravated assault. These charges related to two bystanders on the street, who were also injured by the bullets Hedman fired. In the view of the court of appeal, Hedman could not have reasonably foreseen that the bullets intended for the victim would also hit the bystanders. The appeal court's decision is not final, meaning it can be further appealed to Finland's Supreme Court. During the first trial, Hedman told the victim's family in court that he would accept the verdict and would not appeal. He changed his mind however and appealed the verdict of murder. Both Hedman and his victim are members of the Romani community. Yle includes their backgrounds in the reporting of the case because of the ongoing societal discussion about serious acts of violence within Finland's Roma community.",https://yle.fi/a/74-20204563,"[{'label': '1 star', 'score': 0.4446146786212921}]",0
13.1. 15:02,Crime,News,"Estonians are the largest foreign group incarcerated in Finland. Finland and Estonia are moving to streamline the transfer of prisoners between the two countries. Justice Minister Leena Meri (Finns) and Estonia's Minister of Justice and Digital Affairs, Liisa-Ly Pakosta, signed a joint declaration to that effect in Tallinn on Tuesday. Estonians make up the largest group of foreign inmates in Finnish prisons, according to Finland's justice ministry. The agreement aims to identify obstacles to prisoner transfers and to strengthen cooperation between the two countries' prison authorities. As part of the effort, Estonia plans to amend its legislation to remove a provision under which it has not accepted Estonian prisoners with fewer than six months remaining on their sentences. The share of foreign inmates has been rising in recent years, growing to just over 20 percent in 2024, according to the Prison and Probation Service of Finland (Rise). Last year, the group reported that Finnish prisons had exceeded capacity.",https://yle.fi/a/74-20204028,"[{'label': '1 star', 'score': 0.2679104506969452}]",0
13.1. 13:23,Crime,News,"A flagpole was broken, a flag ripped and graffiti was painted on a wall of the building in the upscale Kulosaari neighbourhood. Helsinki police are investigating an incident at the Iranian embassy in the western Kulosaari district. The police suspect that at least two people entered the embassy grounds on Monday. Authorities were called to the embassy around 5pm, but the suspects had fled the scene by the time they arrived. According to a police statement, the individuals broke a flagpole, ripped the Iranian flag and defaced an exterior wall with paint. The suspects left in a car, which police later spotted in Itäkeskus, eastern Helsinki. Police detained two male suspects who were in the vehicle. The incident is being investigated as aggravated vandalism and breach of public peace. After questioning the suspects, the police will decide on whether to they will be formally placed under arrest. The police are also investigating the identities of other individuals who entered the embassy grounds. The incident came as Iranian authorities have a launched a deadly crackdown on anti-government protests in the country. On Tuesday, Foreign Minister Elina Valtonen (NCP) summoned Iranian Ambassador Javad Aghazadeh Khoei to express concern over an internet blackout imposed by Iranian authorities and the violent suppression of protests. More than 600 people have been killed and thousands detained, human rights groups said on Tuesday. There are currently 91 Finns in Iran who have filed travel declarations with the Finnish Foreign Ministry, Finland's Ambassador-at-large for the Middle East and the Persian Gulf, Harri Kämäräinen, told Yle on Tuesday morning. ""Presumably most of them are dual citizens, Finns who may have gone to spend the Christmas holidays with relatives in Iran. Contact has been made with all of them,"" Kämäräinen said, adding that the actual number of Finns in Iran may be higher. According to Kämäräinen, the Finnish embassy in the Iranian capital, Tehran, is maintaining nearly normal operations despite the unrest. He is the former Finnish Ambassador to Iran. On Monday, the embassy warned that arbitrary arrests of foreigners were on the rise in Iran. According to Statistics Finland, there were more than 12,000 Iranian-born people living in Finland in 2024.",https://yle.fi/a/74-20203964,"[{'label': '1 star', 'score': 0.4595666527748108}]",0
12.1. 16:42,Crime,News,"Investigators believe two individuals provided false information about costs and the quality of construction as they applied for state-subsidised loans. Police suspect two individuals linked to the construction company Sisco of aggravated subsidy fraud. According to investigators, the accused defrauded the state of millions of euros. The case is centred on guarantee and subsidy loan applications at the Housing Finance and Development Centre of Finland (Ara) in 2014-2017 — intended for state-funded housing projects. Police suspect the individuals of providing false information about construction costs and the quality of construction as they applied for the loans. According to a statement issued by prosecutors, Ara granted the company a total of around 54 million euros in loans. It said Ara suffered estimated damages of at least around 15 million euros. The suspects have denied any wrongdoing.",https://yle.fi/a/74-20203755,"[{'label': '1 star', 'score': 0.6978546977043152}]",0
12.1. 12:54,Crime,News,"Finnish and Estonian authorities suspect the Fitburg was involved in deliberately damaging an underwater cable in the Baltic Sea on New Year's Eve. Finnish authorities have lifted the seizure order on the Fitburg cargo vessel, which is suspected of damaging an undersea cable in the Gulf of Finland on New Year's Eve. In a statement released on Monday, the Finnish Border Guard said the ship was escorted out of Finland's territorial waters from Kantvik port in Kirkkonummi at around 11am. Risto Lohi, who is leading the National Bureau of Investigation's (NBI) preliminary probe into the incident, said that both Finnish and Estonian police have completed their investigations, which is why the seizure could be lifted. ""Helsinki District Court yesterday, Sunday, detained a crew member of the Fitburg vessel in a new hearing. Some of the crew remain under a travel ban,"" Lohi added. Last week, Finnish police applied to remand one crew member in custody, which the court granted on Sunday, while three others have been placed under a travel ban. The reasons for the suspect to be further detained were also upgraded from reasonable suspicion to probable cause. Fitchburg's crew consisted of a total of 14 members — who are citizens of Russia, Georgia, Kazakhstan, and Azerbaijan — and it sailed under the flag of Saint Vincent and the Grenadines. Finnish authorities took control of the vessel on New Year's Eve in the Gulf of Finland amid suspicions that the ship, which was en route from Russia to Israel, deliberately damaged a telecommunications cable by dragging its anchor along the seabed. The incident is being investigated as suspected aggravated criminal damage, suspected attempted aggravated criminal damage, and suspected aggravated interference with telecommunications. There have been a spate of similar incidents in the Baltic Sea in recent years, in which vessels are suspected of deliberately damaging underwater cables. Yle News reporter Matt Schilke compiled this report last week on the phenomenon.",https://yle.fi/a/74-20203756,"[{'label': '1 star', 'score': 0.36895832419395447}]",0
9.1. 14:31,Crime,News,"A group of middle schoolers and their teacher were injured in the fall after the temporary bridge gave way in May 2023. Western Uusimaa District Court has handed down a suspended prison term of five months to the project manager of a scaffolding firm after finding him guilty on 19 counts of aggravated negligent injury. The charges relate to the collapse of a temporary metal and plywood bridge in the Tapiola district of Espoo in May 2023. The bridge gave way as a total of 44 pedestrians were attempting to cross. The collapse led to a group of middle school teenagers suffering a range of injuries after they plunged about five metres to the ground. In its verdict on Friday, the court ruled that the defendant, aged in his late 30s, neglected his duties by approving the use of the temporary bridge, which was ordered by the City of Espoo to provide a route across Itätuulenkuja while construction work was ongoing. This approval was given although the load-bearing capacity of the bridge had not been verified in the assembly work designed and supervised by the defendant. The court noted that the bridge was assembled from parts made by different scaffolding manufacturers and did not match standard structures. Ensuring the bridge's durability was the project manager's responsibility, the verdict added. Charges against a second defendant, a supervisor with the construction company that built the bridge, were dismissed by the court on Friday. Police initially suspected eight people of crimes in relation to the incident, but the charges against six of the eight were dropped before the case came to court. The City of Espoo also avoided any charges arising from the bridge collapse. The group of middle school students, numbering about 23, as well as their teacher, suffered injuries ranging from minor to very serious as a result of the fall. Six of the teenage victims were left with permanent impairments, according to Finland's Safety Investigation Authority. All of the injured were eighth-grade students from Helsinki's Kalasatama School.",https://yle.fi/a/74-20203413,"[{'label': '1 star', 'score': 0.4910430908203125}]",0
8.1. 15:50,Crime,News,"The men were tasked with retrieving the drugs from a shipping container and hiding them in nearby woods. Helsinki District Court has sentenced two Albanian men in their 30s to prison terms of around eight years for aggravated drug offences. The court found that the men had been involved in smuggling around 45 kilograms of cocaine into Finland from Ecuador in a shipping container. The haul, which could have fetched 4.5 million euros on the street, was intercepted by Finnish Customs. After arriving in Finland on 15 September, 2025 and scouting the harbour, the men returned five days later at night in a rowboat they had found nearby. At the port, they found the shipping container and cocaine, which had been hidden inside the container's refrigeration unit. According to the men, they had each been promised 10,000 euros in their home country for travelling to Finland, retrieving the drugs, and hiding them in the forest. Someone else was to take the stash from there. The district court's verdict can still be appealed. In a similar case, the district court recently sentenced two Swedish men to nearly eight years in prison. They had received a 44-kilo shipment of cocaine smuggled from Colombia at Vuosaari Harbour last May.",https://yle.fi/a/74-20203213,"[{'label': '1 star', 'score': 0.35924622416496277}]",0
31.12. 16:35,Crime,News,"The 16-year-old boy stabbed three 14-year-old girls at the  Vähäjärvi School in Pirkkala in May. The Pirkanmaa District Court on Wednesday convicted a 16-year-old male of three counts of attempted murder in connection with the school stabbings in Pirkkala this past spring. However, a psychiatric evaluation carried out previously found that the teen was not criminally responsible, meaning he did not understand his actions or their consequences. Public health authority THL has ordered him into involuntary psychiatric treatment. As a result, the defendant was not sentenced to punishment. He was, however, ordered to pay some 39,600 euros to the three victims. According to police, before the attack, the boy carried out hundreds of searches using artificial intelligence, including queries about stabbing the neck and heart, and about human anatomy. He also searched for information on mass killings, school shootings, police procedures, concealing evidence, manifestos, and how to commit crimes. In addition, he wrote a manifesto in Finnish and English, saying that his motive was a desire to do something significant and to bring excitement into his life. He also said he wanted to be sent to prison for two to four years.",https://yle.fi/a/74-20202123,"[{'label': '1 star', 'score': 0.352551132440567}]",0
26.12. 13:28,Crime,News,"Helsinki District Court imposed an enhanced travel ban on all three suspects. They are still under investigation by the National Bureau of Investigation (NBI). Helsinki District Court has released three men suspected of financing a terrorist group. Two of the suspects were released last Friday and the third on Tuesday this week. However, the District Court has imposed an enhanced travel ban on the men, who are aged 47, 57 and 58. That usually means monitoring with electronic ankle bracelets and required periods of time when the suspect must remain home. Last month, the district court remanded the men on suspicion of financing a terrorist group. According to Yle sources, the men are suspected of having provided financial support to the Kurdistan Workers' Party (PKK). The PKK is an armed group that has sought self-rule for the Kurds. It has been designated as a terrorist organisation by the EU, the US, Turkey and others. Last May, the PKK said that it had disbanded. During Finland’s Nato accession process, Turkey repeatedly demanded that Finland hand over individuals that Ankara suspected of PKK involvement. In late 2022, Helsinki police banned the display of flags representing the PKK and related organisations. According to the National Bureau of Investigation (NBI), the suspected crimes began in Helsinki in 2023 and continued until early November this year. The District Court's remand decisions were based crimes suspected to have occurred in early November. The 58-year-old suspect is registered as a resident of Imatra, while the 47-year-old’s address is in Sipoo. The 57-year-old’s address is unknown. According to Helsingin Sanomat, the men are of Kurdish origin. The NBI is still continuing to investigate the suspected terrorist crimes. It says that the preliminary investigation has been ongoing since the beginning of the year. The head of the investigation, Senior Detective Superintendent Mikko Laaksonen, declined to comment on any details of the investigation to Yle. The men were detained during a late-night traffic stop in Ruokolahti, South Karelia, in early November. Around the same time, the Kurdish Democratic Society Centre (NCDK Finland) said that police had raided its community centre in eastern Helsinki. The NBI froze their assets in mid-December, except for funds for essential expenses such as food, housing and healthcare.",https://yle.fi/a/74-20201502,"[{'label': '1 star', 'score': 0.27708131074905396}]",0
23.12. 13:15,Crime,News,"The case dealt with one of the biggest drug smuggling operations Finland has ever seen. Helsinki's Court of Appeal on Tuesday handed down new verdicts in a drug case related to the Swedish criminal gang Dödspatrullen. The appeal court reviewed the case of 12 of the defendants in the sprawling case heard last year by the city's district court. The higher court increased the prison terms of five of the defendants found guilty of aggravated drug crimes to a sentence of up to 13 years. The court also extended the sentences of two other defendants. Deviating from the district court's decision, the appeal court found that seven of the defendants had committed several crimes, particularly for importing the drugs. The district court convicted 10 defendants of single counts of aggravated drug offenses, and convicted two defendants of aggravated money laundering. The lower court handed most of those defendants 10-year prison terms. The case dealt with one of the biggest drug smuggling operations Finland has ever seen.",https://yle.fi/a/74-20201337,"[{'label': '1 star', 'score': 0.5042056441307068}]",0
19.12. 13:00,Crime,News,"Police were trying to clear away environmental protesters from a busy street at rush hour in downtown Helsinki on an October afternoon more than five years ago. The Helsinki Court of Appeal has fined three city police officers for pepper spraying demonstrators at an environmental protest in the capital on 3 October 2020. The officers were trying to clear away the Elokapina (Extinction Rebellion) protesters blocking a busy thoroughfare in the Kaisaniemi district during rush hour. Some of the protesters had locked themselves together and onto objects they had taken to the demonstration. Police officers initially tried other methods of removing the protesters, but managed to clear the area after deploying the pepper spray. The appeal court upheld the district court's decision to fine the leading officer for approving the use of pepper spray. The appeal court's decision also found two other officers guilty of negligent breach of duty in the case. The appeal court found that while the officer in charge had ordered the use of pepper spray, it said the other officers had the opportunity — and obligation — to independently consider whether the situation called for using pepper spray. The appeal court fined all three of the officers, but otherwise did not change the district court's decision. In the district court trial, the prosecutor had initially demanded that seven officers should face penalties for their involvement in the incident. However, the district court dismissed the charges against four of the officers.",https://yle.fi/a/74-20200782,"[{'label': '1 star', 'score': 0.4897283613681793}]",0
15.12. 12:54,Crime,News,"Australian police suspect that Sunday's mass shooting was a targeted antisemitic attack. Following a deadly shooting attack on attendees at a Hanukkah event in Sydney, Australia over the weekend, the Helsinki Police Department has raised the security alert level in the capital. Australia saw its worst mass shooting in nearly three decades on Sunday by Sydney's famous Bondi Beach. According to local police, a father-and-son duo opened fire on people attending the Jewish event, described by officials as a targeted antisemitic attack. More than 1,000 people were taking part in the event at the time. As of Monday, the Australian attack's death toll stood at 15, according to news agency Reuters, citing local authorities. While authorities in Helsinki confirmed that the police department has raised its preparedness level, they did not offer details about those efforts. ""We have taken note of the events [in Australia] and raised our alert level,"" Helsinki Police Chief Inspector Jari Kaikko said. Police in Stockholm, Sweden, have raised security details at synagogues and Jewish schools, according to the country's public broadcaster, SVT. ""I don't want to go into details, but this is exactly the type of activity in question,"" Kaikko said. Police in Turku have also raised security levels in the southwestern city. According to an Yle journalist in Turku, officers were seen in an unmarked police car parked by the city's synagogue. ""This is a sad event, and even though it happened on the other side of the world, information about things like this spreads like wildfire,"" Kaikko said.",https://yle.fi/a/74-20199804,"[{'label': '1 star', 'score': 0.5022971630096436}]",0
13.12. 16:46,Crime,News,"The former rapper spent about eight years in Finland, during which time he accumulated an extensive record of violent crimes. Ex-rapper and convicted rapist Milan Jaff has been deported from Finland, the tabloid Iltalehti reported on Friday evening. He was flown back to Iraq on Monday night. Chief Inspector Simo Kauppinen, Head of the Aliens Affairs Unit of the Helsinki Police, confirmed to Yle that a return flight to Iraq left Finland that night. He said it was a joint Nordic return flight carrying several people from different countries who had been issued deportation orders, but declined to reveal the identity of anyone on board. ""The flight arrived successfully,"" Kauppinen said. The Finnish Immigration Service (Migri) ordered Jaff to be deported from Finland in September. Jaff was also indefinitely banned from entering the entire 29-nation Schengen area and the 27 member states of the European Union. Jaff spent about eight years in Finland, during which time he accumulated an extensive criminal record. He arrived in the country in 2017 as a minor. Two years later, he was convicted of robbery, home invasion and other offences. In 2022, the Helsinki District Court sentenced Jaff, then aged 22, to 10 years in prison for a string of violent and drug crimes. The court declared that Jaff was the leader of an organised criminal group known as the Kurdish Mafia. His rap sheet includes assault, rape and attempted murder. While in prison, he was the victim of serious assault in 2023. Jaff was released from prison in August but immediately taken back into custody.",https://yle.fi/a/74-20199609,"[{'label': '1 star', 'score': 0.4251783788204193}]",0
11.12. 09:59,Crime,News,"The former Finns Party politician was recently found guilty of assault, making unlawful threats and various firearms offences in relation to a late-night incident at a karaoke bar in April 2024. Member of Parliament Timo Vornanen has resigned from his position as a senior constable with the Eastern Finland Police Department. Vornanen had taken leave from the force when he was elected to parliament in spring 2023. In a Facebook post, the politician explained that he made the decision to quit after his lawyer informed him the department was preparing to dismiss him. ""Now, at this point, after all these years, I feel it is better to leave the organisation on my own initiative rather than through dismissal,"" Vornanen wrote in the post, referrring to the 30 years he had served on the force. The resignation comes into effect from 1 January 2026. Helsinki District Court found Vornanen guilty last week of assault, making unlawful threats and various firearms offences in relation to a late-night incident outside a karaoke bar in April 2024. He was handed an eight-month suspended prison sentence and also ordered to pay 17,000 euros in compensation. He was ejected from the Finns Party in the aftermath of the incident, but he remains in parliament as an independent. Vornanen has indicated his intention to appeal the court's verdict.",https://yle.fi/a/74-20199118,"[{'label': '1 star', 'score': 0.3719422519207001}]",0
29.1. 10:57,Technology,News,"Benefits agency Kela and the Finnish Tax Administration also have plans to switch to US-based cloud storage. Finland's Ministry of Justice is considering halting its plans to start using US-hosted cloud services, according to news group Uutissuomalainen (USU). The reason is the changing geopolitical situation. Given the increasingly uncertain relationship with the US, some European countries have started to wonder whether relying on US technology providers is a good idea. For example, it was reported this week that France plans to stop using US-based Microsoft Teams and Zoom apps for video conferencing, replacing them with a domestically developed platform. According to EuroNews, the move is part of France's strategy to stop using foreign tech vendors — especially ones from the United States. Finnish MEP Aura Salla (NCP) has warned of risks that if it decided to, the US has the ability to cut Europe off from American web services, according to Svenska Yle, the public broadcaster's Swedish-language news outlet. Earlier this week, Salla, who was formerly Meta's Public Policy Director and Head of EU Affairs, issued a press release warning about such risks. It was published by the news agency STT. Besides the justice ministry, benefits agency Kela and the Finnish Tax Administration also plan to use US-based cloud storage. In an Yle article published on Monday, Finnish cybersecurity expert Petteri Järvinen lamented that Europe has left its information systems at the mercy of American companies. The Ministry of Justice has been planning to shift all of its data concerning candidates, voters and vote counting to US-based Amazon Web Services. The ministry is due to make a final decision about the matter in the spring, according to USU.",https://yle.fi/a/74-20207138,"[{'label': '1 star', 'score': 0.3194388151168823}]",0
15.9. 15:32,Technology,News,"Finnish prosecutors have filed charges against a US citizen over his suspected involvement in the extortion of patients at the Vastaamo psychotherapy centre. Less than a week after hacker Aleksanteri Kivimäki was released by the Helsinki Court of Appeal, prosecutors have filed new charges in the Vastaamo psychotherapy centre case. The Prosecutor's Office says the new suspect is a 28-year-old foreign national. Swedish-language broadcaster Svenska Yle reports that he is an American living in Estonia. He has been charged with aiding an attempted aggravated extortion. Patients received emails demanding payment in cryptocurrency to prevent their medical records from being leaked online. Police linked him to the case by tracing bitcoins. In a sting operation, the National Bureau of Investigation (NBI) followed the payments and found that some went to an account held by Kivimäki, and some to an account the suspect could access. According to the prosecutor's statement, the attempted aggravated extortion took place between 28 September and 23 October 2020. The suspect denies the charges. After a lengthy trial at Helsinki District Court, Kivimäki was handed a six-year and three-month prison sentence in April 2024 for charges related to the hacking of psychotherapy centre Vastaamo's patient database Kivimäki was convicted of an aggravated data breach offence, nearly 9,600 counts of aggravated invasion of privacy related to the dissemination of information, more than 21,300 counts of attempted aggravated extortion and 20 counts of aggravated blackmail.",https://yle.fi/a/74-20183023,"[{'label': '1 star', 'score': 0.5771379470825195}]",0
6.8.2025 12:22,Technology,News,"Grok is an AI chatbot developed by Musk's company xAI. Tech billionaire Elon Musk shared a post on social media platform X earlier this week, which claimed that his company's AI chatbot Grok was the number one most downloaded app in Finland. The claim was initially posted by the 'Tesla Owners Silicon Valley' account, and re-posted by Musk to his 223 million followers. Musk added that Grok ""might have a shot of #1 app worldwide this week"" to his post. However, the app itself denied the claim that it was the most downloaded in Finland — noting that the top positions in Finland's download charts are held by Vinted, Dott and Chat GPT. When asked for further explanation, the chatbot responded that the claim may have been a ""humorous exaggeration"". Grok is an AI chatbot developed by xAI, Musk's own AI company. According to news agency Reuters, the company plans to open source Grok version 2 next week.",https://yle.fi/a/74-20176140,"[{'label': '1 star', 'score': 0.30967965722084045}]",0
23.1. 13:19,Foreign policy,News,"Military officials from Germany and the Netherlands have also since departed Greenland. Two Finnish liaison officers have concluded their fact-finding mission in Greenland, according to information obtained by Yle. Yle's source said that the officers would be heading back to Finland by the end of this week. Finland sent the officers to Greenland last week, following a request from Denmark to carry out a multinational military mission in the region. Denmark made the move as US President Donald Trump's threats to annex Greenland continued to escalate. Apart from Finland, the countries sending military personnel to Greenland included France, Germany, Sweden, Norway, the Netherlands and the UK. The US was also invited to take part. So far, military officials from Germany and the Netherlands have since departed Greenland. Trump has repeatedly claimed the US needs to seize control of the semiautonomous island because it does not believe Denmark, which holds the territory, is capable of defending it. Denmark and Greenland began negotiations with the United States about 10 days ago, but the exact content of those talks has not been made public. As Finland announced that it was sending two officers to the region, Defence Minister Antti Häkkänen (NCP) said the move was not a message to members in the Nato military alliance, but rather a broader announcement to the world regarding European allies' commitment to security in the Arctic. The move appeared to frustrate Trump, and he threatened punitive tariffs on the participating countries. However, on Wednesday, the American president said that he was calling off the threatened tariffs. In another reversal, Trump has also said that the US will not follow through on his perceived threats that the US could take Greenland by force. After meeting with Nato's Secretary General, Mark Rutte, Trump announced on his social media channel Truth Social that he and Rutte had ""formed the framework of a future deal with respect to Greenland"" — as well as the Arctic region.",https://yle.fi/a/74-20206091,"[{'label': '1 star', 'score': 0.2932804822921753}]",0
19.1. 14:19,Foreign policy,News,"The body does not include Palestinian representatives, while Israel says it has not approved the council proposed by Donald Trump. Finnish president Alexander Stubb has been invited to join what Donald Trump calls an executive board for Gaza, according to the Finnish president's office. The news arrived shortly after Trump said Finland was among the countries facing possible new export levies to the United States. The board is meant to implement Trump's proposed peace plan between Israel and Gaza and to oversee the territory's reconstruction. Russia said on Monday that President Vladimir Putin had also been invited to the group. Palestinians, however, are not represented on the council, and Israel has stated that it has not approved the body proposed by Trump. The council's creation forms part of the ceasefire agreement between Israel and Hamas. The United States announced last week that the truce had entered its second phase. Among those named to the new administrative body are US secretary of state Marco Rubio, special envoy Steve Witkoff, Trump's son-in-law, Jared Kushner, former UK prime minister Tony Blair, and several businessmen. Helsingin Sanomat was the first to report the news of Stubb's invitation.",https://yle.fi/a/74-20205158,"[{'label': '1 star', 'score': 0.3616369068622589}]",0
31.7.2023 14:00,History,News,"The wreck's tanks contain around 100,000 litres of light fuel oil. Experts from the Finnish Border Guard and the Finnish Heritage Agency are examining the wreck of the Finnish ship Ilmarinen — which sank in 1941 — for a possible oil recovery operation, the Finnish Environment Institute reported. The wreck's tanks, which are sitting at the bottom of the Baltic Sea, are estimated to contain around 100,000 litres of light fuel oil. If the operation is decided upon, it will be put out to tender and carried out during 2024. The coastal defence ship Ilmarinen was active during the Winter and Continuation Wars. It struck a mine in 1941, sinking with a loss of 271 sailors' lives. The wreck lies partially sunk in the mud at a depth of about 80 metres. The Ilmarinen was the flagship of the Finnish Navy from 1933 until its sinking in 1941. The wreck was found in 1990. The wreck site is classified as a war grave, which has been taken into account for the preliminary study and any subsequent oil recovery operation. Last week, investigators pulled the bow ramp of the passenger ferry MS Estonia from its wreck, which is roughly 15 km from the site of the Ilmarinen wreck.",https://yle.fi/a/74-20043164,"[{'label': '1 star', 'score': 0.3040526509284973}]",0
10.6.2023 12:41,History,News,"The average age of veterans who served in Finland's wars is 97. The association for frontline veterans said it was staging its final meeting on Saturday, when it will terminate operations. The association's chair, Matti Louekoski, said the advanced age of its members contributed to operations coming to an end. Today with an average age of 97, veterans are generally unable to participate in the group's meetings and other organisational activities. The Tammenlehvä Heritage Association will now take over veteran advocacy and matters related to preserving the legacy of Finnish veterans. In 2020, the Finnish War Veterans Federation said the majority of surviving veterans were now female, with Finland's last vet expected to survive until 2036. Would you like a roundup of the week's top stories in your inbox every Thursday? Then sign up to receive our weekly email.",https://yle.fi/a/74-20036108,"[{'label': '1 star', 'score': 0.37687554955482483}]",0
4.2. 15:20,Politics,News,"Mikko Polvinen was suspended from the Finns Party's parliamentary group in October after voting against the government, and now says he will not apply for re-admission. MP Mikko Polvinen looks set to be expelled from the Finns Party after announcing he does not intend to re-apply to the party's parliamentary group. Polvinen was temporarily suspended from the parliamentary group in October after voting against the government in parliament over plans to end the provision of emergency services during the night at a hospital in the town of Oulaskangas, about 100 kilometres south of Oulu. Polvinen represents the Oulu electoral district, which includes the Oulaskangas municipality. The party leadership had previously warned Polvinen about his voting behaviour. In a post on Facebook, the politician wrote that he discussed his plans with the Finns Party's parliamentary group chair Jani Mäkelä, who informed him that such a move would, in practice, mean expulsion from the party.",https://yle.fi/a/74-20208335,"[{'label': '1 star', 'score': 0.34368640184402466}]",0
23.1. 16:34,Politics,News,"Suspicions of harassment and inappropriate behaviour within the SDP's parliamentary group came to light when MP Ville Merinen spoke about the alleged incidents in a recent Yle documentary series. Social Democratic Party (SDP) MP Kim Berg has apologised for making inappropriate comments in front of female members of his party. ""I apologise for carelessly saying something that has offended someone who was listening. I will learn from this,"" Berg wrote in a Facebook post. Suspicions of harassment within the SDP first surfaced when Berg's party colleague Ville Merinen discussed the alleged incidents in an Yle documentary series called Vallan algoritmi (roughly translated as 'The Algorithm of Power'). Merinen said that he has not dared to reveal to the public how MPs treat their assistants. Tabloid Ilta-Sanomat reported on Thursday that four out of five harassment cases linked to the SDP parliamentary group involve current SDP Members of Parliament. Three of these cases, the paper wrote, relate to an incident at a social event held by the SDP's parliamentary group in Vantaa in the summer of 2023. According to IS, Berg asked several female staff members of the parliamentary group if they had experienced harassment and, if not, whether they would like to be harassed. In a separate Facebook post, written on Thursday, Berg said that he finds it ""truly unreasonable to be publicly accused of harassment because of one poor choice of words"". Berg also denied to the paper that he made such a remark, and he re-iterated this denial in an interview with Yle. ""The claim that I would have suggested harassment to several women at the afterparty is not true,"" Berg told Yle.",https://yle.fi/a/74-20206175,"[{'label': '1 star', 'score': 0.3709680140018463}]",0
14.1. 13:12,Politics,News,"Prime Minister Petteri Orpo says social media prevents children and young people from getting enough exercise. Prime Minister Petteri Orpo (NCP) has identified social media as a major factor behind insufficient physical activity among children and teens. ""Screen time is directly linked to how much our children and young people move and engage in hobbies,"" Orpo said at an event organised by the Finnish Olympic Committee. Globally, Australia became the first country to ban social media for all under-16s. Several European countries are considering similar measures. Norway and Denmark are among those planning restrictions for kids under 15. Speaking at the mobility-focused summit on Wednesday, Orpo said he supports banning social media use for those under 15, citing screen time as one of the biggest obstacles to kids moving more. ""I am deeply concerned about the lack of physical activity among children and young people, and the fact that it is increasing,"" he said. Helsingin Sanomat also reported Orpo's remarks.",https://yle.fi/a/74-20204220,"[{'label': '1 star', 'score': 0.32554224133491516}]",0
26.9. 18:58,Immigration,News,"The situation in Syria has remained uncertain since the Assad regime collapsed late last year. The Finnish Immigration Service (Migri) has resumed processing of asylum applications from Syrians. Those applications have been in limbo since December due to dramatic changes in the security situation in Syria. Migri said on Friday that it had begun conducting asylum interviews again for all permit categories last month. Asylum seekers whose applications are approved may be granted either refugee status, subsidiary protection or residence permits on other grounds. Those receiving negative decisions are generally given 30 days to leave Finland voluntarily. Those who do not do so may be removed from the country by police, Migri warns. Syrians may be eligible for assisted voluntary return or return assistance provided by wellbeing services counties, it notes. This may include travel and relocation costs, expenses related to obtaining travel documents and a discretionary return assistance of up to 1,187 euros for individual or 2,374 euros per family. If a large number of people choose to return to Syria voluntarily, Finnish officials may arrange a charter flight, says Migri. The situation in Syria has remained uncertain since the dictatorial Assad regime fell on 8 December 2024 after more than half a century in power and 14 years of civil war. That followed a lightning offensive by an Islamist rebel group called Hayat Tahrir Al-Sham (HTS) led by Ahmed Al-Sharaa, who is now Syria’s president. On Thursday, he became the first Syrian leader in nearly 60 years to address the UN General Assembly. HTS, which was linked with al-Qaeda, has been designated as a terrorist group by the UN, the US, the UK and others. There are also still other armed groups operating in various parts of Syria.",https://yle.fi/a/74-20185283,"[{'label': '1 star', 'score': 0.40820178389549255}]",0
13.8. 09:14,Culture,News,"A debate is erupting around Islamic face coverings in Finland's educational institutions. Finland's Minister of Social Security, Sanni Grahn-Laasonen (NCP), has spoken out on social media against the wearing of burkas and niqabs in schools. Posting on X, she said face coverings do not belong in schools. ""Burkas and niqabs — scarves and veils covering the face — are not suitable for school. Children should be allowed to be children and live freely in Finnish society,"" the minister wrote. She described the issue as one of equality, children's rights and safety, and also addressed the broader use of headscarves, calling it ""a difficult question of religious freedom."" Burkas and niqabs are worn in some Islamic communities for religious and cultural reasons. ""We have to have the courage to talk about how we protect women from oppressive religious cultures and work to ensure that no one in Finland has to cover their face,"" Grahn-Laasonen stated. Last month, Finance Minister Riikka Purra (Finns) called for a total ban on burkas, niqabs and headscarves, especially in schools. This followed a proposal, put forward by 15 Finns Party members last year, calling for a complete ban on face coverings in public places. The move would effectively mean a ban on the wearing in public of the burka — a traditional garment worn by some Muslim women that covers the face and body — as well as the niqab, a veil for the face that leaves the area around the eyes clear. Reacting to Purra's comments, Education Minister Anders Adlercreutz (SPP) told Helsingin Sanomat that while face-coverings can be taken up in schools from a safety and identification perspective, he does not support legislative measures on the matter.",https://yle.fi/a/74-20177195,"[{'label': '1 star', 'score': 0.2893756628036499}]",0
2.1. 11:13,Nature,News,"Finland began allowing the hunting of wolves once again from New Year's Day due to concerns about their growing numbers. The year-round protection of wolves from hunting in Finland was lifted on New Year's Day, as a controversial update to the country's Hunting Act went into force. By 7pm on the first day of the new rules, 12 wolves had been killed in different parts of the country, according to the Finnish Wildlife Agency’s updated quota tracker. Finland's parliament voted in December in favour of lifting the year-round ban on the hunting of wolves, which has mostly been in effect since 1973, due to concerns about their growing numbers. There were about 430 wolves in Finland in 2024, according to estimates from the Natural Resources Institute Finland (Luke). ""The government takes seriously citizens' growing concerns regarding wolves and large carnivores,"" Minister of Agriculture and Forestry Sari Essayah (CD) said at the time. The new law means that wolves may now be hunted during periods designated by the government. This year, the protection period runs from 11 February to 30 November. Outside of those dates, the animals may be hunted based on regional quotas — with the total quota for this year set by the agriculture ministry at 65. Jörgen Hermansson from the Southwest Finland Wildlife Agency told Yle that hunting in a particular region will cease as soon as the quota is reached. ""The aim of hunting is to reduce the wolf population in a controlled manner. Removing entire packs makes it manageable and allows us to anticipate what kind of effects the removal of packs will have on the population,"" Hermansson explained. In November, Finland’s independent Council of Regulatory Impact Analysis sharply criticised the government's drafting of the wolf-hunting legislation, saying the process bypassed regular procedure and failed to carry out an impact analysis.",https://yle.fi/a/74-20202287,"[{'label': '1 star', 'score': 0.3014008700847626}]",0
17.12. 11:21,Nature,News,"The Council of Regulatory Impact Analysis had sharply criticised the government's handling of the wolf-hunting legislation. Finnish Parliament has approved an amendment to the Hunting Act to allow hunting of wolves for population management purposes. MPs approved the legislative change by a broad margin of 135–35. In Tuesday's vote, 45 MPs from opposition parties voted with the government, including 24 from the SDP and 18 from the Centre Party. The law loosens the protection of wolves so that they are no longer protected all year round. Wolves may now be hunted during periods designated by the government. The Ministry of Agriculture and Forestry will set annual regional hunting quotas. The law takes effect in less than two weeks, on 1 January. The initial goal is to allow the hunting of 65 wolves at that point. In May, the European Parliament changed the EU's Habitats Directive, shifting the wolf from being a strictly protected species to a protected one. In late November, Finland’s independent Council of Regulatory Impact Analysis sharply criticised the government's handling of the wolf-hunting legislation, saying it bypassed regular procedure and failed to carry out an impact analysis. Earlier this week, the Administrative Court revoked permits to shoot wolves and lynx in three nature reserves. In January, the state forest agency Metsähallitus granted permits allowing the killing of three wolves and two lynx in the areas of the Olvassuo, Värriö and Pisavaara conservation areas. The Administrative Court ruled that the decision violated the Nature Conservation Act Animals may only be killed in nature reserves if they pose a threat to human safety or cause significant financial damage.",https://yle.fi/a/74-20200200,"[{'label': '1 star', 'score': 0.33532094955444336}]",0
30.11. 16:41,Nature,News,"Chinese fast fashion is creating headaches for Finnish recycling operators. People in Finland are ordering increasing amounts of goods that are virtually impossible to reuse or recycle. Aki Honkanen, project manager at Lounais-Suomen Jätehuolto Oy, said the waste management company began seeing growing quantities of cheap Chinese clothing about a year ago. ""They are often unused. Some even still have price tags,"" he noted, saying they decided not to pass these textiles on for reuse. ""Yes, we know it doesn't make much sense that we have to send these items straight to the incinerator. The quality is so poor. The fibers can't be recycled because they are mixed."" Finns' enthusiasm for buying goods from Chinese online stores shows no sign of slowing. In October, the head of Finnish Customs told Yle that authorities simply do not have the capacity to monitor the trade. According to Customs, 28.2 million shipments arrived in Finland from outside the EU in 2024. Two years earlier, in 2022, the number was a mere 850,000. Chinese online retail giants like Temu and Shein rapidly captured the attention of European consumers a few years ago. Finnish authorities have taken notice. The Ministry of Economic Affairs and Employment recently set up a working group to examine the problems associated with cheap imports. The concerns include weak consumer protections, environmental impact and the competitiveness of domestic online retailers. The capital region's second-hand Kierrätyskeskus centre gets 17,000 kilos of clothing each week. About 100 kilos of that comes from Chinese discount retailer Shein. While Miia Podworsky of Kierrätyskeskus described that quantity as relatively small, she pointed out that unused goods still represent a cost. At the recycling centre, about one trolley of Shein clothing is sent directly to waste each week. None of it is put up for resale.",https://yle.fi/a/74-20197015,"[{'label': '1 star', 'score': 0.6156590580940247}]",0
27.10. 16:38,Nature,News,"Saimaa ringed seals are among the most endangered seals in the world. The number of Saimaa ringed seals in Finland is continuing to grow, according to Metsähallitus. The population estimate for the rare mammals this year stands at 530 individuals, according to the natural resource management enterprise. In 2024, the seal population was estimated at 495 individuals. Saimaa ringed seals are among the most endangered seals in the world. The population estimates are based on the number of individuals observed during the month of January, a count which does not include pups born in the spring. In a press release, Metsähallitus noted that the figures are based on population counts in nests and other monitoring of the animals. It said that Saimaa ringed seal populations continue to grow rapidly in the Puruvesi and Suur-Saimaa lakes in Eastern Finland. However, the situation in the northern part of Lake Saimaa is concerning, according to Metsähallitus.",https://yle.fi/a/74-20190679,"[{'label': '1 star', 'score': 0.43125343322753906}]",0
6.1. 10:40,Health,News,"Authorities have not reported any cases of illness linked to the recall so far. Nestlé Finland is widening the scope of its recall of infant formula, according to the Finnish Food Authority. In December, Nestlé announced a precautionary withdrawal of a specific batch of its NAN Sensilac 1 (800g) infant formula powder. Subsequent investigations found that a minor oil-based ingredient used in the product may have been contaminated with cereulide, a toxin produced by the strain Bacillus cereus. The recall applies to the following products and batches. According to the Finnish Food Authority, no cases of illness linked to the recall have been reported to date. Nestlé advises consumers to contact healthcare services if babies have consumed the affected batches and show sudden symptoms. The batches in question were introduced to the market in 2025 and have been sold widely through grocery retailers in Finland.",https://yle.fi/a/74-20202778,"[{'label': '1 star', 'score': 0.3843015432357788}]",0
2.1.2025 9:17,Food,News,"More than half of all respondents said they would not reduce consumption of processed meat products. Nearly one in four Finns plans to reduce their processed meat intake, according to a new poll for the Uutissuomalainen news group. More than half of respondents said that they did not plan to reduce their consumption of these products. Women were more likely than men to say that they plan to eat less processed meat. Processed meat is defined as a meat product that has been smoked or salted or that contains added nitrates to improve shelf life or flavour. According to Finland's new nutritional guidelines people should eat as little processed meat as they can. The poll was conducted by Tietoykkönen between 4 and 11 December. They interviewed a thousand people and the margin of error in the poll is +-3.1 percentage points. Users with an Yle ID can leave comments on our news stories. You can create your Yle ID via this link. Our guidelines on commenting and moderation are explained here.",https://yle.fi/a/74-20134445,"[{'label': '1 star', 'score': 0.3089888393878937}]",0
2.1.2025 9:17,Food,News,"More than half of all respondents said they would not reduce consumption of processed meat products. Nearly one in four Finns plans to reduce their processed meat intake, according to a new poll for the Uutissuomalainen news group. More than half of respondents said that they did not plan to reduce their consumption of these products. Women were more likely than men to say that they plan to eat less processed meat. Processed meat is defined as a meat product that has been smoked or salted or that contains added nitrates to improve shelf life or flavour. According to Finland's new nutritional guidelines people should eat as little processed meat as they can. The poll was conducted by Tietoykkönen between 4 and 11 December. They interviewed a thousand people and the margin of error in the poll is +-3.1 percentage points. Users with an Yle ID can leave comments on our news stories. You can create your Yle ID via this link. Our guidelines on commenting and moderation are explained here.",https://yle.fi/a/74-20134445#comments,"[{'label': '1 star', 'score': 0.3089888393878937}]",0
30.12.2024 17:32,Food,News,"The outbreak was linked to oysters from the Netherlands, France, Ireland and Spain. Roughly 105 people in Finland's capital reported food poisoning-related symptoms after eating oysters in November-December, according to the Helsinki Food Safety Unit. The cases are linked to oysters from the Netherlands, France, Ireland and Spain, and have occurred at 19 restaurants and outlets, the City of Helsinki in a statement published on Monday. City officials reported that norovirus has been detected in some oyster samples as well as in patient samples. The first reports of food poisoning emerged in December. No new cases have been reported to the city's Environmental Services, indicating an end to the outbreak, the statement said. The City of Helsinki also cautioned that raw oysters always carry a risk of infection, even though not all are contaminated. Oysters can absorb norovirus if they grow in water polluted with human faeces.",https://yle.fi/a/74-20134083,"[{'label': '1 star', 'score': 0.4489428699016571}]",0
15.8.2023 14:49,Food,News,"Finland has suffered from a macaroni shortage this summer. Store shelves will fill with macaroni soon, as machines producing pasta under the Myllyn Paras brand crank up production once again. The Hyvinkää factory owned by Lantmännen Cereal has been out of action since mid-June, causing a shortage of many pasta products in Finnish shops. A fault with a production machine meant pieces of metal could have ended up in pasta packets, and several products were withdrawn from shelves. Lantmännen Cereal says that the fault has been repaired and quality control stepped up. Now production is running around the clock to satisfy Finns' demand for the wheat-based staple. It could take a few weeks before shelves are full once again, however. The company says around a month's worth of production was withdrawn from sale. The Raketti Spagetti, Tumma Makaroni and Myllyn Paras Makaroni brands were all withdrawn from sale, causing supply issues nationwide. Macaroni is a popular ingredient for an egg and mincemeat-based pasta bake dish in Finland, macaroni casserole (makaronilaatikko). The company says it received several thousand complaints from customers during the summer-long shortage. Lantmännen Cereal country director Mikko Savinko says that the Hyvinkää factory fault was unprecedented, and apologised for the situation. ""We have done everything we can to ensure that a similar situation can never be repeated,"" said Savinko in a press release.",https://yle.fi/a/74-20045307,"[{'label': '1 star', 'score': 0.40008604526519775}]",0
11.1.2023 10:31,Food,News,"Last year also marked the first time white wines outsold reds since 2001. Finnish state alcohol monopoly Alko said on Wednesday that its sales, measured in litres, dipped by 10 percent in 2022 compared to the year before. The firm reported that customers bought a total of 80.3 million litres worth of drinks in 2022, some 9.9 percent less than in 2021. The biggest decrease was seen on wine shelves, the sales of which dropped by 11.2 percent. Another shift in the sales of the grape product was that white wines outsold red wines for the first time since 2001. Brewery product sales also fell by 10.2 percent while the amount of spirits that made it to shopping carts declined by 6.8 percent. ""The lifting of Covid restrictions has restored alcohol sales in the hospitality sector. Alcohol imports from abroad also begun to increase again. This is reflected in our sales,"" Alko's Executive Vice President Kari Pennanen said. Pennanen added that inflation had pushed up the prices of Alko's products only moderately, by some 2.3 percent on average.",https://yle.fi/a/74-20012285,"[{'label': '1 star', 'score': 0.3619106411933899}]",0
9.8.2022 15:31,Food,News,"The recall applies to Raisio Beanit umami crumb products with expiration dates of 25 and 26 August. Food firm Raisio has recalled some of its broad bean – or härkäpapu in Finnish – products due to the discovery of listeria bacteria. According to the Finnish Food Safety Agency, the recall applies to 250-gram packages of Raisio's Beanit umami crumb products with best-by dates of 25 August and 26 August 2022. The recalled products have been sold in retail stores all over Finland, and those who bought them can contact Raisio's customer service. Listeria bacteria can cause a disease called listeriosis, which may be asymptomatic or cause flu or gastroenteritis-like symptoms. However, for those in certain risk groups, the disease can be life-threatening. In recent years, broad bean products have become a popular, domestically grown plant-based protein source in Finland.",https://yle.fi/a/3-12569211,"[{'label': '1 star', 'score': 0.3091467618942261}]",0
11.1. 16:56,Travel,News,"Jari Saario was rescued by a Greek merchant ship in the South Atlantic early Sunday. He had to abandon his seven-metre rowboat, which partly filled with water after flipping over. A Finnish adventurer who was attempting to row solo from Cape Horn, Chile to Cape Town, South Africa, has been rescued after losing much of his gear in a violent storm in the South Atlantic. Jari Saario was rescued by a Greek merchant ship around 2am Sunday, some 3,000 kilometres southwest of South Africa. He had to abandon his seven-metre rowboat, which partly filled with water after flipping over. On Sunday, Saario posted a video on his Instagram account from aboard the Cymona Eagle. In the video, Saario apologised to his family, partners, and every one of his more than 200,000 social media followers. Saario describes the chain of events and the rescue operation as ""completely incomprehensible"". Saario says he is in good condition considering the circumstances, but he is very sorry for everything that happened. He also expressed thanks for all the messages of encouragement he had received. Saario is now on his way to Cape Town, from where he is to return home to Helsinki. The ship is expected to arrive there on 16 January. Saario issued a distress call on Friday evening. On Saturday morning, the Cymona Eagle was directed towards his boat and made contact with Saario. At 2:10am Finnish time on Sunday, the ship’s captain confirmed that Saario had been successfully rescued. His fibreglass boat was damaged by rough seas and could not be recovered. It was 7.3 metres long, 1.6 metres wide and 1.4 metres high. It weighed approximately 400 kilograms empty and 600 kilograms when loaded. Saario, a 53-year-old former firefighter, has previously rowed solo across the Atlantic and back. In 2023, he rowed from the Canary Islands to Antigua and back from Canada to Germany.",https://yle.fi/a/74-20203635,"[{'label': '1 star', 'score': 0.25926703214645386}]",0
6.1. 11:17,Travel,News,"Amsterdam's Schiphol airport, one of Europe's busiest hubs, has cancelled hundreds of flights. Finnair has so far cancelled one return flight to Amsterdam on Tuesday because of snow-related disruption in the Netherlands. The airline told Finnish news agency STT that the cancellation has affected the travel plans of around 600 passengers. Some travellers booked on the morning service were rebooked on a later flight. Finnair said it was not yet able to assess whether weather conditions in Amsterdam would force further cancellations in the coming days. The airline also cancelled a return flight to Amsterdam on Monday.",https://yle.fi/a/74-20202779,"[{'label': '1 star', 'score': 0.6945080161094666}]",0
11.11. 14:02,Travel,News,"The crash between a tour bus and a lorry claimed two lives, according to local media reports. A coach carrying a group of tourists, including a number of Finnish citizens, has been involved in a traffic accident in Egypt. According to local media reports, the collision between the bus and a truck occurred just north of the popular seaside resort town of Hurghada, resulting in the deaths of two people and injuries to at least 36 others. Tabloid newspaper Iltalehti reported that seven of the injured are Finnish citizens, but based on the currently available information, the two deceased passengers are not believed to be from Finland. Media outlets from other countries, including Azerbaijan and Russia, have reported that the injured passengers include 27 Russians, seven Finns, three Egyptians, and two Lithuanian nationals. Jussi Tanner, the head of consular services at the Ministry for Foreign Affairs, confirmed to Yle that a number of Finnish citizens were on board the bus at the time of the accident. He added that, based on the ministry's current understanding of the situation, the injuries sustained by the Finnish citizens are not thought to be serious. The tour coach is reported to have been travelling on a highway between Hurghada and Egypt's capital city Cairo, although its exact destination is not currently known. Many tour companies, including Finnish operators, use coaches to run excursions to other tourist destinations.",https://yle.fi/a/74-20193436,"[{'label': '1 star', 'score': 0.40131235122680664}]",0
22.10. 12:36,Travel,News,"The airline began cancelling flights last week after the seat covers on its A321 fleet were incorrectly washed with water, making them potentially less fire-resistant. Finnair has an obligation to compensate passengers for disruptions caused by the improper washing of seat covers, the Consumers' Union of Finland has said in a statement. The airline began cancelling flights last week after its A321 fleet was grounded because the seat covers were incorrectly washed with water, making them potentially less fire-resistant. Finnair said on Tuesday that it will not compensate passengers for flights cancelled because of the washing error, as in its view the situation is an ""exceptional circumstance"". According to the airline's statement, the disruption was caused by a design or manufacturing fault in the seat covers, outside of its control, and therefore it considers rebooking passengers onto alternative flights to be a sufficient response. However, the Consumers' Union disagrees with this assessment, arguing instead that Finnair is also responsible for work carried out by its subcontractors — and does not then meet the definition of an exceptional circumstance. In general, based on EU regulations, exceptional circumstances that may lead to the cancellation of a flight include decisions concerning air traffic management, political instability, poor weather conditions or security risks. ""Finnair can try to shift responsibility to subcontractors, but from the consumers' point of view, Finnair is responsible for them,"" Juha Beurling-Pomoell, the union's secretary general said. He added that Finnair can seek to recover costs caused by subcontractors from the companies themselves. In its statement, the union said passengers have the right to standard compensation amounts, which are determined based on the length of the flight and the duration of the delay. In addition, passengers may have the right to claim further compensation if they have incurred extra expenses as a result of a flight cancellation, including having to buy a new train or flight ticket, for example. If Finnair continues to stick to its position, the union added, passengers can take the matter to Finland's Consumer Disputes Board. All Points North recently looked into a turbulent year for Finnair. Listen to the episode via this embedded player, on Yle Areena, via Apple, Spotify or wherever you get your podcasts.",https://yle.fi/a/74-20189789,"[{'label': '1 star', 'score': 0.4052776098251343}]",0
19.10. 09:57,Travel,News,"The airline says it is cancelling more flights as the week begins. Finnair on Sunday said it was scrapping two round-trips on Monday: a morning service from Stockholm to Bergen and back, as well as an evening flight from Helsinki to London, which had been scheduled to return to Helsinki on Tuesday. On Sunday, the national carrier reassigned hundreds of passengers to different flights. The passenger reshuffle comes as Finnair is forced to replace its Airbus A321s with smaller planes, leaving insufficient capacity for all ticket holders. Some passengers will be rebooked on earlier or later flights. The disruption follows an unusual maintenance blunder, where the seat covers of Finnair's A321s were washed with water, potentially compromising their fire resistance. Until the covers are replaced and safety verified, the affected planes remain grounded. Finnair aims to return all eight of the sidelined planes to service over the coming week. The disruption has affected the travel plans of roughly 12,000 passengers. Edited at 4.15pm to reflect Monday's flight cancellations.",https://yle.fi/a/74-20189148,"[{'label': '1 star', 'score': 0.3958202004432678}]",0
15.10. 14:25,Travel,News,"The Finnish flag carrier cancelled eight more flights on Wednesday amid the seat-clearing saga. Finnair cancelled another eight flights on Wednesday owing to the improper washing of seat covers that grounded flights earlier this week. Wednesday's cancellations were to four destinations: Arlanda, London, Oulu and Zurich. On Monday and Tuesday, Finnair cancelled a total of about 40 flights. There may still be some individual flight cancellations in the coming days, Finnair spokesperson Suvi Aaltonen said, apologising for the inconvenience caused to customers. Danish carrier DAT is covering some of Finnair's cancelled European flights. The airline said it's uncertain about when eight of its aircraft, currently grounded, will return to service after an unusual maintenance mishap: several aircraft seats were cleaned using an improper method. ""It may sound absurd, but there are genuine safety reasons behind this,"" said Finnair's Aaltonen. The hitch occurred when the seat covers were cleaned with water. But according to new instructions from the seat manufacturer, they should be dry-cleaned instead, as the impact of water washing on the covers' fire resistance has not been properly verified. Aaltonen declined to comment on whether the seat covers that were washed with water will need to be replaced, saying Finnair is working with the seat cover manufacturer to assess different options. The All Points North podcast recently looked into a difficult year for Finnair, culminating in the Finnish flag carrier placing last in a ranking of European airlines. Listen to the episode via this embedded player, on Yle Areena, via Apple, Spotify or wherever you get your podcasts.",https://yle.fi/a/74-20188515,"[{'label': '1 star', 'score': 0.4502609968185425}]",0
11.9. 09:29,Travel,News,"The airline is asking passengers to contact them if they suspect they have experienced symptoms as a result of consuming the water. Bottled spring water served on a number of Finnair flights had been recalled by the distributor due to high levels of bacteria, and could lead to stomach problems for anyone who consumed The batch in question was labelled ""Villi Lähdevesi"" with a best before date of 11 July 2027, and had been distributed by the Central Ostrobothnia-based firm Finn Spring. In a statement, the company said that an analysis of the batch found bacterial levels which exceeded legally mandated limits. The batch was recalled, but due to a manufacturing error, some bottles made it onto certain Finnair flights. In its own statement, Finnair said that only a limited number of affected bottles were sold to passengers on the airline's flights, and the products had not been available on every route. The statement added that the batch of bottles were removed from all aircraft on Tuesday 9 September. Finnair however asked customers to contact the airline's customer service department if they suspect they have experienced stomach symptoms as a result of consuming the water. The All Points North podcast looked into a turbulent year for Finland's flag carrier. Listen to the episode via this embedded player, on Yle Areena, via Apple, Spotify or wherever you get your podcasts.",https://yle.fi/a/74-20182262,"[{'label': '1 star', 'score': 0.4888032078742981}]",0
9.2. 14:37,Transport,News,"The Finnish Transport Infrastructure Agency estimates that some 4.3 billion euros worth of repairs are overdue on Finland's railways, roads and waterways. The estimated cost of the Finnish state's backlog of needed repairs to roads, railways and waterways rose by more than 100 million euros last year. The Finnish Transport Infrastructure Agency published its latest data on Monday. The agency said that the price tag for the total backlog of repairs now adds up to almost 4.3 billion euros. That would cover the cost of fixing infrastructure that is in poor or very poor condition. It covers state-owned transport routes, not municipal streets or private roads, for instance. At the end of last year, by far the largest chunk of this ‘repair debt’ was for state roads, which the agency says need over 2.6 billion euros in maintenance. A large proportion of this is for less-used roads. The rail network needs approximately 1.6 billion euros in repairs while 29 million euros should be spent to maintain water transport routes, the agency said. The figure for waterways is virtually unchanged from last year’s report. The Finnish Transport Infrastructure Agency has updated its repair needs calculation annually since 2016, with the shortfall in needed expenditures increasing practically every year. Meanwhile Prime Minister Petteri Orpo (NCP) has vowed to push ahead with a new high-speed rail line between Helsinki and his native Turku that could cost up to four billion euros. The government’s overall state budget for this year calls for spending of just over 90 billion euros.",https://yle.fi/a/74-20209161,"[{'label': '1 star', 'score': 0.44819924235343933}]",0
30.12. 16:04,Transport,News,"At least 177 people died in traffic accidents this year, including 15 young people. The number of young people killed in traffic accidents this year was three times higher than last year, according to the Finnish Road Safety Council (Liikenneturva). The increase in the number of deaths is also significant compared to the five-year average, it said on Tuesday. Between 2020 and 2024, an average of eight young people have died annually in road accidents. Last year, five died, and this year there have been at least 15. This year began on a grim note when four teenagers died when a car plunged into a river in Nurmijärvi in early January. ""The figures indicate that for young people, cars are not only a means of transportation but also a pastime,"" Liikenneturva managing director Pasi Anteroinen said on Tuesday. ""They make decisions spontaneously and perhaps tend to seek out thrills and experiences."" Two of the under-24-year-olds who died in traffic accidents this year were using electric scooters. The number of e-scooter injuries also rose this year. Based on preliminary data, the Council said taht at least 177 people died in road traffic accidents this year. It expects that number to rise slightly when more precise statistics become available next year. According to the Council’s research manager, Marja Pakarinen, there has been little improvement in road safety over the last three years. ""We need further decisive action to reach Finland's goal of halving the number of road deaths by 2030 from the 2020 level,"" she said. ""This means reducing the number of deaths to around 100. The trend at the beginning of the decade was in the right direction. Now, reaching the goal will require a tough final push.”",https://yle.fi/a/74-20201939,"[{'label': '1 star', 'score': 0.29537057876586914}]",0
22.11. 15:49,Transport,News,"Swedish media reports suggest at least ten people have been taken to hospital as a result of the crash, which occurred on a rural road just before 9am on Saturday morning. A bus carrying dozens of passengers swerved off the road in northern Sweden on Saturday morning, leading to at least ten people requiring hospital treatment. According to Yle's sources, the bus is owned by the Finnish travel firm Saaga Travels. This information was confirmed to Yle by company spokesperson Pekka Kimpimäki. ""I don’t have more detailed information yet. We are waiting for it from the authorities,"" Kimpimäki said. He added that, as of Saturday afternoon, there is no information about the nationality of any of the passengers. The accident occurred on the E45 road between the villages of Vilhelmina and Storuman shortly before 9am local time. ""The weather conditions were challenging, but I do not have information about what caused the accident,"" Kimpimäki said. Public broadcaster SVT noted that there had been heavy snowfall in the area and the roads were extremely slippery. Local media reports suggest ten people have been taken to hospital as a result of the crash, and a further ten passengers sustained minor injuries. There have been conflicting reports in Swedish media about the number of people onboard the bus, with newspaper Expressen putting the figure at 56. ""Some media have mentioned up to 66 passengers, but the bus doesn’t have that many seats, so there couldn’t have been that many passengers,"" Kimpimäki noted, but added that he does not know the exact number. Citing emergency service sources, Swedish media has described the accident as ""serious"" and the nearby Lycksele Hospital has declared a state of emergency as it receives patients injured in the crash. Saaga Travel organises bus and taxi transport across northern Finland, with offices in Oulu and Rovaniemi.",https://yle.fi/a/74-20195623,"[{'label': '1 star', 'score': 0.44991034269332886}]",0
22.11. 14:17,Transport,News,"The most common indiscretions were missing or incomplete driver information or a failure to produce relevant permits. A spot check inspection of taxis operating out of Helsinki Airport has uncovered a wide range of violations by drivers. The inspection was jointly carried out by police, Traficom, the Tax Administration and Southern Finland's regional administrative agency (Avi). A total of 47 taxis were assessed as part of the check, with only about one third meeting the necessary requirements. In a statement, police said they issued 31 sanctions and 19 fines for violating traffic laws. The most common indiscretions were missing or incomplete driver information (38 cases), as well as a failure to produce relevant permits (15 cases). Twelve drivers were also fined for not having a required driving log, while eight taxis were missing an operating permit and three were being used without proper authorisation. The driving logs allow authorities to monitor working hours and pay, and are a legally-mandated requirement. Police sergeant Jouni Saarinen noted that, in general, the vehicles were found to be in good condition and the majority of drivers had the required permits — but 12 drivers did not have sufficient Finnish or Swedish language skills. ""In licensed transport, this should be handled better,"" Saarinen said. Traficom’s senior specialist Pasi Hautalahti commented that missing driver information affects a passenger's consumer rights, and must be addressed. The Finnish Tax Administration was also involved in the inspection amid concerns about drivers operating in the so-called 'grey economy', meaning business activities that avoid paying taxes because they are not reported to the authorities. Finland's government has sought to crack down on problems in the taxi sector, with Yle reporting in 2023 that some ranks in the capital have become territorial and even violent.",https://yle.fi/a/74-20195608,"[{'label': '1 star', 'score': 0.5422338843345642}]",0
25.6.2025 14:04,Climate,News,"The climate activist group described the Tampere demonstration as a ""mass infrastructure blockade"" to protest polluting industries. Climate activist group Elokapina held a protest outside the Naistenlahti district heating plant in Tampere on Monday. Police detained 12 people on suspicion of violating public peace, while some are also suspected of obstructing an official. In total, several dozen protesters were present at the site. Violating public order can result in a fine or a prison sentence of up to six months. Police said Elokapina protesters blocked freight access to the Naistenlahti plant. They added that the demonstration is not otherwise disrupting traffic, apart from minor impacts on pedestrian and bicycle routes. Police said Elokapina protesters blocked freight access to the Naistenlahti plant, but added the demonstration is not otherwise disrupting traffic in the area, other than minor disruptions to light traffic. Elokapina described the Tampere demonstration on its website as a ""mass infrastructure blockade"" targeting industrial facilities to protest polluting industries. Earlier this month, the climate group held a three-day protest in Helsinki demanding that the government end excessive logging, protect biodiversity, and eliminate environmentally harmful subsidies, among other actions. CEO of Tampereen Energia, Jussi Laitinen, said the protest has only a minor impact on operations at the facility. The Naistenlahti plant is currently in summer downtime, with reduced operations and around 40 employees on site. Laitinen said the company was informed of the protest a few days in advance. “We were able to prepare for it,” Laitinen said. Edit note: Article was updated at 15:52 to reflect the police's updated figures on number of detainees from the protest. Users with an Yle ID can leave comments on our news stories. You can create your Yle ID via this link. Our guidelines on commenting and moderation are explained here.",https://yle.fi/a/74-20169484,"[{'label': '1 star', 'score': 0.33408787846565247}]",0
11.6.2025 14:32,Climate,News,"The climate activist group was scheduled to march from Senate Square at 4pm on Wednesday. Climate activist group Elokapina continues its demonstration in Helsinki on Wednesday, with a march set to start at 4 pm from Senate Square. On Tuesday, the group blocked traffic on Mannerheimintie in front of the Forum shopping centre, as part of its three-day climate protest. Police said they detained 81 people on Tuesday, including four minors. All are suspected of failing to comply with a police order to leave, and some are also suspected of obstructing an official. On Monday, the first day of the protest series, police detained 160 protesters who disrupted rush hour traffic and caused public transportation delays. The climate group — the Finnish branch of the Extinction Rebellion civil disobedience movement — is demanding that the government end excessive logging, protect biodiversity, and eliminate environmentally harmful subsidies, among other actions. Users with an Yle ID can leave comments on our news stories. You can create your Yle ID via this link. Our guidelines on commenting and moderation are explained here.",https://yle.fi/a/74-20167158,"[{'label': '1 star', 'score': 0.2472166270017624}]",0
11.6.2025 14:32,Climate,News,"The climate activist group was scheduled to march from Senate Square at 4pm on Wednesday. Climate activist group Elokapina continues its demonstration in Helsinki on Wednesday, with a march set to start at 4 pm from Senate Square. On Tuesday, the group blocked traffic on Mannerheimintie in front of the Forum shopping centre, as part of its three-day climate protest. Police said they detained 81 people on Tuesday, including four minors. All are suspected of failing to comply with a police order to leave, and some are also suspected of obstructing an official. On Monday, the first day of the protest series, police detained 160 protesters who disrupted rush hour traffic and caused public transportation delays. The climate group — the Finnish branch of the Extinction Rebellion civil disobedience movement — is demanding that the government end excessive logging, protect biodiversity, and eliminate environmentally harmful subsidies, among other actions. Users with an Yle ID can leave comments on our news stories. You can create your Yle ID via this link. Our guidelines on commenting and moderation are explained here.",https://yle.fi/a/74-20167158#comments,"[{'label': '1 star', 'score': 0.2472166270017624}]",0
11.6.2025 10:06,Climate,News,"The protest is part of the climate group's global ""time to resist"" campaign. A group of Greenpeace activists climbed the clock tower at Helsinki Central Railway Station on Wednesday morning and unfurled a nine-metre banner which reads ""Time to resist"" in English. The clock tower is currently undergoing renovations, and the group used the construction scaffolding to scale the building. In a press release from the Finnish branch of Greenpeace, the group said the activists plan to remain in the tower for the duration of Wednesday morning while a separate group on the ground hands out flyers to passersby explaining the reason for the protest. Police however arrived at the scene at about 9:30am and the group removed the banner themselves before leaving the area. Greenpeace is a global network of climate activist groups, and its 'time to resist' campaign opposes the ""billionaire takeover and corporate intimidation"". ""There is a fierce attack on democracy, freedom of speech and nature,"" Greenpeace Finland activist Oona Poranen wrote in the press release. ""Rich corporate leaders, the US administration and even the energy minister and state gas company of EU member Romania are attacking environmental activists. At the same time, in Finland, political decision-makers care little about science-based decision-making, which right now seems to be leading to the logging of natural forests.""",https://yle.fi/a/74-20167060,"[{'label': '1 star', 'score': 0.3080601096153259}]",0
20.5.2025 16:07,Climate,News,"The government previously said it wanted municipalities to cover some of the costs of operating the unprofitable, environmentally-damaging routes. The Finnish government will cover the entire cost of providing flights between Helsinki and five regional airports, Minister of Transport and Communications Lulu Ranne (Finns) has announced. The announcement suggests a government u-turn on the issue, as Minister Ranne said last month — following the conclusion of budget talks — that the regional municipalities would have to shoulder at least some of the burden of paying for the flights. The loss-making and environmentally-damaging routes have been widely criticised, with Finland's airport operator Finavia calling on the government earlier this year to stop subsidising them. Finavia's statement came in the wake of an Yle investigation which revealed that a return flight from Helsinki to Kemi costs the Finnish state 8,586 euros, as ticket sales are not enough to make the flights profitable. In a post on social media platform X, Ranne wrote that the decision was made in the interests of regional vitality. The Finnish state has subsided flights to the five regional airports — Kokkola-Pietarsaari, Joensuu, Jyväskylä, Kajaani and Kemi-Tornio — since 2021, and signed an agreement with national carrier Finnair last year to continue operating them until March 2026. The objective behind providing state funding for the flights was that the routes would return to profitability in the aftermath of the Covid pandemic and support would no longer be required. However, this has not happened. An Yle analysis found that all five routes are run at a significant loss, running into millions of euros each. Users with an Yle ID can leave comments on our news stories. You can create your Yle ID via this link. Our guidelines on commenting and moderation are explained here.",https://yle.fi/a/74-20162999,"[{'label': '1 star', 'score': 0.6085633039474487}]",0
20.5.2025 16:07,Climate,News,"The government previously said it wanted municipalities to cover some of the costs of operating the unprofitable, environmentally-damaging routes. The Finnish government will cover the entire cost of providing flights between Helsinki and five regional airports, Minister of Transport and Communications Lulu Ranne (Finns) has announced. The announcement suggests a government u-turn on the issue, as Minister Ranne said last month — following the conclusion of budget talks — that the regional municipalities would have to shoulder at least some of the burden of paying for the flights. The loss-making and environmentally-damaging routes have been widely criticised, with Finland's airport operator Finavia calling on the government earlier this year to stop subsidising them. Finavia's statement came in the wake of an Yle investigation which revealed that a return flight from Helsinki to Kemi costs the Finnish state 8,586 euros, as ticket sales are not enough to make the flights profitable. In a post on social media platform X, Ranne wrote that the decision was made in the interests of regional vitality. The Finnish state has subsided flights to the five regional airports — Kokkola-Pietarsaari, Joensuu, Jyväskylä, Kajaani and Kemi-Tornio — since 2021, and signed an agreement with national carrier Finnair last year to continue operating them until March 2026. The objective behind providing state funding for the flights was that the routes would return to profitability in the aftermath of the Covid pandemic and support would no longer be required. However, this has not happened. An Yle analysis found that all five routes are run at a significant loss, running into millions of euros each. Users with an Yle ID can leave comments on our news stories. You can create your Yle ID via this link. Our guidelines on commenting and moderation are explained here.",https://yle.fi/a/74-20162999#comments,"[{'label': '1 star', 'score': 0.6085633039474487}]",0
25.1.2022 18:14,Corruption,News,"Meanwhile, the index ranked Somalia, Syria and South Sudan as the most corrupt on the list of 180 countries and territories. Finland has again ranked as one of the least corrupt countries in the world, according to the annual Corruption Perceptions Index. Every year, the index ranks 180 countries and territories by their perceived levels of public sector corruption according to experts and businesspeople. This year, the countries deemed least corrupt included Finland, Denmark and New Zealand, each of which ranked 88 out of a scale of zero to 100. Following close behind the top three were Norway, Singapore and Sweden, which shared a ranking of 85. More than two-thirds of the 180 countries and territories on this year's list scored below 50. The year's average global score remained ""static"" at 43 and since 2012, a total of 25 countries had significantly improved their rankings while 23 had significantly declined on the scale, according to the organisers. Corruption levels tend to increase in countries which are faced with armed conflict or authoritarian governments, including Venezuela (with a score of 14), Afghanistan (16), North Korea (16), Yemen (16), Equatorial Guinea (17), Libya (17) and Turkmenistan (19) This year's index found the most corrupt countries to be Somalia, Syria and South Sudan.",https://yle.fi/a/3-12286225,"[{'label': '1 star', 'score': 0.4033946096897125}]",0
4.5.2020 18:42,Corruption,News,"A Helsinki police chief was suspected of getting election funding from the same company used by the police department. No charges over suspected bribery will be laid against Juha Hakola, Helsinki Police communications director, prosecutor Anja-Riitta Rinkinen told news agency STT on Monday. Police previously suspected Hakola of receiving more than 3,000 euros in election funding from a restaurant that the police department also patronised to the tune of thousands of euros. Hakola was a National Coalition Party MP from 2007-2011. The prosecutor told STT that she deemed it unnecessary to prosecute as Hakola didn’t know that he was receiving campaign funding from the same restaurant police also used for official functions with visitors. Two other people were suspected in the bribery case; prosecutors also decided against charging them. Hakola is also a Helsinki City Councillor.",https://yle.fi/a/3-11334285,"[{'label': '1 star', 'score': 0.5511441230773926}]",0
29.1.2019 14:15,Corruption,News,"For the second year in a row, Finland ranked just behind Denmark and New Zealand in Transparency International's latest index. The index ranks 180 countries and territories by their perceived levels of public sector corruption according to experts and businesspeople, using a scale of 0 to 100, where 0 is highly corrupt and 100 is very clean. In the 2018 ranking, Denmark placed first with a score of 88/100, followed by New Zealand (87/100), and Finland (85/100). Finland's score was matched by Singapore, Sweden and Switzerland. While no country gets full marks on the index, Transparency International says that top performing countries have several democratic attributes in common that contribute to their high scores. Those mentioned include strong institutions, rule of law and high levels of economic development. As a measure of public sector corruption, the index gives higher rankings to countries where rates of bribery, diversion of public funds, conflicts of interest and other forms of corruption are perceived to be lowest within government. Yet, as Transparency International notes, that doesn’t mean that these countries are corruption-free. As an example, part of this year's review of results notes that the 50.1% state-owned Finnish defence company Patria has been embroiled in corruption scandals in Slovenia and Croatia. In 2017, Finland slipped from second place in the ranking to third due to several corruption cases and scandals. Among those were the conviction of a high-ranking Helsinki narcotics cop on bribery, corruption and drug crimes as well as corruption cases involving Nokian Tyres, defence company Patria and several asphalt firms. In politics later that year, Prime Minister Juha Sipilä was cleared of wrongdoing in two cases where he was suspected of favouring companies owned by his family members.",https://yle.fi/a/3-10619073,"[{'label': '1 star', 'score': 0.2503834664821625}]",0
30.10.2017 12:31,Corruption,News,"A former property director of the HOK-Elanto business cooperative appeared in court Monday to testify in a bribery case. The ex-boss is suspected of accepting nearly one million euros to support his daughter’s equestrian pursuits. The bribery trial of former HOK-Elanto property director Jari Leivo continued Monday with testimony from the accused. Leivo is suspected of accepting some 800,000 euros from a construction company in exchange for potential projects. Prosecutors say that the money was used for purposes such as paying stable and coaching fees and purchasing horses. Altogether 13 people are accused of bribery, but five of them face charges of aggravated bribery. The prosecutor is calling for corporate fines for four companies involved in the web of intrigue. All of the accused have denied the charges brought against them. Leivo is believed to have accepted the bribes from a construction company between 2005 and 2012 during his tenure as property director responsible for planning and constructing business premises. The ex-director has denied all of the charges. In his defence, he said that the funds he received were meant for normal sponsorship of his daughter’s competitive riding and that the money was not used for any other purpose. The defence also claimed that there was no favouritism involved and that Leivo’s employer HOK-Elanto knew about the sponsorship, a claim that the current CEO denied last week. The firm also participated in sponsoring the riding activity, a practice that began during the tenure of the previous chief executive. Leivo’s defence said that the previous CEO knew that the firm’s contractor had been sponsoring Leivo. They further argued that the employer’s tacit acceptance of the practice also caused Leivo to assume that it was acceptable. Sources: Yle, HS, Savon Sanomat",https://yle.fi/a/3-9907570,"[{'label': '1 star', 'score': 0.5412296652793884}]",0
15.5.2025 14:32,Environment,News,"According to Dam Removal Europe, Finland dismantled a record 138 river barriers last year, leading the continent in efforts to free up rivers for migratory fish and other wildlife. A record number of river migration barriers were dismantled in Europe last year. Finland saw the most removals, said the environmental group WWF, based on the Dam Removal Europe 2024 report published on Thursday. Besides the WWF, the Dam Removal Europe consortium includes NGOs such as the Nature Conservancy, the European Rivers Network, Rewilding Europe and Wetlands International. More than 500 riverine obstacles were removed or bypassed. Of these, 138 were located in Finland. France came in second, with 128 obstacles removed. Altogether European rivers are fragmented by more than 1.2 million barriers, including dams, weirs and culverts, the consortium said. ""With each barrier that is removed, tens or even hundreds of kilometres of habitat can be freed up for endangered migratory fish and other riverine species. This is a record we can be truly proud of,"" Sampsa Vilhunen, director of WWF Finland's Marine and Inland Waters Programme, said in a statement. The record number of removals of migration barriers is in line with the EU Restoration Regulation's goal of restoring at least 25,000 kilometres of free-flowing rivers, the WWF said. Finland still has about 250 hydroelectric plants. In recent years, they have provided between 15 and 25 percent of the country's electricity, according to state-owned sustainable development consultancy Motiva.",https://yle.fi/a/74-20162013,"[{'label': '1 star', 'score': 0.32403069734573364}]",0
7.6.2023 10:47,Environment,News,"The case was brought after the last government's final climate report. The Supreme Administrative Court has dismissed a case brought by environmentalists over the government's reporting of climate targets and measures to achieve them. Last October the government published its annual, legally mandated climate report. They did not, however, include an assessment of any additional measures required to meet climate targets. The Finnish Association for Nature Conservation and Greenpeace brought a case to try and force the government to include this information. The organisations said that additional measures were required, as Statistics Finland reported in June 2022 that the land use sector in Finland had become a source of emissions in 2021, rather than a carbon sink. Failure to include an assessment of measures needed to compensate for that indicated that the government had effectively decided that additional measures were unnecessary and that the government had changed a previously-agreed climate plan for the land-use sector, according to the organisations. The court ruled that the primary responsibility for meeting internationally agreed climate goals lies with democratically elected politicians. The court's role, on the other hand, is to ensure that politicians' decisions do not infringe on people's basic rights. The court disagreed, ruling that the report's content was not subject to appeal on those grounds. It was a 3-2 split decision, with two of the judges arguing to accept the case. Would you like a roundup of the week's top stories in your inbox every Thursday? Then sign up to receive our weekly email!",https://yle.fi/a/74-20035548,"[{'label': '1 star', 'score': 0.3462405204772949}]",0
17.3.2023 11:23,Environment,News,"One litre of waste oil is enough to destroy a million litres of water, the environment ministry also noted. The Ministry of the Environment has voiced concern that the growing price of energy is prompting a black market for waste oil to be used as fuel. The ministry noted that waste oil is toxic and if disposed of improperly, it can pollute water and soil, and burning it causes emissions. Improper disposal of waste oil is also a recycling net loss, as it can be infinitely reused as a lubricant. The topic was raised after authorities noticed a major decline in the volume of waste oil that was collected for recycling last year, when 1.5 million litres less waste oil was brought in, compared to 2021. The ministry said that there are black markets for waste oil on social media as well as online trading sites. There, people offer to buy waste oil and sell furnaces that can burn waste oil, even though they are not allowed, the ministry noted. Mostly over the past decade, around 35,000 tonnes of waste oil is treated for recycling annually, according to the ministry. It said it was raising the issue now after holding discussions with ELY Centres and the industrial recycling group Kierrätysteollisuus about the matter. The group, which takes companies' used oil to recycling centres, has been concerned about the development for some time. It noted in January that it seemed an increasing amount of waste oil was not being recycled. At the time, Kierrätysteollisuus' leading expert Katja Moliis said that there was a sharp decline in oil recycling demand seen in the autumn. ""Transport of companies' waste oil has declined, and companies have even backed out of the oil pickup arrangements entirely,"" Moliis said in a press release at the time. According to the environment ministry, even a small amount of oil waste can quickly pollute soil, surface water as well as groundwater. One litre of waste oil is enough to destroy a million litres of water. Harmful compounds,heavy metals, and carcinogenic microparticles can be released into the air when oil is burned in unsuitable incinerators, the ministry noted.",https://yle.fi/a/74-20022846,"[{'label': '1 star', 'score': 0.3792952001094818}]",0
23.1.2023 10:56,Environment,News,"Some ten activists belonging to the same group, the Forest Movement, were detained by police last week. Some 10 activists from the Forest Movement (Metsäliike in Finnish), a forest conservation group that includes activists from Greenpeace, Extinction Rebellion and the Finnish Nature League, have returned to the Aalistunturi fell to block logging in the area. Aalistunturi is a 372-metre-high hill in western Lapland, located in the southern part of Kolari, in Finnish Lapland. Police had previously broken up a demonstration and detained 10 activists from the same group protesting in the area on Tuesday. Upon being released, the activists attempted to go back to the site during the weekend but were prevented from doing so by police. The activists said that they had successfully returned to the logging site on Monday morning despite attempts by forestry management firm Metsähallitus to block access. Activist Ida Korhonen told Yle that Metsähallitus had closed the Laukkujärvntie road leading to the site on both sides, but the protesters managed to reach the location via skis. ""We skied to the site and will remain here until Metsähallitus gives up logging in the proposed National Park area of Aalistunturi,"" the activist said. The group has demanded that Metsähallitus suspend all logging activities in the area while the proposal of designating Aalistunturi as a protected area is under review. In line with UN Climate Convention goals, Finland has committed to protecting some 30 percent of its land area as well as halting the loss of biodiversity and turning the trend towards recovery by 2035. Prime Minister Sanna Marin's (SDP) government has also pledged that Finland will achieve carbon neutrality by 2035. These targets are however slipping away as Finnish land, which is largely covered by forest, has turned into a source of carbon emissions rather than a carbon sink due to increased logging and slower tree growth. Data released by both Statistics Finland and the Natural Resources Institute in December have backed up this trend. Finland's failure to meet the net carbon sink target set by the EU could see the Nordic nation facing a compensation bill running into billions of euros, according to a report published in December by the Natural Resources Institute Finland (Luke). Would you like a roundup of the week's top stories in your inbox every Thursday? Then sign up to receive our weekly email.",https://yle.fi/a/74-20014167,"[{'label': '1 star', 'score': 0.309851735830307}]",0
