Time,Category,Headline,Full_Text,URL
22.1.,Energy,Renewables surpass nuclear as Finland's biggest power source,"Total electricity consumption in Finland grew moderately last year, with an increasing share of it generated by wind power. According to the Finnish energy industry association, Finland consumed 85 terawatt hours (TWh) of electricity last year, with imports accounting for less than 6 TWh. Finland enjoyed Europe's third-cheapest electricity prices in 2025, with negligible production from traditional fossil fuel sources. Approximately 28 percent of domestic electricity production came from wind power. By far the largest production area for wind power is North Ostrobothnia, which includes Oulu. The region boasts more than a third of the country’s wind power capacity. North Ostrobothnia is also a major producer of hydropower, with several large plants on the Oulu and Ii rivers. North Ostrobothnia also has large solar power plants, with more planned. Wind power’s share of Finnish electricity production has climbed by nearly 10 percentage points over the past two years. In 2023, it was still behind hydropower, with a share of over 18 percent in Finnish electricity production. Last year wind turbines generated almost 28 percent while hydropower slipped to 16 percent as some dams were removed from some rivers. According to the Dam Removal Europe report, Finland leads Europe in river restoration. Wind power has clearly emerged as the second-largest source of electricity after nuclear power. Over the past two years, nuclear has accounted for approximately 40 percent of domestic production, much of it produced by Europe's largest reactor, Olkiluoto 3. In 2023, its share was still clearly higher than hydro and wind power together. In 2024 they were nearly on par, but last year wind and hydropower together exceeded nuclear in Finland’s electricity palette. Meanwhile, solar power is also growing, but it still only accounts for a little over one percent of Finland's electricity production. On Thursday, the energy consultancy Ember said that the EU’s electricity transition reached a turning point last year, with wind and solar generating more power than fossil fuels.",https://yle.fi/a/74-20205942
20.1.,Economy,OP Pohjola starts cashing out locked-down real estate funds,"OP Pohjola is opening two of its real estate funds for redemption, according to the Finnish financial giant. Many small-time investors have been waiting for such an announcement, as the bank had suspended investor cash-outs of real estate funds more than a year ago, due to weak sales in the sector. OP was among a number of banks that suspended redemptions of real estate funds. According to OP, it is now able to redeem the funds due to glimpses of recovery in the real estate market. OP said that its Public Services Real Estate Fund and Rental Yield Fund would be opened for redemption on Tuesday. ""We see that the real estate market situation has now stabilised to the point where we can start fund subscriptions and redemptions,"" OP said in a press release.",https://yle.fi/a/74-20205392
20.1.,Domestic news,Stockmann customer still confused about €10k charge over Christmas,"A couple of days before Christmas, Henrika Mercadante, who lives in the capital area suburb of Kauniainen, went to buy a last-minute gift at the Stockmann department store in Helsinki. However, after that holiday shopping errand, her bank account had a nearly 10,500-euro charge on it for things she did not buy — days later her bank cards stopped working entirely. The last-minute gift was a bottle of body mist for which she paid 26.50 euros. But after the purchase Mercadante noticed that half of the bottle's contents had leaked out, so she brought it back to the historic downtown store to return it. Instead of refunding the purchase, Mercadante noticed the cashier had somehow mistakenly charged her card for an entire batch of bottles — a total of €10,467.50. ""I wasn't really in the right mood at the time, but I should've thanked them for the Christmas gift,"" Mercadante quipped, according to Svenska Yle, the public broadcaster's Swedish-language news unit. The store told her that the matter would be sorted out over the holidays. But each time she checked her account, the huge charge was still there. Later, a couple of days before New Year's Eve, as she was grocery shopping she found that none of her bank cards worked anymore. When she got home, Mercadante checked her account again, seeing that her account showed a negative 8,000 euros, even though there should have been around 2,000 euros in it — and that 10,000-euro charge was the culprit. A single parent, Mercadante was planning to hold a New Year's Eve party, but she said that became challenging without access to her account. She made another trip to Stockmann, and showed staff the receipt showing the massive charge. The department store handed her a gift card and some cash to cover her New Year's party costs — yet how the mistake was made remained a mystery. Mercadante contacted her bank, Nordea, about her blocked card and was told that she needed to contact Stockmann about the charge. The mistake was remedied on 5 January, when her funds were returned. But before things were made right, Mercadante said she had to cancel a trip to Sweden with her daughter because of the situation. According to Stockmann's commercial planning and sales support unit chief, Heidi Dahlberg, the incident was a question of human error. She said there were errors made by both Stockmann and its payment intermediary which led to the large sum being deducted from the customer's account, rather than refunded. ""Then it was the Christmas holidays, which meant the correction took an unreasonably long time,"" Dahlberg told Svenska Yle, adding that the company has reviewed its procedures and will do the same with its partners. ""We are sincerely sorry and regret any inconvenience and concern we have caused the customer. We will do our utmost to ensure that it does not happen again,"" Dahlberg said, describing the mistakes as an unusual, one-time occurrence. ""I've never experienced anything like this. It's very important that customers can trust us in the future,"" Dahlberg said. The Finnish Financial Ombudsman Bureau (Fine) offers guidance to consumers dealing with banking problems. According to Sasu Heino, an expert at the bureau, Fine gets about 20-30 complaints about erroneous bank card charges every year. But Heino said he has never heard of a mistaken charge as large as the one Mercadante dealt with. Mercadante, meanwhile, is still waiting for an explanation from Nordea about why the huge charge was able to go through. She is particularly interested in why it happened without direct access to her bank card, and if stores are able to charge debit accounts without the use of a card reader. Her bank, Nordea, declined a request for an interview about the matter, saying that it does not comment on individual cases. However, in an email, Nordea's card payment unit business manager Paula Kvist noted that it is the seller who is responsible for refunding incorrect charges. ""If the customer's account has been overdrawn, Nordea may, according to the terms of the agreement, temporarily block card use until the amount missing from the account has been refunded,"" Kvist explained in the email. According to Nordea, card purchases in stores are immediately approved, but the actual funds are moved later. That process can take up to 10-30 days, depending on when the shop sends the debit information to the bank. That means the bank is unable to cancel erroneous debit charges by sellers, according to Nordea. Nordea said that a bank can stop payment transactions in order to ensure that customers are aware of them, if there are suspicions of fraud, for example. But the bank did not offer comment about what factors trigger such payment interruptions. Mercadante said the experience raises questions about how card payments work. ""I wasn't aware that companies could empty a customer's account like this,"" she said.",https://yle.fi/a/74-20205352
19.1.,Domestic news,Taxman takes a sip from Finland's empties,"Picking up discarded bottles and cans is a simple way to clean up the environment, and Finns are especially good at doing it. At 97 percent, the return rate of beverage packages in Finland are among the highest in the world. The reason is likely because some of the bottles have deposits worth up to 40 cents apiece. In 2024, people in Finland returned a record 2.3 billion bottles and cans for recycling, according to Suomen Palautuspakkaus (Palpa), the company that manages the country's beverage container recycling process. The trash-picking habit can also provide a modest financial reward. Containers left in the wild amount to free money for whoever retrieves them. Or so many think. Under Finnish law, however, such earnings are not beyond the reach of the taxman. Income generated from collecting bottles and cans must be reported to the tax authorities. Refundable deposits are classified as earned income, with progressive income tax rates applying. But there is a caveat, according to Petri Manninen, a senior advisor at the Finnish Tax Administration. ""Deposit refunds from bottles and cans that a person has bought themselves are not taxable,"" he told Yle News. That's because the deposit was already paid at the point of purchase. Tax is due only on refunds from containers that the collector did not originally buy. Faced with the obligation of reporting income, some might decide to ignore a discarded bottle on the ground to avoid reporting duties. Does that align with Finland's environmental aspirations? The Tax Administration's Manninen acknowledged that this was food for thought, but noted that ""we just implement tax legislation, all income is taxed, unless specifically exempted."" All income is taxed. Petri Manninen, senior advisor, Finnish Tax Administration One category that is exempt from tax is wild berries. The Tax Administration outlines that income ""earned from berries, mushrooms and other natural products you pick or collect yourself is exempt."" At the same time, there appears to be a near absence of enforcement of the bottle redemption rule. From the perspective of taxation, the sums involved are usually trivial. ""Our main focus is not on the people returning bottles,"" Manninen admitted. For that reason, Finland's tax authority has seen little justification for devoting resources to policing such earnings. That's a position the Finnish Taxpayers Association (TAF) said they can get behind. ""We surely would not oppose removing the taxation on deposit bottles,"" Janne Kalluinen, an economist at TAF said, noting that implementing tax policy always creates administrative costs for taxpayers. ""The income people get from deposits is very, very small,"" he added. To earn 100 euros, for example, one would have to collect a whopping five hundred 20-cent bottles. It's more a matter of principle. Janne Kalluinen, economist, The Finnish Taxpayers Association Ultimately, though, he said the taxation of bottle deposits is part of a bigger picture. ""It's more a matter of principle, being that all income needs to be reported, no matter how small,"" he explained. Even though annual incomes of around 10,000 euros fall below the tax threshold, bottle hunters are still required to declare such earnings on their pre-completed tax returns. Finland has used bottle return systems since 1950, when returned recycled glass bottles were washed and refilled. A system for the return of aluminium cans has been in place since 1996. On average, each resident returns about 420 beverage containers, yielding roughly 64 euros per person in deposit refunds, a sum likely too small to trouble either taxpayers or the taxman.",https://yle.fi/a/74-20204733
19.1.,Domestic news,Finnish firms quiet on latest Trump tariff threats,"Five of Finland's six biggest listed companies replied to Yle regarding US President Donald Trump's latest tariff threats. Among the Finnish firms that responded were Kone, Wärtsilä, UPM-Kymmene and Valmet, all of which count the United States as an important export market. None was prepared to speculate. Each declined to comment, citing the quiet period, a convention under which listed companies refrain from discussing financial performance, markets or prospects in the 30 days before publishing results. The American president has warned of an additional 10 percent levy on imports from eight European countries should he fail to secure Greenland, either by purchase or by force. In addition to Finland, these countries are Denmark, Sweden, Norway, Germany, France, the Netherlands and Britain. So far, the US Supreme Court has yet to rule on the legality of Trump's proposed increases in import tariffs.",https://yle.fi/a/74-20205105
18.1.,Foreign policy,"Orpo: Trump's tariff threat ""based on incorrect conclusions""","Finnish Prime Minister Petteri Orpo (NCP) said US President Donald Trump's latest tariff threat, issued on Saturday evening Finnish time, is based on incorrect conclusions. He stressed that although Finland's relations with the United States are good, some things are not tolerable. Orpo answered reporters’ questions during the first Prime Minister's interview hour programme on Sunday afternoon, broadcast live by Yle from his official residence in Helsinki’s Meilahti district. Calling the threat ""a serious matter"", Orpo said that he had been surprised by the news while cross-country skiing on Saturday evening. ""Undeniably, the atmosphere on the ski trip changed. [I had] received countless messages,"" Orpo said. Orpo declared that the EU will prevent Trump's threat from coming true through concrete actions. ""Concrete means are decisive action, clear boundaries for what is acceptable and what is not,"" he told journalists during the regular roundtable meeting. According to Orpo, communication with European colleagues is now crucial and Europe must be prepared for trade policy countermeasures if Trump carries out his threat. The premier said he hopes for a quick solution to the Greenland situation, noting that European countries now have two weeks to try to prevent Trump's tariff threat from taking effect. If no solution is reached, there is a real risk of a trade war, he added. The EU must also be prepared to respond with sufficient force to Trump's actions through trade policy. Orpo also said the government will update its foreign and security policy report. It aims to complete the work this spring so that Parliament can consider it as soon as possible. The parliamentary session formally opens on 4 February.​​​​​​​​​​​​ It is expected to end in late June.",https://yle.fi/a/74-20205013
17.1.,Domestic news,Government says it's sticking to employment goal,"Employment minister Matias Marttinen (NCP) insists that the government remains committed to its target of creating 100,000 new jobs during its term. A new government is to be formed after the April 2027 elections. Other members of his party, however, have expressed doubts about achieving the goal. Marttinen said he remains steadfast on the government's employment targets. In an interview with Yle, he said the administration intends to uphold all its objectives on labour policy. ""We will not give up. We will push reforms forward and aim to strengthen employment as much as possible before the end of the parliamentary term,"" he said. Marttinen acknowledged that the employment situation is challenging. The ministry of economic affairs and employment has begun preparatory work aimed at restoring consumer confidence. The problem, however, is that Finland's economy is underperforming, and employment is not rising at the pace the government had promised. According to the finance ministry's forecast, the number of employed is expected to return to roughly the same level by the end of the government's term as when it took office in 2023. The finance ministry has said weak domestic demand accounts for much of the economy's sluggish performance. Right now, people in Finland are choosing to sock away their money rather than spend it. ""We now need to assess whether tax measures could be used to target support for a stronger rebound in private consumption,"" Marttinen said. Restoring consumer confidence is easier said than done. According to Marttinen, there is no single silver bullet to resolve the situation. One indication of the challenge is that Finns are holding record amounts of money in bank accounts and investment funds. Marttinen said Finland's unemployment situation is particularly difficult, with the country recording the highest jobless figures in Europe, according to Eurostat data. ""The situation is tough, and there is no way around it. Long-term unemployment has risen, and the number of jobs is far from sufficient,"" he said. At the same time, Marttinen pointed to some positive signs in the economy. Both employment and total hours worked picked up towards the end of last year. The finance ministry's latest forecast, however, suggests that the government is unlikely to meet any of its economic targets.",https://yle.fi/a/74-20204894
17.1.,Economy,Prospects improve for SMEs,"Activity is picking up among Finland's small and medium-sized businesses. Growth among SMEs has accelerated, order books have strengthened, and total turnover is expected to rise by around 8 percent this year, according to state-owned investment company Tesi. Things are especially expected to improve in information and communications technology and in industry, while the construction sector is likely to expand at a more subdued pace, though the worst of the downturn is thought to be over. These forecasts have historically exhibited optimism, meaning that the adjusted growth estimate is significantly lower, Tesi noted. Around two-thirds of the SMEs surveyed describe themselves as growth-oriented or strongly growth-oriented. The survey revealed marked differences in internationalisation. Nearly 80 percent of industrial firms operate abroad or aim to do so, compared with fewer than one in five construction companies. Nearly one in five small and medium-sized enterprises reported experiencing labour shortages last year, a problem particularly pronounced in the information and communications sector. The Tesi survey drew on responses from almost 1,500 SMEs between mid-October and early January. The survey was conducted by Taloustutkimus.",https://yle.fi/a/74-20204885
16.1.,Economy,Bankruptcies in Finland hit 30-year high,"The number of bankruptcies in Finland has continued to rise for the past three years, new data shows. According to Statistics Finland, just over 3,900 companies filed for bankruptcy last year — the largest figure seen since 1996, which came after years of a serious economic crisis. Last year's bankrupt companies employed around 14,300 people. StatFin reported that 360 bankruptcy proceedings were initiated in December 2025, or 92 more than the same month the previous year — a 34 percent increase. The number-crunching agency said that the recent larger wave of bankruptcies began a few years ago. An average of 3,600 companies have filed for bankruptcy annually since 2023. The yearly average during the 2010s was around 2,700 companies. According to the agency's senior statistician, Mira Kuussaari, last year's annual bankruptcy figure has been higher just three times during the 2000s: during the global financial crisis of 2009, in 2013 and then in 2023, when the current wave of bankruptcies began. However, the number of employees affected by companies going bust suggests that it is mostly SMEs that are being affected, on average, she explained. The agency reported that the largest number of firms filing for bankruptcy were in the construction sector — a total of 768. However, according to Kuusisari, the number of construction companies filing for bankruptcy peaked in 2023. ""In practically all other sectors, the trend has been upward,"" she said in a press release.",https://yle.fi/a/74-20204686
16.1.,Media,"Friday's papers: Finnish islands' Russian vulnerability, Starbucks closing in central Helsinki, and social media's endless arguments","Finland is prepared to handle the possible appearance of Russia in its archipelago, Finnish Institute of International Affairs (FIIA) researcher Joel Linnainmäki tells Ilta-Sanomat. The tabloid noted that the Swedish defence chief Michael Claesson told a number of Finnish news outlets in a joint interview that he thinks it is possible that Russia would test Nato's mutual defence clause, Article 5, sometime in the future. Claesson said such a scenario could play out in places with relatively lower defence capabilities, like in the Baltic countries or in the archipelagos of Finland and Sweden, the paper explained, citing Helsingin Sanomat. For example, he said one possible scenario would be for Russia to station itself on a Finnish island as a symbolic show of force — to see what happens. However, according to researcher Linnainmäki, Finland has considered such scenarios, particularly before it joined Nato, as Finland and Sweden worked together on ways they can protect the semi-autonomous Åland Islands and the broader archipelago region. ""This is not new for us, but a considered existing risk that has been prepared for,"" Linnainmäki told the paper. According to Linnainmäki and the FIIA's Programme Director Harri Mikkola, a more likely scenario of Russian testing Nato would take place in Norway's remote archipelago Svalbard, which lies between Norway and the North Pole. But if Russia were to arrive in the Finnish archipelago, it would result in an immediate response from the Finnish Defence Forces, then Sweden and other close partners, according to Linnainmäki. The Seattle-based cafe chain giant Starbucks is slated to close its outlet in downtown Helsinki, adjacent to the Academic Book Store in the busy shopping area of Keskuskatu. That's according to Swedish-language daily Hufvudstadsbladet, which noted that Yle first reported the development on Thursday. In an email, Select Service Partner Finland's CEO, Elena Heiska, confirmed that Starbuck's lease agreement at the site was expiring and that it would be closing down in March. The outlet first opened in 2013. However, HBL noted that Heiska did not explain why the lease wasn't being renewed. SSP Finland operates other Starbucks in the Helsinki metropolitan area, including one kiosk at the capital's central railway station, and two others at Helsinki Airport. According to Heiska, operations at the other locations are set to continue. Helsingin Sanomat asked whether readers have noticed how easily arguments break out on social media. Psychotherapist Vesa Nevalainen told the paper that it's not just a question of getting annoyed with others' opinions, but a broader phenomenon — a general inability to think things through before reacting, the paper explained. According to the daily, the question about why that is the case led Nevalainen and his psychotherapist-psychologist colleague Satu Kaski to write a book about the topic. Nevalainen and Kaski told the paper that an emphasis on individualism and one-upmanship in the 21st century has led people to place more emphasis on their own feelings and personal rights. At the same time, they said, people's ability to concentrate has diminished — which might be why they have a tendency to be offended or hurt by others' opinions. ""People are on their mobile phones and aren't necessarily focusing on what they're doing together anymore,"" Nevalainen explained. The result, they say, is that people don't listen to each other but instead focus on their own feelings and experiences. ""The connection between other people is broken,"" Kaski told HS. As a possible remedy to the problem, Nevalainen suggests that people accept that they cannot control the opinions of others and that it's important to stop and think before reacting. They said that learning emotional skills is important for both children and adults — let the other person have their say and then follow up. Kaski said the most important thing is to keep in mind that everyone makes mistakes and that no one is perfect.",https://yle.fi/a/74-20204665
13.1.,Energy,Fortum pens deal with small nuclear reactor developer,"Finnish energy group Fortum is deepening its partnership with Steady Energy, a domestic company developing a small nuclear reactor for district heating. The two firms have signed a framework agreement under which Fortum will provide a broad range of nuclear expertise, with particular focus on design and operation. ""Small nuclear power is being developed as an alternative to replace fossil fuels in energy production. Finland has strong and extensive expertise in nuclear power,"" Gustav Eilertsen, Vice President, Innovation & Venturing at Fortum, said in a statement. Fortum is also backing the project financially, investing 2.1 million euros in Steady Energy's district-heating reactor development. Steady Energy is involved in small nuclear projects in Helsinki, Kuopio and Kerava. Last spring, the City of Helsinki's energy company, Helen, shut down its coal-fired Salmisaari power and district heating plant, the last of its kind in Finland. Finland has set itself a goal of reaching carbon neutrality by 2035.",https://yle.fi/a/74-20203991
13.1.,Security,Swedish Armed Forces buying Finnish satellites for ultra-precise imaging of ground surfaces,"The Espoo-based space technology company Iceye has signed a deal to sell reconnaissance and surveillance satellites to the Swedish Armed Forces. The company is to supply Sweden with software and radar satellite technology that enables its defence forces to monitor the environment in all weather conditions and to track movements by adversaries. Iceye is the global market leader in Synthetic Aperture Radar (SAR) satellites, the company's sales VP, Damon Olloman, told Yle late last year. According to the company, the system's imaging and observation ability, especially through cold, foggy, snowy conditions, is a crucial feature for Nordic customers. ""Iceye is proud to partner with the Swedish Armed Forces and deliver sovereign space-based ISR [intelligence, surveillance and reconnaissance] capabilities that work in all weather and lighting conditions of Northern Europe and the Arctic,"" Seppo Aaltonen, Vice President Nordics & Nato, said in a statement. ""We especially welcome cooperation with Sweden and our closest Nordic Nato allies to enhance the security and resilience of the North-Eastern Flank of Nato,"" he added. The parties to the deal have not revealed the purchase price. In a press release, Iceye refers to it as a multi-year, multi-million-euro project. According to the Swedish Armed Forces, the first dozen or so SAR satellites will be delivered to them this year. Finland also purchased a similar, but smaller, satellite system from Iceye last autumn with a price tag of 158 million euros. Finland plans to cooperate on space projects with Sweden, the Netherlands, Poland and possibly others. According to a statement from the Finnish Defence Forces, the second of Finland's three satellites was launched into space this past Sunday.",https://yle.fi/a/74-20203848
12.1.,Domestic news,Delivery service Foodora may leave Finland,"Delivery service firm Foodora is considering whether or not to continue its operations in Finland, according to a company press release. The company revealed the possibility as it announced that it has initiated change negotiations as it considers the matter. Foodora said one option would be withdrawing from the Finnish market. The company said it wants to focus on markets where it has the opportunity to grow and build a long-term, sustainable position. ""We are carefully assessing whether continuing operations in Finland best supports Foodora's long-term goals in Europe,"" the release stated. Foodora's mobile platform-based delivery services will continue during the negotiations, according to the company. Founded in Munich, Foodora's headquarters moved to Berlin, Germany in 2015 and was subsequently acquired by Delivery Hero. Apart from Finland, the company operates in Sweden, Norway, Austria, Czech Republic, and Hungary.",https://yle.fi/a/74-20203772
10.1.,Housing,From Italy to Finland — Foreign buyers discovering cheap Lapland homes,"An Italian mother and son sit in the living room of an apartment they own in Syväkangas, a district of Kemi. Elisabetta Filardi and Ferdinando Martino bought the three-room flat in December 2024 for around 10,000 euros. Now they are looking for an affordable single family home. They plan to relocate permanently to this part of Lapland. Filardi has already registered her official residence in Kemi. Foreigners — especially from central Europe — are discovering inexpensive detached houses and holiday cottages in southwestern Lapland, known in Finnish as ""Meri-Lappi"" (Sea Lapland). For now, Martino's home is still in Italy, and his vacation in Finland is drawing to a close. His plan, however, is to find work in the area's tourism industry by next season. ""We plan to start studying Finnish so that we can manage here. It will certainly help with employment as well,"" Martino told Yle. Before returning south, he still plans to take a look at an old cottage in Tervaharju, a rural area of Kemi. In Meri-Lappi, the housing market has been subdued for years. The pandemic, the war in Ukraine and economic uncertainty have dampened demand. Sales remain low but stable, though now there is growing interest from foreign residents and buyers seeking affordable holiday properties, according to Tarja Vartiainen, a local realtor at OP Koti. Data from Finland's National Land Survey shows that property transactions involving foreign buyers in Finnish Lapland have increased tenfold in value over the past 15 years, rising from 1.5 to 15 million euros. ""Nearly 15 percent of property deals in Kemi involve foreign buyers,"" said Mikko Ryynänen of Habita, a local real-estate agency. Jorma Salmela, who works as a realtor in Tornio, said he is increasingly making sales to central Europeans in the area's more rural spots. ""Properties priced below 100,000 euros attract the strongest interest,"" he said, adding that the most sought-after homes come with at least a hectare of land and, ideally, are close to a body of water. Most purchases are intended for buyers' own holiday use or that of family and friends, but some are also renovating their properties with an eye to retirement. Yle News' All Points North podcast asked whether now is a time to rent or buy in Finland.",https://yle.fi/a/74-20203556
9.1.,Working life,Employers brace for flood of summer job applications,"Finland's difficult job market is spilling into the summer hiring season, as jobseekers grapple with the worst unemployment situation in 15 years. Employers are now bracing for a surge in applications, and many positions are being snapped up well before application periods close. Espoo's cemetery lies blanketed in snow, with a biting frost of minus 15 degrees nipping at the cheeks. Yet Sirpa Lehtinen, a supervisor at the cemetery, already has summer on her mind. ""Applications started arriving on the very first working day of the year,"" she told Yle. Last year, Espoo's parishes received 1,200 applications for summer jobs, around 800 of them from minors. This year, just 20 positions are available for 16–17-year-olds, while 50 seasonal workers are hired from those aged 18 and over. With so many underage applicants, invitations to job interviews are decided by lottery since teenagers have little work experience anyway. But it's not just the cemeteries where people are dying to get in. Many employers are bracing for an even bigger flood of applications than last year. Staffing firm Barona said it expects to hire more than a thousand seasonal workers this summer. That figure is, however, dwarfed by demand. Last year, the recruiter received 43,000 summer job applications from nearly 30,000 candidates, an increase of more than 25 percent on the year before. The retail sector will once again offer tens of thousands of summer jobs this year. The S Group said it expects to employ around 17,000 young people nationwide over the summer. Rival K Group said it will hire some 5,000 seasonal workers for grocery stores, as well as hardware outlets and logistics centres. Lidl has said it will post 855 summer positions across its stores and three distribution centres. Speed has become a defining feature of the summer job hunt. Anu Päivinen, a regional manager for Barona, offered some reassurance, saying things are not as hopeless as they may sound. ""Jobs will continue to open up throughout the spring. Last year, we were still hiring summer staff in May.""",https://yle.fi/a/74-20203400
7.1.,Domestic news,"Jobs hit chopping block at Posti, Telia","Finland's postal service, Posti, on Wednesday said it is reducing up to 172 positions prompted by a shifting market. Most cuts will affect sorting at the Helsinki mail centre, where automation is being introduced. Customer service will be concentrated in Posti's largest service centres, in Helsinki and Rovaniemi. According to the company, automation already handles around 60 percent of customer contacts received through digital channels, with digitalisation and artificial intelligence playing an increasingly prominent role. In Rovaniemi, the so-called Santa Claus Main Post Office will continue operating. Postal services will also remain in place at Helsinki's Main Post Office building. Telia Finland has also launched restructuring talks that could result in the loss of up to 200 jobs out of roughly 2,000 positions under review. The Nordic and Baltic telecoms giant said it is simplifying its organisation to cut costs and streamline operations. The changes will not affect consumer customer service or Telia shops. Telia employs around 3,000 people in Finland.",https://yle.fi/a/74-20203002
7.1.,Teboil,FT: US firms plan to buy $22bn of Lukoil assets — deal would include Teboil stations in Finland,"US petroleum company Chevron and the private equity firm Quantum Capital Group plan to buy the international assets of Lukoil, the sanctioned Russian oil company, according to the Financial Times. If the deal goes through, the two companies aim to share the assets, which are said to be valued at around 22 billion US dollars, the UK-based business paper said, citing unspecified sources. It reported that Quantum was leading the bidding process for Lukoil's gas and oil production, refineries and more than 2,000 petrol stations across Europe, Asia and the Middle East. That deal would also include Lukoil's petrol station chain Teboil, which until fairly recently continued to operate across Finland. However, Teboil announced that it was shutting down its operations in Finland in November, following the difficulties caused by US sanctions against Russian oil companies, including Lukoil and Rosneft, in October. According to FT, the US Treasury Department has given the companies until January 17 to negotiate the deal, which also requires the approval of US President Donald Trump. The business paper noted that American equity firm Carlyle Group and Dubai-based investment outfit International Holding Company were also bidding on Lukoil.",https://yle.fi/a/74-20202924
2.1.,Business,Finnish booze monopoly reports boom in non-alcoholic sales,"Sales of non-alcoholic beverages have risen at a record pace in Finland, the state alcohol monopoly Alko said on Friday. Alko sold over 850,000 litres of non-alcoholic beverages last year, an increase of 40 percent from the year before. About a decade ago, the firm sold approximately 186,000 litres of non-alcoholic beverages annually — meaning there has been a five-fold increase in sales over the past 10 years. Worldwide, the non-alcoholic beverage market grew by approximately nine percent last year, Alko noted in a press release. ""We are constantly striving to introduce new, interesting non-alcoholic alternatives alongside traditional alcoholic beverages, as is well suited to Alko's core mission of preventing alcohol-related harm,"" Product Group Manager Mika Kauppinen said in the statement. Alko was set up by the Finnish state in 1932. It was given the exclusive right to import, export, manufacture and sell alcoholic beverages after Finland's period of prohibition was repealed. In a survey commissioned by Alko, a fifth of respondents said they consciously take a break from alcohol consumption at one or more points during the year. Nearly half of respondents said that alcohol impairs the quality of their sleep, while almost one-third said they want to reduce their consumption in general. Customers said they particularly choose non-alcoholic drinks when attending a party but planning to drive (64%), taking a sauna (40%) or relaxing at home (31%). About 700 people responded to the survey last month. A new tax on alcohol that took effect on New Year's Day raised the price of a bottle of beer by a few cents and a bottle of wine by around 50 cents.",https://yle.fi/a/74-20202296
30.12.,Icebreakers,It's official: First two US icebreakers to be built in Rauma,"Rauma Marine Constructions (RMC) has signed a contract with the United States Coast Guard to build two medium-sized icebreakers at its Rauma Shipyard in Southwest Finland. That is part of a major deal announced in October Finnish President Alexander Stubb, reportedly involving 11 vessels and worth more than five billion euros. Construction of the Arctic Security Cutter (ASC) vessels will begin immediately in Rauma. They are to be completed in 2028. The Satakunta University of Applied Sciences is involved in the project as an educational partner. According to Rauma Shipyard CEO Mika Nieminen, the agreement is a historic milestone and a great show of confidence. ""Our focus is straightforward: execute with discipline, manage risk rigorously, and deliver two cutters that are ready to operate in the world’s harshest maritime environment from day one,"" Nieminen said in a company press release. Minister of Economic Affairs Sakari Puisto (Finns) hailed the deal as ""excellent news for Finland and for our entire maritime industry"". ""The order strengthens the position of Finnish companies in the global value chain, increases Finland’s competitiveness and increases export income,"" Puisto said in the statement on Tuesday. Preparatory work for the icebreakers already began in Rauma last autumn, and now the shipyard is moving into full-scale implementation of the project. The design of the vessels is based on a multi-purpose icebreaker model developed by Canada’s Seaspan Shipyards in collaboration with Finnish Aker Arctic Technology. The vessels will be built in industrial cooperation with US partners, such as Bollinger Shipyards, based in Louisiana. The two ASC vessels being built in Rauma belong to a new class of medium-sized polar icebreakers designed to support the missions of the US Coast Guard. Rauma Shipyard said that ASC vessels are capable of continuous icebreaking in difficult Arctic conditions, long-term independent operation without replenishment, and long-distance operations. After a string of meetings – and golf sessions – with Stubb, US President Donald Trump said in March and again in June that the US wanted to buy Finnish icebreakers. In October, Stubb confirmed the deal, worth an estimated 6.1 billion dollars, or about 5.2 billion euros. Four of the ships are to be built in Finland, while seven others are to be assembled in the US, Reuters reported.",https://yle.fi/a/74-20201886
30.12.,Business,More gender balance in Finland's corporate management,"There are more women in the management teams of Finnish listed companies than ever before, the Finland Chamber of Commerce said on Tuesday. Women now make up 31 percent of management teams. However, the number of women CEOs decreased by two compared to the previous year. There are now 11 companies on the Helsinki Stock Exchange with female CEOs, which is around eight percent of all chief executives of listed companies. The share of women among business managers also decreased by one percentage point to 16 percent. According to Ville Kajala, a senior advisor at the Finland Chamber of Commerce, the development is still positive overall, although there have been setbacks in these areas. At both large and medium-sized listed companies, the proportion of women among management team members rose to 33 percent. That’s an increase of three percentage points at medium-sized companies and one percentage point at big firms. ""It is important that companies pay attention to their own recruitment processes for both senior and middle management,"" Kajala said in a press release, noting that this has knock-on effects for corporate boards. A Corporate Governance Code recommendation that comes into effect next June calls for a balanced gender distribution on the boards of listed companies. Last summer, the Chamber reported that the share of women on the boards of large publicly listed Finnish companies had risen to 40 percent for the first time.",https://yle.fi/a/74-20201865
29.12.,Economy,Consumer confidence in Finland remains weak,"Consumer confidence in Finland remains weak, with the consumer confidence indicator (CCI) standing at -7.3 in December, having been -6.5 in November and -7.6 in October. The data, compiled by Statistics Finland, revealed that people's general view of their current economic situation improved slightly last month — both compared to November and to one year ago — but confidence remains low. The expectations regarding the wider Finnish economy remained unchanged during December. ""The real collapse in confidence occurred at the beginning of 2022, when Russia invaded Ukraine,"" Senior Statistician Pertti Kangassalo wrote in a StatFin press release. ""Confidence rose slightly after that, but has since remained surprisingly and persistently at its current low level."" Respondents to Statistics Finland's consumer confidence survey said they considered December to be a very unfavorable time for purchasing durable goods and taking out loans. There was also a general reluctance to spend large sums of money, and plans to buy a home were minimal. Many respondents also reported concerns about Finland's bleak unemployment situation, citing worries that they themselves were under threat of losing their jobs. In addition, the survey also found that women's confidence in the Finnish economy was on average lower than men's. Despite all this, StatFin noted that there are some small signs that confidence could return in 2026. ""There has started to be a little optimism regarding one's own finances,"" Kangassalo said. ""The current state is still considered rather weak compared to before, but in addition to expectations, one's own financial situation is also viewed as being at a normal long-term level. Many have accumulated savings, as they have refrained from spending and from taking out loans."" This view was backed up by comments made separately by Jukka Appelqvist, Chief Economist of the Central Chamber of Commerce. He described the performance of the Finnish economy during 2025 as a ""defensive victory"", noting that while growth remained sluggish, the worst threats were avoided. Appelqvist also criticised what he called ""excessive pessimism"" in the short-term future of the Finnish economy, adding that there are reasons to be optimistic — such as an improvement in households' purchasing power as well as a promising outlook for the global economy. A total of 1,213 people responded to the consumer confidence survey from 1 to 15 December. The CCI is then calculated as the average of the balance figures of each component: own finances now, own finances in a year, Finland's economy in a year, and intentions to buy durable goods over the next year.",https://yle.fi/a/74-20201725
27.12.,Domestic news,News group: Only 1 in 5 satisfied with government's efforts to manage the economy,"Two-thirds of Finns said they are dissatisfied with the government's handling of the economy under Prime Minister Petteri Orpo (NCP), according to a poll by news group Uutissuomalainen (USU). Nearly two in five respondents said they are very dissatisfied, while around one in five described themselves as somewhat dissatisfied. Only one in five expressed either strong or moderate approval of the ruling coalition's economic measures. Women who responded to the survey were more critical of the government's performance than men. Four in five women expressed dissatisfaction, compared with just over half of men. Those most satisfied with the government's measures were high earners, retirees, senior executives and solo entrepreneurs. Niku Määttänen, an economics professor at Helsinki University, told USU that the dissatisfaction reflects the government's failure to strengthen the economy through its policies. ""The borrowing continues while the public sector deficit remains substantial. People are likely sceptical about the extent to which the government has succeeded in strengthening public finances,"" Määttänen told USU. The survey, conducted by Tietoykkönen in early December, drew responses from one thousand Finns.",https://yle.fi/a/74-20201577
26.12.,Economy,Survey: Export companies' expectations for 2026 are the brightest in years,"A survey of export firms published on Friday by the Finnish Chamber of Commerce indicates that most have high hopes for next year. Nearly two-thirds of companies that responded to the poll expect exports to grow in 2026. That's up by six percentage points from a year ago, when six out of 10 said so. Expectations for the coming year are the most positive since 2022, when the question was first included in an annual corporate survey. Last year, 11 percent of companies forecast that exports would decline, while now the corresponding figure was seven percent. In particular, firms expect that Germany's planned 500-billion-euro investments in infrastructure, digitalisation and defence will drive exports in Finland as well. Last week, Germany launched an additional 30-billion-euro initiative to boost private investments, Reuters reports. Some 44 percent of respondents said they expect to benefit from those investments. ""In particular, companies feel that their prospects are brightened by investments in the defence sector and the green transition,"" Päivi Pohjanheimo, Director of International Affairs at the Central Chamber of Commerce, said in a press release on Friday. ""The construction and defence sectors particularly believe that they will benefit from German investments,"" she added. Hardly any firms said that they have moved operations or production to the United States as a result of President Donald Trump's tariffs policy. Instead, 80 percent of respondents said they are more interested in the EU market, with many expanding their European business due to the tariff policy. ""The answers clearly reflect the current geopolitical situation: the unpredictability of the United States is worrying export companies. Instead, respondents see the EU and Nordic countries as safe and increasingly important trading partners,"" said Pohjanheimo. The Chambers of Commerce's survey of export managers was conducted from 9 to 12 December, with responses from 126 companies around Finland.",https://yle.fi/a/74-20201497
23.12.,Domestic news,"Unemployment climbs to 10.6%, marking bleakest point since 2009","More people were again out of work in November, according to the national number cruncher. Joblessness continued to rise in November, according to Statistics Finland. The trending unemployment rate climbed to 10.6 percent, up 0.2 percentage points from October. This marks the bleakest reading since 2009, when the agency began tracking the trending jobless rate. The trend tracking is a measure of long-term changes in employment and unemployment, eliminating the peaks and valleys of factors like seasonal employment variations. The agency reported that as of November, there were around 50,000 more unemployed people this year compared to the same month in 2024. In total, 276,000 people in Finland were out of work last month. The overall number of those in work changed little compared with last year. However, part-time employment increased, while full-time jobs continued to decline. Last week, the governement said Finland's economic recovery this year has been weaker than expected. According to the Finance Ministry, public finances may still need to be adjusted by 1.4 billion euros during this government term by some combination of tax hikes and budget cuts.",https://yle.fi/a/74-20201314
21.12.,Business,Poll: Times are even tougher for women entrepreneurs,"A survey of small and medium-sized business owners provides a gloomy snapshot of the economy. A growing number of entrepreneurs, about one in five, described their financial status as bad or quite bad. According to results published over the weekend by the Finnish entrepreneurs association Suomen Yrittäjät, less than half said their situation was good, with about one third saying it was ""neither good nor bad"". ""The optimism that sprouted in the autumn has been washed away by the early winter rains and Finland's placement under the [EU's] excessive deficit procedure,"" the group’s CEO, Mikael Pentikäinen, said in a press release on Saturday. The situation is most difficult for the smallest companies, those in service sectors and in parts of Uusimaa beyond the capital region. ""The situation of female entrepreneurs is clearly worse than that of male entrepreneurs. About one in four female entrepreneurs assess their situation as weak,"" said Pentikäinen. Approximately one third of immigrant entrepreneurs in Finland are women, a slightly higher rate than among native-born business owners. Meanwhile the number of entrepreneurs born abroad has risen sharply, from less than 10,000 in 2008 to more than 30,000 in 2023, according to Statistics Finland data. The number of new companies started by people of immigrant background rose by 20 percent in the first half of this year, according to Anneli Komi, CEO of the Finnish Enterprise Agencies. ""The number is growing all the time, everywhere in Finland,"" she told Yle. According to Komi, immigrants tend to establish businesses in the services and trade sectors as well as transportation and storage. ""In the current employment situation, entrepreneurship is often the only good and viable option, and for some it is even the only solution,"" Komi said. Next year does not look bright at the moment, based on the entrepreneurs’ poll. Its outlook for the next 12 months has clearly weakened during the autumn. Only about a third of respondents expect their financial status to improve, while almost a fifth expect it to deteriorate. The reform of the Self-Employed Persons' Pension Act (YEL) is also causing concern among entrepreneurs. ""Many entrepreneurs, especially smaller ones, are horrified by the reform, which brings substantial contribution increases. The government must make it clear as soon as possible that the YEL reform will be carried out in a way that encourages entrepreneurship and does not increase contributions,"" said Pentikäinen The entrepreneurs’ survey was conducted by Verian between 4 and 11 December. Representatives of just over 1,000 small and medium-sized enterprises responded to the survey. The margin of error is three percentage points.",https://yle.fi/a/74-20201012
20.12.,Russia,Finnish fireplace maker Tulikivi still active in Russia despite pullout pledge,"Tulikivi, a major Finnish manufacturer of fireplaces and wood stoves, remains active in Russia, despite announcing in 2022 that it would wind down its cross-border business. The firm has exported millions of euros' worth of goods to Russia since Moscow's full-scale invasion of Ukraine. That includes at least 2.5 million euros' worth since 2023, Yle has learned from Russian and international customs data. Tukivi has continued to export soapstone, ceramic stone and fireplaces made from them as well as fireplace and stove parts to Russia. These products are not covered by sanctions on Russia. The company has had a subsidiary in Russia since 2005. It now promises to shut down that subsidiary early next year. Tulikivi CEO Heikki Vauhkonen told Yle by email that shutting down operations in Russia has not been simple. ""This is a multi-stage process involving local legal procedures and responsibilities towards our personnel and existing agreements,"" he wrote. ""We understand that the process has taken too long and we apologise for that,"" Vauhkonen added. Yle asked Tulikivi's largest shareholders for their reactions to the information that has come to light. Tulikivi’s largest private owner, private equity investor Mikko Laakkonen, said he was completely unaware of the matter. So was another major investor, the Finnish Cultural Foundation. Tulikivi's biggest institutional owner is the pension company Ilmarinen. ""We do not accept enabling Russian trade by circumventing sanctions,"" its Head of Responsible Investments, Karoliina Lindroos, told Yle. She said that Ilmarinen would try to influence Tulikivi's behaviour but that ""if this does not bring results, we will abandon the investment if possible"". Tulikivi was established by Vauhkonen’s parents in 1980. It is based near Kuopio in Juuka, North Karelia and has some 250 employees. The company mines and processes soapstone in Juuka and Suomussalmi, Kainuu. It also has production facilities in Heinävesi and Espoo, with exports worldwide. In 2023, its turnover was approximately 45 million euros.",https://yle.fi/a/74-20200954
18.12.,Domestic news,"Chinese exports threaten jobs in Europe, Finland, federation warns","Chinese exports have caused a knock-on effect on Europe's industrial sector, resulting in hundreds of thousands of job losses, according to the Chemical Industry Federation of Finland. The scenario is no different for Finland, as China's ever-increasing exports are causing major concern in the sector, the federation said in a press release on Thursday. Citing figures from the European Central Bank (ECB), the federation pointed out that between 2015 and 2022, around 240,000 industrial jobs in the EU were lost due to rising Chinese imports. It noted that the imports have also affected high-value industries, such as the automotive and chemical industries. According to the federation, since 2019, China's imports of chemicals and chemical products have increased by 99 percent, while the Asian country's pharmaceutical exports have ballooned by 271 percent. It said Europe risks losing hundreds of thousands more jobs. There is also a risk that Europe will permanently lose its grip on strategic industries permanently to China. According to the federation's chief economist, Sampo Pehkonen, China's superiority in the industrial sector is not built on market-based competition. Instead, it's based on a determined and strongly state-supported industrial policy that has produced a huge amount of industrial capacity and displaced production from Europe, especially Germany. ""China has emerged as the most important competitor for Finnish chemical industry companies, and the situation is particularly pronounced at large firms. China's state-supported industry is taking space from Finnish production in the EU market,"" Pehknonen said in the release. Citing the International Monetary Fund (IMF), the federation noted that China spends around 4.4 percent of its GDP — or about 740 billion euros per year — on supporting Chinese companies. In comparison, corporate subsidies in the EU amount to around 1.5 percent of GDP. Meanwhile, Finland spends between 1.1 and 1.4 percent of GDP on corporate support, depending on the source, it said. According to Pehkonen, Europe has about five years to address the issue. Now, according to the federation, the EU and Finland need to focus on maintaining the operating environments of industry in the coming years, in order to hold onto the remaining jobs. ""The operating conditions of the industry must not be weakened by additional regulation or tax increases. At the EU level, we must also critically assess regulations that weaken our own production and open up space for cheaper imports,"" the federation's sustainability chief, Sami Nikander, said in the release.",https://yle.fi/a/74-20200477
16.12.,Media,"Tuesday's papers: Working retirees, a bid for a mothballed border mall, and a TB scare","The Finnish media is turning its gaze to the country's senior citizens, whose importance as taxpayers has increased sharply over the past decade. Rural daily Maaseudun Tulevaisuus profiled 70-year-old nurse Ulla Ansalahti, who retired two years ago, only to return to work the very next day. Now employed through a staffing agency, she works home care shifts in Valkeakoski, the same place where she was employed before retirement. Forced to leave her post on reaching pension age, she says she has since worked extensively, partly because of demand but also because she still loves her job. What is her secret to a long career? ""I've always told students that if it feels like this is not your thing, even a little bit, you should think about what your thing could be. That's the kind of work you can keep doing,"" Ansalahti told MT about finding purpose in worklife. A company backed by Viktor Ignatjev, a Russian rouble billionaire, has made an offer to buy the Zsar shopping centre in Vaalimaa, near Finland's eastern border, according to Helsingin Sanomat. The long-mothballed retail complex has been on the market for more than three years following its bankruptcy. The Zsar complex, adjacent to the Vaalimaa border crossing, was once touted as the gateway mall for Russian shoppers. Creditors approved the bid in November. Russian corporate records list the prospective buyer as a Russian national, while Finland's trade register records German citizenship, suggesting dual nationality. If the process proceeds smoothly, the sale is expected to be finalised in December. The outlet mall opened in 2018, primarily aiming to attract Russian tourists. However, the enterprise struggled from the beginning. Finland closed its land border with Russia in mid‑December 2023, shutting all crossing points amid an influx of asylum seekers described by the government as a security threat. Dozens of people have been exposed to tuberculosis in Sipoo, according to Iltalehti, after it was confirmed that an adult resident had the contagious disease. Officials stressed that the infection does not pose a broad public risk, though dozens of people in the area are believed to have been exposed. Health authorities said they would contact all those exposed in the coming weeks and refer them for further tests. Those who have merely been exposed cannot pass the disease on unless they themselves develop pulmonary tuberculosis. Finland no longer routinely vaccinates children against tuberculosis due to the disease's low incidence. The vaccine is reserved for children in high-risk groups and protects only against the most severe forms of the illness.",https://yle.fi/a/74-20199953
15.12.,Domestic news,Repeated job ads inflate Finland's official vacancy statistics,"Are some job ads on the official Job Market Finland portal (Työmarkkinatori in Finnish) fake? Yle's investigative unit MOT analysed half a million job postings on the state-run platform, uncovering thousands of artificially duplicated listings each month. The study aimed to quantify the prevalence of repeat postings and ""serial advertisers"" on the site. The results shed light on why official statistics on job vacancies can be misleading. For example, the investigative journalists found a single posting had been listed 46 times, meaning each was counted as a separate vacancy in labour statistics. Duplicate copies of the same ads are also exaggerating the number of openings. MOT's analysis also found that staffing agencies dominate Job Market Finland, with one in three postings posted by recruitment firms for short-term work. Staffing agencies also frequently advertise roles on behalf of ""client companies"" without revealing their identities. MOT found 163,000 such postings, representing nearly 350,000 reported jobs. In these cases, job seekers cannot know whether the role exists immediately or whether their details are being stored in a database for a potential future opening. Under Job Market Finland's rules, companies are prohibited from using the publicly funded service for marketing purposes or for building employee databases, practices that appear widespread according to MOT's findings. MOT's study comprised job ads published on Job Market Finland between 1 January 2024 and 27 October 2025. The dataset comprised more than 510,000 postings, advertising a total of 995,000 vacancies.",https://yle.fi/a/74-20199830
15.12.,Technology,"Survey: Finland's most enthusiastic Temu, Shein shoppers are single parents, seniors","Single parents and the elderly use foreign shopping platforms like China-based Temu and Shein the most in Finland, according to a survey by the Consumers Union of Finland. At the same time, the survey found younger consumers less enthusiastic about shopping outside the EU. Out of around 1,000 respondents, 31 percent reported having ordered items from general merchandiser Temu, while nine percent said they have shopped at the similar AliExpress and four percent at the fast fashion giant Shein. Shopping at Temu or Shein is more common in single-parent households. For example, 46 percent of homes with an adult and at least one child had shopped at Temu. The corresponding proportion in two-parent households was 33 percent, according to the survey. Some 36 percent of respondents over the age of 65 said they had ordered products from Temu. Last year, a survey found that Temu was the most popular online shopping choice among people in Finland over the age of 50. Twenty-four percent of respondents between the ages of 18 and 35 said they had shopped at Temu, while 70 percent of that demographic said they had never bought items from online stores outside the EU. Both men and women were found to be equally represented among Temu customers in Finland. The vast majority, 85 percent, of respondents said they think that non-EU shopping platforms should have the same responsibilities as their European counterparts. The Consumers' Union noted that using shops operating outside the EU can often carry risks. The union-commissioned survey was carried out by data analytics firm Aula Research in September.",https://yle.fi/a/74-20199760
15.12.,Media,"Monday's papers: Finland leans on seniors, PM convenes EU leaders, and foreigners' Kela benefits","Finland is becoming increasingly reliant on its seniors, reports Helsingin Sanomat. The importance of older Finns as taxpayers has risen markedly over the past ten years. People aged 65 and over paid nearly a quarter of all income taxes last year. In 2014, those aged 65 and over accounted for only a little over 19 percent of income taxes, according to the Tax Administration. By contrast, the clear losers in Finland's labour market over the same period have been young adults aged 25 to 39. Their median incomes have grown more slowly than the national average, with income growth among people in their thirties proving particularly sluggish. Prime Minister Petteri Orpo (NCP) has invited the heads of state and government of seven EU countries to Helsinki on Tuesday. The gathering, dubbed the Eastern Flank, is intended to bring together leaders from the bloc's eastern frontier. This is not the first time he has convened a high-level gathering in the depths of a Finnish winter. Last year, he drew Italy's prime minister, Giorgia Meloni, and Greece's Kyriakos Mitsotakis to Saariselkä, more than 40 kilometres from the Russian border, to showcase Finland's borderzone reality. This time, the focus is on countries along the EU's eastern frontier. The venue is Helsinki, where — unlike last year's snowy landscapes and sub-zero temperatures — the forecast promises a relatively mild six degrees Celsius and leaden skies The guest list includes Swedish Prime Minister, Ulf Kristersson, Estonian PM Kristen Michal, Latvian PM Evika Siliņa, Polish PM Donald Tusk, Bulgarian PM Rosen Zhelyazkov, Romanian President Nicușor Dan, and Lithuanian President Gitanas Nausėda. A glance at the map of Europe reveals two notable absences, according to Hufvudstasbladet. Hungary and Slovakia, both of which share a border with Ukraine, have not been invited. Kauppalehti follows up on last week's news about how social benefit payments by Kela, Finland's Social Insurance Institution, are distributed across the country. The business paper now turns its attention to the share of benefits drawn by foreign residents. Quoting Kela working papers, KL reports that in 2018 the average immigrant received 4,676 euros a year in benefits, compared with 2,243 euros for people born in Finland. According to Kela, the share of foreign-language speakers among recipients of unemployment benefits more than doubled between 2010 and 2022. The agency stressed that no special benefits are reserved for foreign residents — they are entitled to the same benefits as everyone else. In a newspaper column last week, finance minister and leader of the nationalist Finns Party, Riikka Purra said she wants to prevent people who have lived in Finland for less than 10 years from receiving social assistance, a last-resort form of financial aid.",https://yle.fi/a/74-20199732
12.12.,Domestic news,Nordea bank accused of lax monitoring of sanctions on Russia,"Nordea, one of Finland's largest banks, has failed to collect sufficient information about corporate customers who are at high risk of evading economic sanctions imposed on Russia. That is the main finding from an inspection report by the Financial Supervisory Authority (Fiva) published on Friday by the Finnish news agency STT, which received a public version of the report through an information request to Fiva. It focuses on the Finnish division of Nordea, the Nordic region’s biggest financial group. The report, completed in late October, reveals several shortcomings in the bank's data collection procedures aimed at preventing the circumvention of sanctions on Russian entities. According to Fiva, the most significant problem was that Nordea did not have up-to-date information on all board members and owners of high-risk companies. For several years, Nordea failed to take into account changes made to the Finnish Patent and Registration Office's (PRH) data regarding boards and beneficiaries of companies, the report says. In addition, the report noted that Nordea had not obtained enough information about its corporate customers operating in countries with an increased risk of sanctions evasion. Nordea describes the findings of the Fiva inspection as ""useful"". Sakari Wuolijoki, the bank's General Counsel, Large Corporates & Institutions for Finland, told STT later on Friday that Nordea was surprised by how significant Fiva considered its findings. ""Our understanding has been that we have had very effective systems for preventing and identifying the circumvention of economic sanctions,"" Wuolijoki told the news agency. In his view, it is good that Nordea does not retrieve information on company decision-makers and owners directly from the trade register, but instead updates it manually. According to Wuolijoki, the trade register often contains incomplete information. This is not the first time that Nordea has been found to be lax in its handling of financial matters related to Russia. Last year, Nordea paid a US financial regulator 35 million dollars to settle a case over its failure to properly monitor money-laundering activities in 2008-19, involving the transfer of tens of billions of euros in Russian and Azerbaijani funds. 12:55: Added Nordea's response.",https://yle.fi/a/74-20199404
11.12.,Working life,Parliamentary committee gives green light to controversial bill on firing workers,"The Finnish Parliament's Employment and Equality Committee has approved the government's plans to lower the threshold for employers to fire workers. Under the government's proposal, a ""proper reason"" would suffice for terminating an employment contract, compared with the current law, which requires the reason to be both proper and weighty. Committee chair Arto Satonen (NCP), a former employment minister, told a press conference on Thursday afternoon that the reform is especially aimed at improving the operating conditions of small and medium-sized companies — as they will be more willing to hire staff if the threshold for dismissal is lowered. ""Recruitment is a big decision for a small company,"" Satonen said, adding that the threshold in Finland is the fifth highest among OECD countries. However, not every instance of poor behaviour or inadequate performance would constitute sufficient grounds for dismissal, the government has previously said in a statement. ""A substantial reason is still required, so it’s certainly not about dismissals based on personal preference,"" Satonen said at Thursday's press conference. How the law will, in practice, affect the threshold for dismissing workers remains to be seen — as Satonen noted that only ""several years of legal practice"" will provide the answer. The government's proposal has been roundly criticised as a ""firing law"" by opposition parties. The employment and equality committee's vice-chair, opposition MP Lauri Lyly of the SDP, argued that there is no evidence the legislative change will improve employment. ""This is purely about weakening employee protection without any assessment of the real impact. No one can now say how much the threshold for dismissal will decrease,"" Lyly said. He added that some 12,400 people lose their jobs in Finland every year on so-called personal grounds, meaning not as part of redundancy or restructuring talks, while a further 14,600 are dismissed during their probationary periods. ""This is a weakening that affects the entire labour market, which hits the most vulnerable areas the hardest — young people, women, and those in low-paid jobs,"" Lyly said. The committee also issued a unanimous statement that the law’s impact on people taking pregnancy and parental leave must be closely monitored until 2028. The bill will now proceed to parliament's main chamber to be voted on by MPs, and could be passed into law as early as the beginning of next year.",https://yle.fi/a/74-20199285
8.12.,Media,"Monday's papers: No jobs, no interviews and a €6k Helsinki apartment","Nursing, long regarded as a reliably secure career, is no longer delivering on that promise, reports Helsingin Sanomat. Despite talk of nationwide nursing shortages, a growing cohort of newly minted graduates is struggling to find jobs HS heard from a 24-year-old soon to graduate from the LAB University of Applied Sciences in Lappeenranta, who has already applied for more than a dozen jobs. ""They always said there would be plenty of jobs for nurses. So how did things end up turning upside down so fast?"" asked Vilma Lappalainen. Layoffs in the sector are hitting the university town of Lappeenranta hard. The South Karelia wellbeing services county, under pressure to cut costs, is axing nearly 400 positions and allowing a further 140 fixed-term contracts to lapse. Hufvudstadsbladet features more worrying work life news, talking with the daughter of famous Finnish designer Björn Weckström, best known for creating Planetoid Valleys, the necklace worn by Princess Leia in Star Wars. The younger Weckström, Ewa, however, can't land a job — or even get an interview in Finland — after working in the fashion and design industry in Sweden. ""I've never even been called in for an interview [in Finland]. I thought my international experience would count for something, but most of the time I haven't heard back at all. In Sweden, though, I've had plenty of interviews,"" she told HBL Finland offers excellent education, but it doesn’t reap the benefits, according to Weckström. Today, she works as a product developer at H&M and feels that Sweden offers far better opportunities for young people in the industry. The Enforcement Authority is selling a record number of homes and properties in Finland. Weak housing demand, however, is slowing the sale of seized assets, a last resort lenders to recoup losses. Between January and October this year, the Enforcement Authority initiated the sale of more than 4,400 homes and properties, up from just under 3,900 in 2022. The number of debtors under enforcement is swelling, with this year expected to push past 600,000. To illustrate the point, Kauppalehti reports that in central Helsinki, seven seized apartments from the same building are up for auction. All of the units belong to a single owner. After a week on the market, the highest bid is just 6,000 euros total for one of the apartments measuring 39 square metres, according to the business paper. Yle News' All Points North podcast explored Finland's shifting housing market. Years of falling prices have cooled confidence, but as borrowing costs stabilise, some buyers see opportunity where others see risk. Listen to the episode via this embedded player, on Yle Areena, via Apple, Spotify or wherever you get your podcasts.",https://yle.fi/a/74-20198391
5.12.,Media,"Friday's papers: Russian assets, personal connections, and the cost of remote work","This week, the European Commission proposed using frozen Russian assets to help finance Ukraine's military effort amid Moscow's onslaught. Following up on that development, Maaseudun Tulevaisuus reports that the Russian state holds a substantial portfolio of property in Finland. To date, Finnish authorities have seized assets owned by the Russian Federation worth 36.1 million euros. This includes 38 sets of housing-company shares — mostly apartments in Helsinki — as well as eight standalone properties and funds in bank accounts. The latest seizures concern apartments on Melkonkatu and Ratakatu in central Helsinki, valued at an estimated 600,000 euros and 1.8 million euros, respectively. Both were placed under the control of the Enforcement Authority last November. No fresh confiscations have been recorded so far this year. Nepotism has become a recurring theme in the Finnish media, reflecting unease about blurred boundaries in professional networks. Earlier this year, President Alexander Stubb's son faced controversy over his path to a prestigious summer internship at a think tank. Helsingin Sanomat on Friday turns its focus to the business world. The paper reports a senior manager at elevator maker Kone tried to smooth the path to a family member's summer internship. According to HS, a Kone manager was in touch with Danske Bank, one of Kone's major banking partners, after its official application period had ended. Following the contact, the bank invited the family member to an interview. The applicant in question ended up taking a traineeship elsewhere. Kone, meanwhile, told HS that this kind of conduct does not comply with its code of ethics. Remote work has become a fixture of daily life for many people in Finland. For companies in the service sector, it is proving an expensive shift, reports Hufvudstadsbladet. Each week, people in Finland now log around one million more remote work days than before the pandemic. The impact visible across restaurants, office property markets and public transport. A new study commissioned by hospitality association Mara and the Confederation of Finnish Industries (EK) estimates that remote work drains roughly 1.3 billion euros from the service sector each year. HBL, however, notes that the figures are broad estimates built on numerous assumptions and should therefore be taken with a grain of salt. The economic fallout is felt most acutely in the Helsinki metropolitan area. In Helsinki alone, eateries serving lunch are estimated to have lost up to 70 million annually due to remote working. Across the country, the loss totals roughly 275 million, according to HBL.",https://yle.fi/a/74-20198032
4.12.,Domestic news,"""Consumerist nightmare"" — Advent calendars for adults reach Finland","Once the preserve of children, environmental groups are increasingly drawing attention to the adult Advent calendar trend for fuelling unnecessary consumption while generating packaging waste. The Finnish Nature Association has noted the arrival of adult versions in Finland in recent years. At the same time, even children's calendars have grown more elaborate than they were not long ago. Tuuli Hongisto, a spokesperson for the association, said they generally encourage people to avoid buying things they don't actually need. ""The end of the year in Finland has become a three-month overconsumption festival,"" Hongisto told Yle News, noting that shops start stocking plastic Halloween items in early autumn. ""That consumerist nightmare culminates with Black Friday, and continues through December,"" she pointed out. The Nature Association encourages people to focus on non-material gifts this holiday season. Why not make your own calendar in the run-up to Christmas? ""Give something that doesn't require buying anything new: a walk together in nature, a shared experience, or even mend something for someone,"" Hongisto suggested. ""Get something second hand."" These days, even those with only a passing connection to Jesus Christ are nonetheless spending December counting down the days to his birthday. So what, exactly, does a consumer get for their money when buying an Advent calendar? Yle dissected a range of pricier adult calendars, which contained everything from chocolate and coffee to everyday cosmetics and, in one case, tools. To help assess the value on offer, Yle enlisted Samuel Piha, a consumer research and marketing expert at the University of Turku. 253g €36.90 Samuel Piha noted that the price of this chocolate Advent calendar is rather steep. In this case, the cost of the chocolate comes to roughly 145 euros per kilo. ""If you benchmark that against an ordinary box of chocolates, where the price per kilo is around 20–25 euros, you would expect quite a lot in return when the chocolate is this expensive,"" he said. While not every daily surprise needs to elicit a wow, Piha said he considers the target audience something of a puzzle. ""Perhaps the target group is those with more traditional tastes, possibly older age groups, but it is hard to say. It can also be a safe, uncomplicated gift when the giver does not really know the recipient,"" Piha noted. To his eye, the bright-red calendar, adorned with wooden toy horses, has a distinctly conservative look. 24 x 15g €29.90 on sale, from the RRP of €39.90. Piha calculated that if the calendar costs 30 euros and contains 360 grams of coffee, the kilo price comes to 83 euros. As with the chocolate calendar, the margins are hefty. ""That is a substantial sum compared, for instance, with Juhla Mokka filter coffee, which comes in at around 20 euros per kilo, even after recent price increases,"" he said. Reading the German-language description, Piha wondered whether the product is primarily aimed at the German market. The imagery, a Christmas bauble reflecting a romanticised winter scene, does little to evoke a Nordic Christmas, he added. The intended buyer is again somewhat elusive. ""A coffee calendar like this might be best suited to a true aficionado, someone who genuinely revels in the ritual. But this doesn't really create the impression of something refined or special,"" Piha said. Even the sachets themselves are a utilitarian grey. He did, however, praise the calendar's satisfyingly crisp opening mechanism. €59.90 At 60 euros, the cosmetics calendar is pricier, but Piha noted that its margins are unlikely to be as generous as those on chocolate or coffee calendars. ""If the calendar contains 24 different cosmetic products — and cosmetics are not cheap — I suspect it may even be sold at a slight loss,"" Piha said. But that may not even matter. The daily surprises introduce consumers to new products, meaning the aim is not necessarily to make a profit. In the cosmetics sector, the target audience is generally female. Yet this particular calendar does not seem to court any gender in particular. €99 The tool calendar, which costs nearly 100 euros, sparked Piha's enthusiasm. ""It's wildly counterintuitive. A tool theme is hardly the first thing one associates with an Advent calendar. The product developers have clearly been innovative and bold in trying something like this,"" Piha said. He praised the design, which mimics a real toolbox. ""There isn't the same sense of pressure to put out a calendar simply because everyone else is doing so, as is perhaps the case with many other products,"" Piha says. If the calendar has been on sale since early November, Father's Day may well be an important market, he adds. Still, he is not convinced it will easily find its audience.
""I doubt people would buy something like this for themselves."" After opening a few doors, he finds himself wanting to open more. The element of surprise works, delivering multiple moments of delight.",https://yle.fi/a/74-20197673
2.12.,Working life,"Finland has a stubborn gender pay gap, tax office says","The pay gap between men and women has not narrowed over the past decade, according to new data from the Finnish Tax Administration. From 2014 to 2024, women's wage income grew by just under four percentage points more than men's. Yet in terms of money earned, men's wage income increased by around 2.3 billion euros more than women's over the same period. That is because men started from a higher income level, the Tax Administration's senior inspector Matti Luokkanen explained in a press release. On average, the gender pay gap in Finland stands at about 16 percent. The country's median monthly wage stood at 3,611 euros last year. According to Statistics Finland, men earned a median of 3,884 euros, compared with women's 3,373 euros. The tax office also noted on Tuesday that capital income in Finland remains firmly concentrated among men. The gender split has barely shifted in a decade. Last year, men received 71.7 percent of all capital income, up slightly from 69.8 percent in 2014. In categories such as capital gains, taxable rental income and dividends, men's share has increased both in the number of recipients and in euros since 2014.",https://yle.fi/a/74-20197384
30.11.,Domestic news,Flood of cheap clothes challenges Finnish circular economy,"People in Finland are ordering increasing amounts of goods that are virtually impossible to reuse or recycle. Aki Honkanen, project manager at Lounais-Suomen Jätehuolto Oy, said the waste management company began seeing growing quantities of cheap Chinese clothing about a year ago. ""They are often unused. Some even still have price tags,"" he noted, saying they decided not to pass these textiles on for reuse. ""Yes, we know it doesn't make much sense that we have to send these items straight to the incinerator. The quality is so poor. The fibers can't be recycled because they are mixed."" Finns' enthusiasm for buying goods from Chinese online stores shows no sign of slowing. In October, the head of Finnish Customs told Yle that authorities simply do not have the capacity to monitor the trade. According to Customs, 28.2 million shipments arrived in Finland from outside the EU in 2024. Two years earlier, in 2022, the number was a mere 850,000. Chinese online retail giants like Temu and Shein rapidly captured the attention of European consumers a few years ago. Finnish authorities have taken notice. The Ministry of Economic Affairs and Employment recently set up a working group to examine the problems associated with cheap imports. The concerns include weak consumer protections, environmental impact and the competitiveness of domestic online retailers. The capital region's second-hand Kierrätyskeskus centre gets 17,000 kilos of clothing each week. About 100 kilos of that comes from Chinese discount retailer Shein. While Miia Podworsky of Kierrätyskeskus described that quantity as relatively small, she pointed out that unused goods still represent a cost. At the recycling centre, about one trolley of Shein clothing is sent directly to waste each week. None of it is put up for resale.",https://yle.fi/a/74-20197015
29.11.,Domestic news,Company expelled from Turku Shipyard keeps hiring,"The Estonian company expelled from the Turku shipyard over alleged worker exploitation has still been recruiting welders in Finland. The firm has been offering jobs in both Turku and Helsinki. The information comes from an STT investigation in which the news agency, using a cover identity, posed as a Ukrainian jobseeker. In September, STT reported that Ukrainian workers had been underpaid while employed by Estonian subcontractors at the Turku shipyard. In October, Meyer Turku announced that it had terminated contracts with two firms named in the reporting, Hodes and Bongo Marine. The two share the same Tallinn address and post the same recruitment phone number. In September, Hodes advertised shipbuilding welding and repair jobs in Finland. The Russian-language notice promised above-average pay, free accommodation and workwear. This month, STT arranged for a Russian- and Ukrainian-speaking person to call the number listed in Hodes' ad. On the phone, the caller, posing as a Ukrainian welder named ""Igor,"" was told that the company was still hiring both in Turku and Helsinki. STT reported using a cover identity to gather information because, after months of attempts, Hodes and other firms linked to the exploitation of Ukrainian workers had refused to comment on their operations in Finland. The Meyer Turku shipyard is known as the manufacturer of the world's biggest cruise liners.",https://yle.fi/a/74-20196928
27.11.,Foreign policy,"Some in Eastern Finland would work with Russia again, but with caveats","Some leaders of industry and decisionmakers in Eastern Finland are prepared to consider resuming cooperation with Russia, if its war in Ukraine ends on satisfactory terms, a survey has found. The E2 Research firm's survey heard from 96 respondents — including leaders of municipalities, companies, higher education institutions and organisations — about their feelings about the future of the Russian border-adjacent region. The findings were also based on interviews of local leaders and decisionmakers. Just under half of respondents said they felt cooperating with Russians could be possible, but they did have a variety of reservations about the matter, according to E2 researcher Atte Penttilä. In any case, cooperation with Russia is unlikely until there is a satisfactory peaceful end to the conflict in Ukraine. After that, survey results suggest, future cooperation would hinge on how Russia's democracy and human rights issues develop. ""Many people don't want to spend years working on cooperation before something happens. They don't want to get their fingers burned again,"" Penttilä explained. With very few exceptions, Finland's land border crossings have been closed for around two years, and it doesn't seem like they will be opening again anytime soon. The closures came after undocumented migrants from third countries began entering Finland. The move was a reaction to suspected hybrid influencing by Russia; a state-sponsored scheme known as instrumentalised migration. The border closure was an economic blow to the region, as it ended the flow of cross-border traffic and strangled the tourism business the crossings once generated. E2's survey found more than one-third of respondents saying they think cooperation with Russia would be unlikely and undesirable even after peace is reached in Ukraine. Respondents from educational institutions were more critical of cooperation than, for example, municipal and business leaders. Penttilä explained the difference in attitudes may reflect that the institutions were not as reliant on cross-border cooperation as companies or municipalities were. He noted that virtually all of Finland's universities effectively cut ties with Russia. The survey found respondents saying that Eastern Finland's future increasingly lies in the green transition and employing international experts. More than 90 percent of respondents said they think the state should help support the region's development more than it currently does. ""The future of Eastern Finland is built on cooperation, bold investments and openings, and a change in attitude. The message from Eastern Finland is clear: concrete actions are needed now to secure the vitality of the region and exploit new opportunities,"" Ville Pitkänen, E2's research chief, said in a press release. The research data was collected during September-November 2025. E2 Research interviewed 17 leading representatives from universities, chambers of commerce and municipalities in South Karelia, South Savo, Kainuu, Kymenlaakso, North Karelia and North Savo. Its survey was answered by 96 representatives of municipalities, provinces, educational institutions and universities, as well as business and industry.",https://yle.fi/a/74-20196481
24.1.,Domestic news,Finland blocks 4 Russian real estate deals near Helsinki,"The Ministry of Defence has blocked four attempted real estate transactions by a Russian man in Sipoo, just east of Helsinki. The ministry made the decision on 13 January, but it was not made public until this week. The 41-year-old Russian tried to purchase three residential properties in Sipoo, and a fourth through his company registered in Vantaa. All the transactions involved the same seller. The would-be buyer lacked a permanent residence permit in Finland. A new law prohibiting real estate transactions by Russians and Belarusians came into effect last July. However Yle reported in early January that the legislative change has only slightly curbed real estate purchases by Russians in Finland. The law does not apply to dual citizens of Russia and an EU or EEA country, nor to individuals with permanent EU residence permits issued by Finland. According to statistics from the National Land Survey of Finland, Russians had bought 55 properties in Finland by the end of last November, 35 of them before the legal amendment came into force and 20 after that. Last year, the Ministry of Defence blocked real estate transactions in Sastamala (Pirkanmaa) and in Myllykoski, part of the southeastern city of Kouvola. The latter case involved a Russian-owned forest management company registered in Suonenjoki in the North Savo region. According to the tabloid Iltalehti, the company had agreed to buy the Myllykoski building in May, but did not apply for permission from the ministry until October, when the new law was already in force.",https://yle.fi/a/74-20206259
24.1.,Domestic news,"Finnish Defence Minister: Raising defence budget to 5% of GDP ""can be done""","Just hours after the Pentagon published a new US defence strategy, Finnish Minister of Defence Antti Häkkänen (NCP) appeared on Yle's Saturday-morning talk show to analyse it. Speaking the Ykkösaamu programme, Häkkänen said he believes that the United States remains committed to Nato. He said he still has faith in nuclear deterrence and Nato's Article 5, according to which an attack on one Nato country is an attack on all Nato allies. ""The language and practices of world politics have changed. It is exceptional and disturbing, but when you look at what options Europe has, there is Nato. There are no other alliances. Within Nato, the US is the most significant actor,"" he said. Under the new policy, the US is to prioritise its own security and countering China. Support for allies in Europe will be limited. Therefore European countries must strengthen their own defences. As for Finland, Häkkänen asserted that raising the defence budget to five percent of GDP would be difficult, but that ""it can be done"". Last year, it rose to 2.5 percent, and is expected to grow to at least three percent by 2029. Häkkänen admits that his perception of the US has changed. However, there are no other comparable defence partners available. Strengthening Europe's own defence will take up to a decade, he predicted. ""If Europe were to build a completely new defence capability, including a nuclear deterrent, it would cost 10 percent of GDP. These projects cost hundreds of billions of euros."" Defending the Arctic requires underwater radar and other pricey technologies. US President Donald Trump has proposed a so-called ""golden dome"" missile shield, partly based in Greenland. Cost estimates for the plan range up to 3.6 trillion dollars, with the US already allocating close to 40 billion dollars for the project since last year. The US says it will discuss Arctic threats with its allies, and aims to form a group of seven Arctic countries, to be known as the A7 – in effect, the Arctic Council without Russia. Häkkänen is sceptical as to whether Finland would be able to join other activities beyond its current obligations, but stressed that ""it’s very important for us that the Arctic region is strongly defended,"" pointing to ""little Finland’s"" 1,300 kilometre border with Russia. ""We’re just starting to consider what the role of European countries would be in [defending the Arctic],"" said Häkkänen. On Wednesday, President Alexander Stubb boasted that Finland has ""the biggest military force of Arctic capabilities"" within Nato. However, Häkkänen said that no decisions will be made yet on Finnish troops’ participation in Arctic security. Two Finnish officers have just returned from a fact-finding mission in Greenland. Häkkänen said he wants to hear their reports on possible training activities in Greenland before making any further decisions. On Ukraine, Häkkänen accused Europe of being too passive in supporting Kyiv. He noted that while EU recently approved a two-year support package for Ukraine, the problem is that Russia is still reaping income from energy sales, including to some European countries. Sanctions have failed to halt such sales, while Ukraine's plight has been overshadowed by US posturing over Greenland. ""Europe has acted strongly and significantly, but it’s been insufficient. In terms of these sanctions, Russia's energy revenues and access to electronic components have not been stopped. There’s a gap there,"" the defence minister said. As long as Russia continues to reap energy revenues, it has no desire for peace, Häkkänen argued. Early Saturday, massive Russian strikes on Kyiv and Kharkiv killed one person and injured 23 others, just as talks aimed at ending the war resumed in Abu Dhabi. Thousands of buildings remain without heating amid temperatures around -12C in Ukraine, the BBC reported.",https://yle.fi/a/74-20206244
24.1.,Domestic news,"""Relatively good"" marks for Finland's foreign policy leaders amid turbulent times","People in Finland are quite satisfied with the country's foreign policy leadership, according to a survey published by the tabloid Ilta-Sanomat on Saturday. Polling company Taloustutkimus asked respondents to rate the recent handling of Finland's foreign policy on a scale of 1-10 points. The average score was approximately 7.5. The survey was carried out this past Wednesday and Thursday, just as European leaders were grappling with US President Donald Trump’s military and trade threats regarding Greenland. President Alexander Stubb received a rating of 8.2 points, while Foreign Minister Elina Valtonen (NCP) received a rating of 7.6. Tuomo Turja, Research Director at Taloustutkimus, considers the rating to be good considering the circumstances. ""At the moment, the operating environment in foreign policy is quite difficult and we’re navigating atmosphere of considerable uncertainty. When we also take into account the fact that we have a moderately polarised political situation and that the government is quite unpopular, this rating is relatively good,"" he told IS. Valtonen represents Prime Minister Petteri Orpo’s National Coalition Party, which Stubb formerly led. As expected, the highest ratings in the poll came from NCP supporters, with the lowest from backers of the opposition Left Alliance. ""This clearly shows the general coolness of the Left Alliance in particular towards the United States. I suspect that the Left Alliance members are not terribly happy that Finland's foreign and security policy currently relies quite strongly on alliances with the West and especially the US, as long as Trump is still president,"" Turja said. Under the Finnish constitution, foreign policy is led by the president in co-operation with the government, but the cabinet is generally responsible for EU-related decisions. Taloustutkimus interviewed just over 1,000 people on 21–22 January. It estimates the margin of error at 3.2 percentage points.",https://yle.fi/a/74-20206213
24.1.,Domestic news,Social Democrat MP Kim Berg apologises for inappropriate comments,"Social Democratic Party (SDP) MP Kim Berg has apologised for making inappropriate comments in front of female members of his party. ""I apologise for carelessly saying something that has offended someone who was listening. I will learn from this,"" Berg wrote in a Facebook post. Suspicions of harassment within the SDP first surfaced when Berg's party colleague Ville Merinen discussed the alleged incidents in an Yle documentary series called Vallan algoritmi (roughly translated as 'The Algorithm of Power'). Merinen said that he has not dared to reveal to the public how MPs treat their assistants. Tabloid Ilta-Sanomat reported on Thursday that four out of five harassment cases linked to the SDP parliamentary group involve current SDP Members of Parliament. Three of these cases, the paper wrote, relate to an incident at a social event held by the SDP's parliamentary group in Vantaa in the summer of 2023. According to IS, Berg asked several female staff members of the parliamentary group if they had experienced harassment and, if not, whether they would like to be harassed. In a separate Facebook post, written on Thursday, Berg said that he finds it ""truly unreasonable to be publicly accused of harassment because of one poor choice of words"". Berg also denied to the paper that he made such a remark, and he re-iterated this denial in an interview with Yle. ""The claim that I would have suggested harassment to several women at the afterparty is not true,"" Berg told Yle.",https://yle.fi/a/74-20206175
24.1.,Domestic news,Police find elderly man living in Helsinki basement under inhumane conditions,"Police in Helsinki have opened a human trafficking investigation after finding an 80-year-old man living under inhumane conditions in the basement of a house in the city. After receiving a tip from a member of the public, officers searched the property, a detached house in North Helsinki, on Monday. Police said the man was found in poor physical condition and needing assistance, noting that he had been living in a windowless room with no washing, toilet or food preparation facilities. According to police, he may have been living in the basement for 20 years. Police temporarily detained two men and a woman suspected of involvement in the case. The suspects are around 60 years old and live in Helsinki, but have since been released. ""The suspects are not relatives of the victim, but they have known each other for a long time,"" lead investigator, detective inspector Jari Korkalainen said. Among other leads, police are investigating whether others who lived in the house had committed human trafficking crimes by taking advantage of the victim's vulnerability. ""We're looking into relationships between the people living in the house and other individuals, how the [victim] ended up there, and how he could have lived in such poor conditions for so long,"" Korkalainen said. Police are also investigating whether the perpetrators had carried out the crimes for financial gain. According to Korkalainen, the victim voluntarily moved into the house more than 20 years ago, but his health has since deteriorated. He said that the victim is in quite good condition now and receiving necessary care.",https://yle.fi/a/74-20206116
24.1.,Domestic news,Yle sources: Finnish liaison officers end mission in Greenland,"Two Finnish liaison officers have concluded their fact-finding mission in Greenland, according to information obtained by Yle. Yle's source said that the officers would be heading back to Finland by the end of this week. Finland sent the officers to Greenland last week, following a request from Denmark to carry out a multinational military mission in the region. Denmark made the move as US President Donald Trump's threats to annex Greenland continued to escalate. Apart from Finland, the countries sending military personnel to Greenland included France, Germany, Sweden, Norway, the Netherlands and the UK. The US was also invited to take part. So far, military officials from Germany and the Netherlands have since departed Greenland. Trump has repeatedly claimed the US needs to seize control of the semiautonomous island because it does not believe Denmark, which holds the territory, is capable of defending it. Denmark and Greenland began negotiations with the United States about 10 days ago, but the exact content of those talks has not been made public. As Finland announced that it was sending two officers to the region, Defence Minister Antti Häkkänen (NCP) said the move was not a message to members in the Nato military alliance, but rather a broader announcement to the world regarding European allies' commitment to security in the Arctic. The move appeared to frustrate Trump, and he threatened punitive tariffs on the participating countries. However, on Wednesday, the American president said that he was calling off the threatened tariffs. In another reversal, Trump has also said that the US will not follow through on his perceived threats that the US could take Greenland by force. After meeting with Nato's Secretary General, Mark Rutte, Trump announced on his social media channel Truth Social that he and Rutte had ""formed the framework of a future deal with respect to Greenland"" — as well as the Arctic region.",https://yle.fi/a/74-20206091
24.1.,Domestic news,"Thai media: 11-year-old Finnish girl held captive, tortured","Authorities in Thailand, working alongside the Finnish embassy, have taken an 11-year-old Finnish girl into care in the country's Sa Kaeo province. According to a report by the Khaosod newspaper, the child contacted authorities asking for help, alleging that she had been held captive and tortured. The article states that she was held in the village of Watthana Nakhon, in the east of the country. Yle understands that the girl is currently in the care of Thai authorities but will soon be transferred to the protection of the Finnish Embassy. A spokesperson for the Finnish Ministry for Foreign Affairs told Yle that the ministry is aware of a consular case involving a child in Thailand, but declined to comment further, citing privacy concerns. Reports in Thai media suggest that a preliminary investigation into the girl's claims has uncovered evidence that two Finnish adults had overstayed their visa periods in Thailand by more than two years. According to the reports, they were both taken into police custody. The relationship between the two adults and the girl has not been officially confirmed, but Finnish media has reported they are a 55-year-old man and a 47-year-old woman. The man is understood to have an extensive criminal history in Finland, including for financial crimes. Yle has not yet been able to independently verify the information reported by Thai media outlets.",https://yle.fi/a/74-20206086
24.1.,Domestic news,MP Saara-Sofia Sirén leaving parliament to lead pension advocacy group,"National Coalition Party MP Saara-Sofia Sirén has announced plans to step down from her post in order to take up a job leading the pension sector advocacy association Tela. The association said its board selected Sirén for the top job at a meeting on Thursday. Sirén is scheduled to begin her new post as its managing director on 1 May, but that hinges on parliament granting the MP permission to step down. While a politician's mid-term resignation from parliament is rare, the Finnish constitution allows an MP to resign if they are doing so in order to take on a socially important position. The 39-year-old Sirén was first elected as an MP in 2015. Last May she became the chair of the Grand Committee — a body that handles EU-related issues. Sirén is set to replace Tela's current managing director Suvi-Anne Siimes, a former finance minister and Left Alliance chair.",https://yle.fi/a/74-20206067
24.1.,Domestic news,Orpo: Greenland clash left a mark on EU-US relations,"The diplomatic row over US President Donald Trump's plans to take over Greenland has left a stain on relations between the EU and the United States, according to Finnish Prime Minister Petteri Orpo (NCP). Speaking to reporters after a meeting with other EU leaders in Brussels on Thursday, Orpo said that the extent of the damage will only be known later. He also noted that the situation has not yet been resolved, and there is no strong sense within the EU of when it will be. ""However, the most acute crisis situation has been defused,"" Orpo said, referring in particular to the possibility of a trade war between the EU and the United States. He further added that allies should not exert pressure on each other or push for the annexation of a partner country's territory. ""And also, the language used towards Europe has been quite widely noted,"" Orpo said. In a speech at the World Economic Forum (WEF) in Davos, Switzerland on Wednesday, President Trump said that Europe is ""not heading in the right direction"" and that many countries are unrecognisable from before, referring to European immigration policies. Trump also alleged that issues like immigration and the so-called green transition — meaning a shift towards investment in sustainable energy — have hampered Europe's development. Separately, Ukrainian President Volodymyr Zelensky has announced that PM Orpo will be awarded one of Ukraine's highest state honours — the 2nd Class Order of Prince Yaroslav the Wise. The honour is being bestowed on Orpo for his work in strengthening cooperation between Finland and Ukraine, Zelensky said, as well as for the premier's continued support of Ukraine. Finland's former prime minister Sanna Marin also received an honour from Ukraine — in her case, the 1st Class Order of Princess Olga — in recognition of her support for Ukraine's sovereignty and territorial integrity.",https://yle.fi/a/74-20206032
24.1.,Domestic news,Helsinki sends personal message to Pamela Anderson via €100k marketing campaign,"The City of Helsinki has sent a personal, open invitation to Canadian-American actress Pamela Anderson via the medium of a short film. The idea behind the video, which has been widely shared on social media over the past few days, stems from the Baywatch star's stated desire to change her surname to that of her grandfather, Herman Hyytiäinen. Anderson revealed her intention in an interview with Vogue Scandinavia at the end of last year, when she spoke about the importance of her relationship with her grandfather and the ""magical language that no one else could understand"" — Finnish — she believed as a child they shared. ""He was the closest person to me in my life,"" she told the magazine. The City of Helsinki's film features the Finnish actor Janne Hyytiäinen — potentially a ""long lost cousin"", according to the City — inviting Anderson to visit the Finnish capital and discover more about her roots. He explains that, according to Finnish law, there are three ways she could go about officially changing her name to Hyytiäinen: marriage, adoption or citizenship. The short film, titled ""Operation: Make Pamela a Hyytiäinen"", is a tongue-in-cheek marketing campaign that promotes Helsinki as a place to visit — and also includes a tourism guide called ""24 hours in Helsinki as Pamela Hyytiäinen"". The campaign was planned and executed by Helsinki Partners, a company owned by the city and tasked with attracting international visitors, talent, and investments to the capital. According to the City's information, the costs for ""Operation: Make Pamela a Hyytiäinen"" are about 110,000 euros — 60,000 euros in production costs and 50,000 for marketing and social media. A spokesperson for the City said they have been happy with the campaign's reach during its first few days, with about half a million views already registered as the video has also garnered a good deal of buzz abroad. ""There have been about 158 mentions in international media at this stage,"" Helsinki Partners' brand and PR director Soila Lehkonen said. Although the campaign invites Pamela Anderson to visit Helsinki, her roots are not in the capital but in Saarijärvi, a village of about 8,000 inhabitants some 60 kilometres northwest of the city of Jyväskylä. ""Helsinki is a natural place to start a visit and to get to know Finland,"" Lehkonen said. However, as of the time of writing, Anderson has yet to respond to the invitation.",https://yle.fi/a/74-20206021
24.1.,Domestic news,"Friday's papers: Stubb predicts three Greenland outcomes, government wants AI healthcare help, and how long should you wear underwear?","Finnish President Alexander Stubb — who has spent this week in Davos, Switzerland at the World Economic Forum — foresees three scenarios regarding Greenland's future. He explained the three possible outcomes in an interview with newspaper Ilta-Sanomat, before US President Donald Trump's speech about the topic at the gathering of top decisionmakers and business leaders from around the world. ""One good, one bad and one catastrophic,"" Stubb said, according to IS. Before Trump arrived at WEF, he threatened Finland and seven other countries with punitive tariffs after they sent a small group of military personnel to Greenland. However, over the course of the day, Trump ultimately dropped the tariff threats, after meeting with Nato's Secretary General, Mark Rutte. After those talks, Trump announced on his social media channel Truth Social that he and Rutte had ""formed the framework of a future deal with respect to Greenland"" — as well as the Arctic Region. According to the New York Times, he did not offer further details. Regarding his predictions about Greenland's future, the Finnish president said a good scenario would be the concerned parties finding a process to peacefully discuss security in the region — hopefully within Nato. The second scenario, Stubb said, would be increased tariffs on both sides of the Atlantic. ""So, a kind of trade war,"" he said, according to IS. ""And the third was some kind of reference to military intervention. We worked hard to ensure that the second and third scenarios would not come true,"" Stubb said. Stubb noted that no agreement about Greenland has yet been reached, confirming that Finland would do its part regarding security in Greenland and in the Arctic. ""Now we've calmed down and de-escalated a situation that looked bad. And the process will take a few months, or it could take years,"" he said. The paper noted that Trump also suggested the US was no longer considering using military force to acquire Greenland, but did continue to say he still wants the territory. Stubb said Trump's speech offered ""two silver linings"". ""That is, the fact that there will be no military intervention and the fact that a process will be built that is related to the security of the Arctic region,"" he told Ilta-Sanomat. Prime Minister Petteri Orpo's (NCP) government wants to enable the use of artificial intelligence to automate some tasks in the public healthcare sector to assess patient care needs, according to newspaper Hufvudstadsbladet. Such aims are included in the government programme, according to a press release by the social affairs and health ministry on Thursday. The ministry said that the government is proposing amendments to the Health and Medical Services Act to enable tech-supported assessments in healthcare. Current law, it noted, stipulates that care assessments be made by professionally trained staff within the health and medical services sector. As examples, the ministry said that in practice, it would allow the social service sector to use data analysis to reduce its most burdensome tasks through preventive measures — and also enable healthcare services to plan screening examinations more effectively. ""The changes should be made so that the patients' fundamental freedoms and rights are not compromised. For example, the patient should always have the right to have their care needs assessed by a professionally trained person,"" the ministry's release read. The ministry plans to submit the proposal in the autumn, HBL reports. On Friday morning, newspaper Iltalehti explored the rarely considered question of how often people should change their underwear. But the question wasn't random, it noted. Earlier this month, an adventurous Finnish rower, Jari Saario, was rescued at sea after getting caught in a violent storm as he was rowing solo from Chile to South Africa. While he survived the ordeal, his specialised, fibreglass rowboat was damaged by the rough weather and could not be recovered. According to Iltalehti, Saario has admitted that over the course of 66 days of rowing before the storm, he had not changed his underwear a single time. So the paper sought advice from a doctor, to find out if that might have been too long. According to Emilia Lagus, a physician at the private healthcare firm Terveystalo, it seems so. ""Generally, I would comment that this sounds like a situation that could be a bit awkward and cause symptoms. Of course, there are types of underwear designed to be worn longer, as is perhaps the case in Saario's situation,"" Lagus explained. Such specialised undergarments are often made of merino wool, which absorbs moisture, ""which is the biggest problem with underwear"", she explained. ""When moisture remains on warm skin, it is a wonderful breeding ground for bacteria and fungi,"" Lagus said. She noted that if people need to wear their undies longer than a day, the most important thing is to keep them dry. However, she also noted that, in terms of underwear, women and men have different needs. The situation for women is more demanding. Lagus said females need underwear that is breathable and able to absorb moisture, while their menstrual cycles call for other requirements. According to the physician, a British study found that 20 percent of men in the UK wear the same underwear for up to a week. ""It doesn't sound terribly comfortable and I'd recommend changing more frequently,"" Lagus said, according to Iltalehti.",https://yle.fi/a/74-20206004
24.1.,Domestic news,Helsinki police shelve investigation into woman's fatal balcony fall,"An investigation into the death of a woman who fell from a fifth-floor balcony in the Hietalahti district last September of Helsinki will not proceed any further due to a lack of evidence. Police suspect that a 59-year-old man may have been involved in the death of the woman, who was in her early 50s. He was remanded into custody shortly after the woman's death. According to Yle's information at the time, the suspect and the woman lived together in the apartment. ""The case remains open. From the beginning, I have said that neither the possibility of an accident nor a crime can be ruled out,"" Helsinki police department's lead investigator Juha Piippo said. Despite an extensive preliminary investigation, Piippo conceded that there is not enough evidence to take the case to court. There were no eyewitnesses and no surveillance camera footage to give investigators an insight into what may have occurred, he added. ""Of course, if something new were ever to emerge that would suggest a crime has taken place, a new investigation would certainly be opened,"" Piippo noted. According to Yle's sources, the suspect has a lengthy criminal history, including a firearms offence, drunken boating and welfare fraud. He was also banned from contacting a former spouse in a domestic violence-related restraining order issued about 20 years ago.",https://yle.fi/a/74-20205915
24.1.,Domestic news,Finland sets tougher guidelines: No social media or smartphones for under-13s,"Finland has issued stricter guidelines for children’s use of digital gadgets, including the call for a ban on the use of social media or smartphones for under-13s. The new rules, drawn up by the Institute for Health and Welfare (THL) and the National Agency for Education, were published on Thursday. The agencies recommend that children under the age of 13 should not have smartphones of their own or be allowed to use social media. The recommendations cover youngsters’ free time, not homework or other school-related tasks. For younger kids, no screen time at all is recommended for children aged under the age of two, with a maximum of one hour of screen time daily for those aged 2–10, rising to two hours for kids aged 11–13. According to the guidelines, age limits for games, TV shows, videos and films must be followed to avoid exposure to harmful content. The recommendations are stricter than a draft version published last autumn, which only referred to banning social media. That attracted an exceptionally large number of comments from parents – more than 6,000 of them – most of whom supported the restrictions. Researchers and experts also urged stricter recommendations. The THL plans to develop recommendations for 14–18-year-olds later this year. Prime Minister Petteri Orpo (NCP) has also called for a ban on social media for children under the age of 15. His office is preparing a preliminary report on the matter. According to Yle sources, the government aims to proceed with the matter as quickly as possible. The legislative term ends in the spring of 2027. It's about time, says Silja Kosola, an associate professor in adolescent medicine who has researched the impact of social media. ""We’ve had an uncontrolled human experiment going on. Finland has been a digitally savvy nation, and we have given phones to exceptionally young children. I’m not aware of any other country where first graders have had their own smartphones,"" Kosola told Yle. According to Kosola, the responsibility for restricting social media should not be left solely to parents. She warns of the Danish model, which aims to ban social media for those under 15, but allows 13-year-olds to use it with parental permission. ""That actually means the age limit is lower, and the whole idea is watered down. It’s really important that the same age limit really applies to everyone,"" Kosola said.",https://yle.fi/a/74-20205877
24.1.,Domestic news,Strongest solar storm this century delivers spectacular northern lights show,"Exceptionally vivid aurora borealis, also known as the northern lights, have been observed over Finland during the past few days. The spectacular show was caused by a very powerful solar storm, which Finnish weather researcher Ilja Honkonen said is the strongest on record since 1991. A coronal mass ejection (CME) was emitted from the sun on Sunday evening, according to astronomers, and its impact was enhanced by the release of a cloud of gas. When a CME reaches Earth, it interacts with the planet’s magnetic field, causing the aurora borealis. Unfortunately, the effects of this celestial event coincided with cloudy skies over Finland on Wednesday evening, although many stargazers had sent photos and videos to Yle from Tuesday night's vibrant show. Here is a selection of the images. The All Points North podcast went chasing the northern lights in Finnish Lapland. Listen to the episode via this embedded player, on Yle Areena via Apple or Spotify or wherever you get your podcasts.",https://yle.fi/a/74-20205870
24.1.,Domestic news,"Finland sees ""significant drop"" in immigration as birth rate rebounds","The number of people moving to Finland from abroad fell once again during 2025, according to preliminary figures published on Thursday by Statistics Finland. A total of 50,060 immigrants arrived in Finland during the 12 months of last year, StatFin's report states. This figure is a ""significant"" decrease on the figure of 63,965 registered in 2024, according to the number-crunching agency, and a further decline again from the 73,236 recorded in 2023, which was an all-time record high number. Immigration experts began sounding warnings about two years ago that Finland was falling behind other nations in the race to attract global talent. In addition, the Finnish government's tightening of rules around residency permits for foreign workers, limits on the obtaining of certain social welfare benefits, and the ease of securing Finnish citizenship have been widely viewed as making the country feel less welcoming to newcomers. A separate set of figures published by Statistics Finland on Thursday revealed that Finland's total fertility rate was 1.3 last year — a small but noticeable increase following three consecutive years of decline. A total of 45,835 children were born in Finland last year, compared to 43,711 in 2024. The total fertility rate refers to a calculation of how many children a woman would give birth to during her lifetime if the birth rate remained at the level of the calculation year. Senior Actuary Joonas Toivola noted that while the preliminary fertility rate of 1.3 is higher than in 2023 and 2024, it is still the third-lowest in statistical history. ""It will be interesting to see if this continues this year,"" he said. Statistics Finland's report noted that Central Ostrobothnia remains the most fertile region in the country, with a rate of 1.62 compared to the nationwide average of 1.3. The lowest fertility rate was registered in North Karelia, at just 1.13. The number of deaths recorded last year exceeded the number of births by over 13,000. Finland's total population stood at 5.66 million at the end of last year, an increase of about 21,000 people on the figure for 2024. This slight statistical rise is solely due to migration gain from abroad, the agency noted.",https://yle.fi/a/74-20205861
24.1.,Domestic news,Finland cool on Trump's 'Peace Board' as Orpo meets with Chinese and European leaders,"While President Alexander Stubb is busy with appearances at the World Economic Forum (WEF) in Davos, Switzerland – including a lecture on ""the New World Order"" on Thursday afternoon – Prime Minister Petteri Orpo (NCP) joins other EU leaders that evening for an informal dinner meeting in Brussels. The event is hosted by European Council President António Costa of Portugal, who said in advance that the discussions would focus on the issue of Greenland and the ""shared transatlantic interest in peace and security in the Arctic"". Earlier on Thursday, that looming crisis appeared to have been defused with US President Donald Trump backing down on threats of military action and tariffs – for now at least. Also on Thursday, Trump hosts a ceremony at Davos launching his so-called 'Board of Peace', which he envisages as a mediator for Gaza and other global conflicts, with himself at the helm. Norway, Sweden and France have all rejected participation, with Hungary the only EU country so far to accept a seat – which is expected to cost one billion dollars for the first three years. Finland has not so far officially announced whether it will be involved, but Stubb and Orpo have distanced themselves from the project. ""We have a completely pan-European line, which follows the same policy as Sweden and France,"" Stubb said in an interview with Yle in Davos on Wednesday evening. ""We think it's good that there is an investment in peace mediation. The most important thing is that it takes place through a UN mandate,"" he said, adding that Finland will not intend to make any hasty decisions regarding the Peace Council. ""In the form it currently has, it looks very challenging. We have a common European policy and we'll stick to that,"" Stubb said. Meanwhile on Thursday morning, Orpo's office announced that he will head to China next week, where he is to meet with President Xi Jinping as well as Prime Minister Li Qiang, who is hosting the official visit. It will be the first visit to the country by a Finnish prime minister in nearly a decade, since a trip by Juha Sipilä (Cen) in mid-2017. Stubb visited in late 2024. According to an official handout, discussions are to focus on bilateral and Chinese-EU ties as well as Russia’s war of aggression in Ukraine. ""It is important to continue dialogue with China on bilateral cooperation and topical international issues, such as challenges in the rules-based system and trade. China is an important export market for Finnish companies and the EU’s second largest trading partner. The relationship between the EU and China must be based on reciprocity and equal market access,"" Orpo said in the press release. Cooperation between Finland and China centres on the green transition and efforts to combat climate change, the government said in the statement.",https://yle.fi/a/74-20205814
24.1.,Domestic news,"Thursday's papers: Trump withdraws tariff threat, kids' sports injuries, and dressing dogs for winter","The latest twist in US President Donald Trump's demands on Greenland dominate the headlines in Finland's newspapers on Thursday morning. Helsingin Sanomat writes that Trump has now cancelled the threat he made last week to impose punitive tariffs on Finland and seven other countries if they stand in the way of his plans for a US takeover of Greenland. This U-turn follows Trump's meeting with Nato Secretary General Mark Rutte at the World Economic Forum in Davos on Wednesday, HS reports, after which the US president announced that an ""understanding had been reached"". While the exact details of this 'understanding' are still hazy, HS cites a source within CNN as saying that it will involve a reworking of the agreement made between the United States and Denmark in 1951 on defending the Arctic territory. This reworking could involve Denmark giving the US control over new ""small"" areas of Greenland, according to HS — this time citing a New York Times insider. A Nato spokesperson meanwhile noted that the agreement currently being drafted will not only pertain to the US and Denmark, but also to other countries operating in the Arctic region — including Finland. Finnish Prime Minister Petteri Orpo (NCP) will meet other EU leaders on Thursday to discuss relations with the US, the cancellation of the tariff threat, and the draft agreement over Greenland's future. With newspapers scrambling to make sense of the US president's tactics, tabloid Iltalehti heads to a Helsinki daycare to hear the children's thoughts on taking something that does not belong to you. ""If I want something, I ask, 'May I have it?' 6-year-old Viljo says. ""If they refuse, I can’t take it without permission. That feels bad."" Out of the mouths of babes, as the saying goes. Staying with the subject of children, Ilta-Sanomat returns to a subject often raised in Finland's public discourse — are the demands of organised sports leading to kids suffering too many injuries? The question arises from a report by Iltalehti, published earlier this week, which revealed that up to half of children in Finland who regularly participate in sports have sustained some kind of injury in the past year — many of them due to over-exertion. ""Children attend practice four times a week, where they train at high intensity,"" sports physician Harri Hakkarainen told IL. ""This of course puts strain on, for example, the lower back. Some have too little leisure-time activity that would allow the body to recover."" One Helsinki-based father, whose three children aged 10-12 all play football, argues that children's hobbies in Finland are ""too frequent and too strenuous"". He has noticed that his children, and their teammates, often suffer similar injuries — in particular to the knees and the heels. He believes this is because the training sessions are too narrowly focused on repetitive tasks, instead of having a broader range of activities that would strengthen the core muscles. Overall though, he wonders if children who are still in elementary school should have to undergo such demanding training sessions 4-5 times per week. ""Does sport really have to be taken so seriously?"" he asks. Tampere-based daily Aamulehti meanwhile asks if dogs should wear a coat when going outside during Finnish winter, in one of the paper's most popular articles on Thursday. The phenomenon of dogs wearing anything — and indeed, everything — from an overcoat to a fleece jacket to waterproof boots has become a common sight on the streets of Finland in recent years. But putting on clothes and especially footwear can feel very unnatural for dogs, often leading to them walking in a way that seems more ""reminiscent of a Monty Python sketch"", Aamulehti writes. Local vet Antti Mikkonen tells the paper that deciding whether or not to dress your pet during winter depends on the dog — short-haired and smaller breeds, as well as older dogs, should don some form of warm clothing when going for walks, he says, as the risk of hypothermia exists for them just as it does for humans. Other breeds, such as huskies and Finnish Lapphunds, are better suited to winter conditions and therefore may not necessarily need clothing. For those who do need to be dressed, it's good to get them used to the habit early in life, according to poodle-owner Miia Rimpiläinen. ""Probably no dog likes putting on clothes if they haven’t been taught to enjoy it from puppyhood,"" Rimpiläinen tells AL.",https://yle.fi/a/74-20205796
24.1.,Domestic news,Stubb: Europe can defend itself,"Europe is able to defend itself, Finnish President Alexander Stubb said at the World Economic Forum (WEF) in Davos, Switzerland, on Wednesday. He was taking part in a panel discussion on Europe’s defence capabilities with Nato Secretary-General Mark Rutte, Polish President Karol Nawrocki and others. ""A direct answer to the question of this panel: Can Europe defend itself? My answer is unequivocally yes,"" Stubb said, offering his views on how Nato might look like without US assistance. Stubb pointed out to Finland’s own military as an example. He asserted that Finland, together with Poland, has the biggest artillery in Europe, including long-range missiles for land, sea and air. ""Can the Finnish military defend itself against a Russian attack? Yes,” the president said. ""We have the biggest military force of Arctic capabilities in the alliance. We have conscription. One million have done it. We can mobilise 280,000 soldiers within weeks. Stubb stressed the interdependence of Europe and the US, acknowledging for instance that Finnish fighter jets can't fly without US technology. ""We have 62 F-18s. Your next question is do they fly with Americans? No, they don't. But do we trust that they're going to continue to fly because it's in the interest of America do so? Yes,"" Stubb said. Stubb stressed the importance of societal resilience as well as military capabilities. ""You fight wars on the battlefield, but you win them at home…all of us need to focus more on comprehensive security on the civilian side of things,"" he said, adding: ""That’s why we have civilian shelters for 4.4 million Finns"" as well as supplies to avoid shortages in food, energy and electricity. Stubb said that he believed a diplomatic solution could be found to the crisis over US demands regarding Greenland, and threats of additional tariffs on European countries that oppose them. He used an American baseball metaphor, saying that there are ""at times curveballs flying in different types of directions"". However, Stubb said: ""I think at the end of the day, we’ll find an off-ramp on this."" Stubb is representing Finland in Davos alongside Foreign Minister Elina Valtonen (NCP) and Minister for Foreign Trade and Development Ville Tavio (Finns). 22 Jan: Removed phrase ""without the United States"" from headline and body text; added more context.",https://yle.fi/a/74-20205727
24.1.,Domestic news,Finland issues new civil defence shelter guidance,"Finland's interior ministry on Wednesday issued three new guides of instruction on the maintenance and use of the country's civil defence shelters. Finland has around 50,500 civil defence shelters that could accommodate about 4.8 million people, according to the interior ministry. According to Statistics Finland, the country's population was 5.66 million in November. Responsibility for maintaining the shelters, often found in the cellars of apartment buildings, is up to the owners, which means housing companies or other operators of the property. The ministry said the objectives of boosting the country's resilience to crises, as well as improving preparedness in general, are part of the government programme. The guides are intended to support those owners and operators, according to Pauliina Eskola, Director of Rescue Services, Accident Prevention and International Cooperation. ""Civil defence shelters are an important part of society's resilience and preparedness. Even if shelters do not need to be activated now, they must always be kept in proper condition. Property owners play a role in determining how strong our civil defence system is as a whole,"" Eskola said in a press release. ""In normal conditions, civil defence shelters are used as recreational facilities or storage spaces, for example. Even in everyday use, shelters must be used and serviced in such a way that they remain in working order,"" the ministry explained. It noted that in addition to maintaining the shelters, owners need to ensure that the spaces are regularly inspected, at least every ten years. ""Preparedness is a civic skill: everyone prepares according to their capabilities. Basic knowledge of civil defence shelters, sheltering and preparedness for incidents is useful for everyone,"" Eskola said in the release.",https://yle.fi/a/74-20205668
14.1.,Entertainment,Watch the UMK26 artist reveal here,"It's time for UMK, the Contest for New Music — it's the way Finland picks which act to send to the Eurovision Song Contest. Yle will broadcast UMK's announcement of the seven finalists on Wednesday 14 January at 7:30pm Finnish time. Due to major international interest in Finland's Eurovision fever, commentary will also be offered in English by the UMK team's Jaakko Oleander. The hour-long show will be broadcast live on Yle's multimedia streaming service Areena. While the artists are being revealed, the actual song entries will be released gradually — one at a time, each weekday at midnight — starting just a few hours after Wednesday's announcement. Each entry will be posted on Yle Areena and YouTube, as well as streaming platforms. UMK published an article explaining details about how the acts were picked (it's several juries) and how the contest will proceed. The UMK26 domestic qualifier will be held on Saturday 28 February at Nokia Arena in Tampere.",https://yle.fi/a/74-20203968
25.12.,Society,Nigerian music student enjoys the peacefulness of Finnish Christmas,"Omotola Adeshina says he feels content after completing his master's degree at the Sibelius Academy in Helsinki. His studies in the academy's Global Music programme culminated in mid-December with a concert at Musiikkitalo's Sonore Hall, as part of the Global Fest event. The performance featured Adeshina's own compositions alongside spiritual songs, performed by a large group of musicians. At its peak, three choirs appeared on stage at the same time. The audience responded enthusiastically, singing, dancing, clapping and joining in the praise. Adeshina's main instrument is his voice. He began singing as a child in a church choir, which has remained central to his musical identity. ""My family belongs to the Christian C&S congregation, whose founder Moses Orimolade sang so beautifully as a child that his older brother feared angels would carry him away while they were working in the fields,"" Adeshina said, recounting the church legend. Originally from Lagos, Nigeria's largest city, Adeshina's musical journey led from church choirs to the Faculty of Arts at the University of Ibadan. His interest in pursuing a master's degree in Helsinki was sparked after he learned about the Sibelius Academy's Global Music programme, which is taught in English and focuses on musical traditions from different cultures. His first autumn in Helsinki, however, came as a shock. ""I arrived here in October. I didn't have an apartment or a bank account. In Nigeria it's sunny and hot, and here it was a bit different,"" Adeshina said with a laugh. Despite the difficult start, he says the Global Music community welcomed him warmly. After several complications, he found housing, and the international student body and equally international teaching staff supported one another. He also found a church community in Helsinki. ""Church is home for me. It has developed me musically, spiritually, emotionally, in relationships and in other areas of life,"" he said. A significant share of Sibelius Academy students come from outside Finland, and the proportion has been steadily increasing. This year, 21 percent of the academy's more than 1,000 students are international. Adeshina represents international students on the board of the University of the Arts Helsinki student union. He says living in Finland can be challenging, particularly for arts students. ""Arts students effectively have a double workload. They have to study and also take care of their instrument, whether that's an actual instrument or their own body. There's hardly time for paid work, no matter how hard-working you are,"" he said. Finding suitable part-time work alongside studies is difficult, and students would need long working hours to cover Helsinki's high living and housing costs. International students are also concerned about tuition fees, which are set to more than double in August 2026. At the Sibelius Academy, annual tuition will rise to 28,000 euros. Until now, the academy has been able to support international students through a combination of state funding and private donations. However, state support will end in 2026 due to government cuts to universities, and the academy is now seeking new ways to assist students. Adeshina is staying in Finland over Christmas. He says he has grown accustomed to Helsinki's grey winter and has built networks for making music. Looking ahead, he hopes to pursue doctoral studies. ""Our professor Nathan Riki Thomson said in one course that the most important thing is to step into your own discomfort zone. I've tried to do that with my music and to set out on a journey of exploration,"" he said. In Nigeria, Christmas is celebrated on 25 December, often with family and outings in the city. At first, Helsinki's near-total quiet during the holidays felt strange, but Adeshina says he has come to appreciate the Finnish tradition of spending Christmas with close family. He notes that services in the Evangelical Lutheran Church are much quieter than the lively worship he is used to, but that does not bother him. ""I also like the silence and the fact that in Lutheran services you can hear the words of the hymns so clearly. Here, church is a place to calm down and reflect. Everything is so focused,"" he said.",https://yle.fi/a/74-20201470
25.12.,Society,Record number visit Helsinki Christmas Market,"Helsinki's traditional Christmas Market attracted a record number of visitors this year, organisers say. Around 650,000 residents and tourists visited the market in the run-up to Christmas, up from about 600,000 last year. The market in the downtown Senate Square closed on Sunday. The rise is thought to be partly linked to increased tourist numbers in Helsinki. Jenni Pajunen, chair of the board of the Helsinki Events Foundation, said that with recent growth in visitor numbers, the market is likely to be the largest public event in Finland. Food was a major draw this year, with more than 100 small producers and food businesses taking part. Organisers said Korean-style reindeer corndogs and crumbles were among the most popular items. Over a little more than three weeks, more than 60,000 portions of rice porridge were sold, while visitors drank more than 85,000 cups of hot mulled wine, according to the Helsinki Events Foundation. Although the market in Senate Square will return next year, festive market activities continue elsewhere in Helsinki until Epiphany. The nearby Manta Christmas Market, located a block south in the Havis Amanda Square, will remain open until 6 January, offering food experiences and small-scale performances. On St Stephen's Day on Friday 26 December, visitors can take part in traditional dances from 18:00.",https://yle.fi/a/74-20201459
24.12.,Society,Finland celebrates Christmas Eve with old traditions amid mixed weather,"Driving conditions in many parts of Finland will be hazardous on Christmas Eve, according to the Finnish Meteorological Institute (FMI). Roads are especially icy in central and western areas, the FMI noted, as well as in Finnish Lapland. Powder snow has also fallen onto road surfaces in eastern Finland which may affect driving conditions, especially on smaller roads. Motorists across the country are advised to plan longer routes carefully and to allow plenty of time for their journeys. The latest weather-related traffic warnings can be found on the Finnish Meteorological Institute’s website. The roads have been quiet in the early hours of Christmas Eve, according to Traficom's latest information, but the daytime hours are expected to be much busier. ""Today there will be traffic, as it is the so-called main day,"" traffic operator Iida Pennanen told Yle. Meanwhile, the Hursti charitable foundation will hold its annual Christmas event for people facing hard times on Christmas Eve. The event will take place from 12 noon at the Helsinki Exhibition and Convention Centre, with doors opening at 11am. The venue can accommodate up to 2,000 people. The foundation offers Christmas food and festive-related performances for the capital's homeless, impoverished and lonely. Attendees will also receive a bag of groceries to take home from the event. Hursti's Christmas party has been held at the Exhibition Centre since 2015. The foundation, which was established in the 1960s, operates year-round by distributing food aid and clothing to those in need. Another tradition that will continue this year is the declaration of Christmas Peace, made at 12 noon from the Old Great Square in Turku. The tradition has lasted over 700 years and it was broadcast on Yle radio for the first time in 1935. This year the declaration will be read once again by Turku’s Chief of Protocol, Mika Akkanen, while Finnish President Alexander Stubb and his spouse Suzanne Innes-Stubb will also be in attendance. The declaration used to mean that crimes committed during the Christmas Peace period were subject to harsher punishments than at other times.",https://yle.fi/a/74-20201409
19.12.,All Points North,APN Podcast: Finland's 2025 in review,"Over the past 12 months, our APN listeners have become a much more active and integral part of our weekly podcast. You've told us about the reasons you moved to Finland, the benefits and challenges of raising a family here, and your concerns about the future. In this review of 2025, we look back at the highlights — and lowlights — of life in Finland, in particular from the perspective of people who have moved here from abroad. Listen to the episode via this embedded player, on Yle Areena, via Apple, Spotify or wherever you get your podcasts. Ronan Browne produced and presented this episode of All Points North. The sound engineer was Panu Willman. If you have any questions or want to share your thoughts, contact us via WhatsApp at +358 44 421 0909 or at yle.news@yle.fi and allpointsnorth@yle.fi.",https://yle.fi/a/74-20200680
7.12.,Politics,"Independence Day gala brings colour, surprise matches and standout looks to the Presidential Palace","Finland's annual Independence Day reception once again doubled as the country's biggest fashion moment, as around 1,800 invited guests gathered at the Presidential Palace on Saturday evening. Former Prime Minister Sanna Marin drew particular attention after arriving in a gown that appeared, reportedly by coincidence, strikingly similar to that worn by Suzanne Innes-Stubb, the spouse of President Alexander Stubb. Both women wore dresses in an identical shade of silver blue — almost as if they were cut from the same sheet of fabric. Both evening gowns were also accompanied by similar blue sashes and honours. Marin's high-necked gown was designed by Anne-Mari Pahkala and Stubb's by Kaisa Turunen. Among the night's most anticipated outfits was that of Finland's Eurovision representative this year Erika Vikman, who arrived in a powder-coloured dress featuring a corset-style top and a dramatic train reminiscent of Hollywood's Golden Age. The couple to open the presidential handshake line this year was singer Katri Helena and her husband Tommi Liimatainen. It marked only the second time in the history of the Independence Day reception that a woman was the first to shake the Finnish president's hand. ""It is a great honour and one more pearl on the necklace of memories after these six decades,"" Helena told Yle. She ended her 62-year performing career in August with a farewell concert at Helsinki's Olympic Stadium. Later in the evening, one of the most striking dark ensembles appeared on the red carpet as Armas Lintusaari, producer for the contemporary circus group Arctic Ensemble, arrived wearing a shimmering jacket paired with a long black hem and exceptionally large shoes. All Points North's latest episode examines the legacy of Finland's dwindling war generation. Listen to the episode via this embedded player, on Yle Areena, via Apple, Spotify or wherever you get your podcasts. Below is a gallery of some other standout looks from Finland's biggest red carpet night of the year.",https://yle.fi/a/74-20198322
6.12.,Society,"Finland celebrates 108th Independence Day with traditions, tensions","Finland marked its Independence Day on Saturday with the usual mix of solemn ceremonies, community events and political demonstrations, some of which required heavy police presence in central Helsinki. Yle News reporter Matthew Schilke explained some of Finland's Independence Day traditions in the video below. The day's official commemorations began in Helsinki, where President Alexander Stubb and his spouse Suzanne Innes-Stubb laid a wreath at the Hietaniemi Cemetery's Tomb of the Unknown Soldier. Despite steady rain, hundreds of people gathered to watch the ceremony, which concluded with a military band playing the national anthem. Prime Minister Petteri Orpo (NCP) and representatives of the Defence Forces, the Border Guard, veterans' organisations and the City of Helsinki also laid wreaths. Elsewhere, Kouvola hosted the national Independence Day parade, attracting large crowds along Salpausselänkatu. The march was reviewed by Lieutenant General Kim Jäämeri, Finland's military representative to the EU and Nato. In Helsinki, the traditional Heikki Hursti's meal for the disadvantaged drew long queues despite the rain. Volunteers served free soup to around 800 people, continuing the decades-long charity tradition founded by Veikko and Toimi Hursti. A second tradition — begun only last year — saw Helsinki cold-water swimmers gather again in Jätkäsaari to sing Finlandia while wading in the frigid sea. Independence Day also brought a series of politically charged marches and counter-protests, particularly in Helsinki's Töölö district, prompting significant transport disruptions on tram and bus lines throughout the afternoon and evening. The first major event was the ""Suomi herää"" (""Finland Awakens"") march, which departed from Railway Square with around 500 masked participants, including members of the far-right Active Club network. Participants lit pyrotechnic torches, at times filling Mannerheimintie with thick smoke. Police said the burning flares caused safety risks in the crowd, and officers intervened in the actions of at least two people. One man who attempted to block the procession shouted ""shame on you!"" before police removed him from the route. The march ended outside the Finnish Parliament Building, where police stood guard. Later in the evening, authorities fenced off Töölöntori, the traditional starting point for the 612 torchlight march, which has in past years included far-right participants. Police expect tensions as the counter-movement ""Helsinki without Nazis"" announced it would gather at the same location shortly before the 6:30pm start of the 612 procession. All Points North's latest episode examines the legacy of Finland's dwindling war generation. Listen to the episode via this embedded player, on Yle Areena, via Apple, Spotify or wherever you get your podcasts. The day concludes with the Independence Day Reception at the Presidential Palace, where invited guests celebrate with President Stubb and his spouse. Yle's live broadcast of the event begins at 6:15pm on Saturday. The Presidential Reception can be watched in the embedded player below. The gala remains Finland's most-watched annual television event.",https://yle.fi/a/74-20198279
5.12.,All Points North,The last of Finland's never-forgotten generation,"Independence Day in Finland is a mostly sombre affair. Hietaniemi Cemetery in Helsinki, usually bordered by crowds on the nearby beach during the summer, takes on a far more solemn atmosphere in early December. Gravestones are freshly cleaned, memorials are tended, and officials gather to commemorate those who fought for Finland in the Winter War, Continuation War and Lapland War. The ones who survived the three conflicts make up Finland's revered but ever dwindling pool of war veterans — and every year that heroic generation seems to slip further away. Finnish President Alexander Stubb made the decision last year to not invite the veterans to the Independence Day gala — but instead to a separate, quieter event designed specifically for Finland's oldest surviving soldiers. Although a controversial decision at the time, Sakari Martimo of the Tammenlehvän Perinneliitto veterans' heritage organisation notes that the change reflects practical considerations. ""These are 100-year-old people who have to travel even from the northern part of Finland,"" he told the podcast All Points North, adding that the new arrangement allows the president to devote his ""full attention to the veterans for two whole hours"". Around 20 veterans were able to attend the ceremony this year. By 2035, the last of Finland's wartime veterans will likely have passed away. All Points North's latest episode examines the legacy of Finland's dwindling war generation. Listen to the episode via this embedded player, on Yle Areena, via Apple, Spotify or wherever you get your podcasts. Commemorative traditions for veterans and members of Lotta Svärd, a voluntary auxiliary paramilitary organisation for women during the wars, have adapted over time. Historian Olli Kleemola from the University of Turku tells APN that veterans were not always a prominent part of the Independence Day reception. ""It is really only after the end of the Cold War,"" he said, pointing to President Mauno Koivisto's decision to invite veterans in 1989 on the 50th anniversary of the Winter War. During the Cold War, openly commemorating the wars risked irritating the Soviet Union, whose influence shaped much of Finnish political life. Only after the collapse of the Soviet Union did public appreciation of veterans expand, as retired servicemen had more time to publish books, participate in organisations and shape collective memory. With the wartime generation now more than a century old, much of their history is shifting from lived experience to recorded research. American historian and YouTuber Ian McCollum, who has worked with the Military Museum of Finland on a forthcoming book titled Forged in Snow, said Finland's experience remains a powerful example of national resistance. ""I think especially compared to the United States, Finland has a really important firsthand experience of why it can be worth going to war,"" McCollum told the All Points North podcast. McCollum added that Finland's history of small arms reflects a small country that made the best with what it could acquire to defend itself. McCollum's new book details every single small arm manufactured and modified since Finland became independent in 1917. ""Being willing to take that fight on is what kept Finland a sovereign country,"" he said. ""There's a really important firsthand lesson in that.""",https://yle.fi/a/74-20198151
2.12.,Domestic news,Finland's war veterans get early Independence Day honours,"Veterans and members of Lotta Svärd, a voluntary auxiliary paramilitary organisation for women, are celebrating Finnish independence on Tuesday at the Presidential Palace. It is taking place a few days ahead of the official holiday on Saturday 6 December. Tuesday's event brings together people of Finland's wartime generation, including veterans and Lotta Svärd members, hosted by President Alexander Stubb and his spouse Suzanne Innes-Stubb. The afternoon reception will also feature other members of the country's political leadership, with performances by the Guard's Band and singers from the National Opera. Just under 20 guests of honour are expected, with an average age exceeding 100. According to the President's Office, the daytime reception is designed to accommodate multiple guests and allow for unhurried conversations that take into account their advanced age and health. Every year, the President's Office announces a theme ahead of the official reception on 6 December. This year, the event will highlight the role of education and learning as cornerstones of Finnish society, according to Stubb's office. Yle will offer live coverage of Saturday's Independence Day gala on TV and its streaming platform Yle Areena. Edited at 15:50 on 2 December 2025 to include photos and video from the event.",https://yle.fi/a/74-20197358
30.11.,Domestic news,Christmas season opens with first Advent Sunday,"In churches across the country, congregations on Sunday are singing Hoosianna, the opening hymn of the Finnish hymnal. More than two centuries old, the hymn reflects the intertwined histories of Finland and Sweden. Turku's musical society is believed to have performed it for the first time in 1807. The word ""hosanna,"" which appears in the New Testament, is the Greek form of an originally Hebrew cry for help addressed to a king or to God. Around 62 percent of Finland's population belongs to the Evangelical Lutheran Church. Watch Helsinki kick off the Christmas season with its traditional opening parade, one of Finland's largest festive events.",https://yle.fi/a/74-20196996
23.11.,Society,"""You no longer have to be so serious"" — gospel music sweeps Finnish congregations","Gospel music is growing in popularity. Over the past couple of years, Finnish congregations have established several gospel choirs, and this autumn Jyväskylä parish's new choir saw a surge in applications. So many people applied that the parish had to raise the participation cap from 50 to 120. Nationwide, the Evangelical Lutheran Church of Finland says that gospel's popularity is on the rise. Gospel is rhythmic spiritual music with roots in African-American culture. The word 'gospel' means 'good news.' As a Christian music genre, gospel is more energetic than classical choral music. A gospel choir is often accompanied by a band, and singers incorporate dance into their performances. Jyväskylä is not the only city where gospel is gaining ground. Teija Tuukkanen of the Church Council of the Evangelical Lutheran Church of Finland said that several gospel choirs have been established in Finland over the past couple of years. The change reflects Finnish church music becoming more diverse. ""You no longer have to be so serious — you can also embrace joy. The choir, for example, is allowed to dance in church,"" Tuukkanen explained. Helsinki, Kokkola, Tammisaari, Tampere and Kuopio now have gospel choirs. This autumn, new choirs have also started in Lappeenranta and Saarijärvi, in addition to Jyväskylä. Gospel has also attracted people who might not otherwise have been interested in joining a church choir, according to Tuukkanen. Nowadays, younger church music directors often have a background in popular rather than classical music, helping to fuel the trend. Tuukkanen also noted that improved language skills among congregants and church staff have made it easier to include English-language music in services. Jyväskylä parish's gospel choir performs songs in their original language, English.",https://yle.fi/a/74-20195685
21.11.,Technology,Spotify's audiobook rollout in Finland takes authors by surprise,"According to digital media expert and Yle's streaming services chief, Kari Haakana, audiobooks on Spotify may introduce the medium to new customers. ""It may bring people who don't have audiobook subscriptions to listen to audiobooks,"" he said. On Tuesday, Spotify started offering audiobooks, joining competing platforms like BookBeat, Storytel, Nextory and Audible. Monthly subscription rates for audiobook services range from around 10 to more than 20 euros per month, depending on the amount of content offered and consumed. Nearly all of Finland's public libraries also offer free e-library services which include audiobooks, e-books and digital periodicals and newspapers. According to Spotify, a 12.99-euro premium monthly subscription includes access to around 300,000 audiobooks, along with the platform's broad selection of streamable music and podcasts. However, it remains to be seen how beneficial the development will be for authors, according to Haakana. ""Consumers may win in the short term — there are lots of titles to choose from and prices are kept reasonable. But will that mean authors will benefit? I don't know,"" Haakana said. Yle spoke with authors in Finland who said that Spotify and their publishers made the audiobook streaming agreement without their participation. They include authors at publishing house Otava — Koko Hubara and Pajtim Statovci — and Gummerus author Juha Itkonen. They said they learned about their work being on Spotify on Tuesday, when the platform began offering them. According to Itkonen, Gummerus gave its writers an opportunity to decide whether they want their works to be on Spotify. On the other hand, Otava has already uploaded several audiobooks to the platform. Hubara told Yle that she learned about the Spotify news from a Helsingin Sanomat article on Tuesday. Hubara and Statovci said they were surprised Otava did not discuss the decision with its writers, noting that the publisher has organised discussions about legal matters or tax changes, for example. ""The issue should have been communicated differently, for example by immediately inviting the authors to a joint discussion about the issue and giving them the opportunity to ask critical questions,"" Statovci told Yle by email. However, all three authors acknowledged that they agreed to giving the publishers the authority to decide how their work would be distributed when they signed their contracts. Hubara emphasised that her criticism is particularly directed to the publisher's communication about the matter. She also suggested that her publisher earns larger sums of money compared to the authors they take on. According to Statovci, authors understand they don't have much say about publishers' decisions about the distribution and pricing of books. Meanwhile, Itkonen emphasised that he does not want to ""start a war"" with publishers. He added that he understands that agreements between publishers and Spotify inherently involve a degree of business secrecy. ""Nevertheless, it highlights that the writer is somehow in a weak position, in the dark and helpless. Decisions are made without us being heard,"" Itkonen said. Itkonen's publisher has argued that Spotify is a platform worth using. It has also noted that Spotify does not pay less than other audiobook services and that putting audiobooks there can help reach new audiences. Hubara said she felt it was unfair how her publisher was vague about the compensation model information. The publisher's email to her stated that Spotify uses a similar payment model as other listening-time based platforms. Itkonen said he thinks it is a positive development that payment for audiobook listens on Spotify are on a per-minute basis. A Spotify premium subscription at 12.99 euros per month offers customers 12 hours of audiobook listening per month. Customers can listen to more, but that comes at additional cost. People without Spotify subscriptions can also purchase individual audiobooks. According to the CEO of publishing house WSOY, Timo Julkunen, the company has been telling its authors about Spotify's plans to bring audiobooks to the Nordic market for the past couple of years. However, he said that due to the agreement it made with Spotify, the publisher was unable to tell the authors in advance about the actual starting date. ""We try to be as open with our writers as possible. This was a legal matter,"" Julkunen said. Otava's sales chief, Nona Ratia, echoed that statement, saying that its agreement with Spotify only allowed the publisher to inform authors on Tuesday. Authors have for some time complained that the compensation they receive for audiobooks is too low. WSOY's Julkunen said he shares those concerns, adding that publishers are in the same boat. ""I'd like to point out that many authors have received significant income from audiobook services,"" he said. Generally, the publishers think that Spotify will be a good addition to the Finnish audiobook market, a sentiment shared by Otava's sales chief Ratia. ""We think it is a good thing that there are several players and competitors in the audiobook market. We believe that overall literature sales will grow,"" Ratia said.",https://yle.fi/a/74-20195463
8.11.,Music,Star conductor Salonen nominated for 3rd Grammy Award,"Finnish conductor and composer Esa-Pekka Salonen could score his third Grammy Award in Los Angeles in February. The US Recording Academy announced its nominations late Friday, with Salonen nominated in the Best Orchestral Performance category. The nod comes for his recording of Igor Stravinsky’s Symphony in Three Movements with the San Francisco Symphony Orchestra. The album was recorded live in its home city in late 2023. That was just a few months before Salonen’s surprise announcement that he would leave the orchestra when his contract expired at the end of the 2024-25 season, the San Francisco Chronicle reports. He cited differences of opinion with the orchestra’s board about its future direction. Last year, during Salonen’s final season as music director, he and the orchestra picked up three Grammy nominations, one for their recording of Stravinsky’s ""Firebird"" and two for their world premiere recording of Finnish composer Kaija Saariaho’s opera Adriana Mater"". The latter album won the Grammy for Best Opera Recording in February. It was recorded in the summer of 2023, just a few days after Saariaho’s death from cancer at the age of 70. She and Salonen, 67, were close friends for decades. In 1977, they were co-founders of the influential Korvat auki (""Ears Open"") association of young composers. Although Salonen left the orchestra in June, the SFS still has plans to release more recordings by Salonen with the orchestra. He first led the ensemble in 2004. In September, the Orchestre de Paris appointed Salonen as principal conductor for a five-year contract beginning in 2027, while the Los Angeles Philharmonic appointed him as creative director, starting next year. Salonen has racked up a dozen US Recording Academy nominations. He picked up his first Grammy in 2009, when his recording with violinist Hilary Hahn and the Swedish Radio Symphony Orchestra won in the Best Instrumental Soloist(s) Performance (with orchestra) category. That same year, pianist Gloria Cheng won the award for Best Instrumental Soloist Performance (without Orchestra) for an album featuring works by Salonen and two others. Last year, Salonen was honoured alongside guitarist-producer Nile Rodgers with the 2024 Polar Music Prize in Stockholm, after conducting the 2023 Nobel Prize Concert there. A younger Finnish conductor was also up for an award at last February’s Grammy ceremony. Susanna Mälkki was nominated for Best Orchestral Performance for an album of Jean Sibelius pieces performed by the Helsinki Philharmonic Orchestra. The 68th Grammy Awards ceremony is scheduled for 1 February in Los Angeles.",https://yle.fi/a/74-20192900
22.10.,Media,"Wednesday's papers: Finnair's foibles, lost in translation, and daycare haircuts","Domestic outlets, including Ilta-Sanomat, report on the latest developments regarding Finnair's laundry mishap, which forced the airline to cancel dozens of flights. Finnair will not compensate passengers for flights grounded by a laundry fiasco that left seat covers on eight Airbus A321s improperly washed and possibly less fire-resistant. The carrier argues that the cancellations fall under 'extraordinary circumstances' as defined by EU aviation regulations, grounds that exempt airlines from mandatory compensation. Passengers are reportedly less than pleased with that decision. All Points North recently looked into a turbulent year for Finnair. Listen to the episode via this embedded player, on Yle Areena, via Apple, Spotify or wherever you get your podcasts. Finland is officially bilingual, with both Finnish and Swedish enjoying equal status under the law. In practice, though, public signs and official notices in Swedish are frequently misspelled, mistranslated or omitted altogether. Hufvudstadsbladet draws attention to three problematic mistranslations in Statistics Finland's communications in one week alone. Mistakes include confusing words like 'most' and 'least', inverting the intended meaning of official communications. The leading Swedish-language daily also noted that of the over 100 news releases the state agency has published on its website this year, only nine have been translated into Swedish. Helsingin Sanomat follows up its recent comparisons of Spanish and Finnish education with the discovery that some nurseries are offering an unexpected service: haircuts. Anni Holmström, a Finn living in Spain, was delighted when her two-year-old's hair was trimmed during the nursery day. The daycare salon visit took less than ten minutes and cost 20 euros. She calls the idea brilliant: parents save time, children stay calm in a familiar environment and everyone leaves looking a little neater. Finnish early-childhood officials were less enthused, though they said the idea sounded fun. The concept, they said, would be impossible to replicate in Finland, where strict rules govern what can happen in daycare settings. ""In Finland, we tend to see more risks than opportunities, and we love our rules,"" mother-of-two Holmström told HS. ""In Spain, the atmosphere is different. People are more relaxed, and not every regulation has to be followed to the letter.""",https://yle.fi/a/74-20189727
21.10.,Media,"Tuesday's papers: A seat at the table, a renter's market, and kids eat too","Finland has been working behind the scenes to advocate for Ukraine ahead of a planned Trump–Putin meeting in Budapest. But according to Kauppalehti, Finnish President Alexander Stubb is, for now at least, not expected to attend the meeting in Budapest, where US President Donald Trump plans to meet Russia's Vladimir Putin in an effort to bring an end to the war in Ukraine. Finland and key European countries are working behind the scenes to promote a just peace for Ukraine. This effort is being carried out within the so-called coalition of the willing, which includes 26 nations, as well as a smaller Ukraine-focused group, both of which Finland participates in under Stubb’s leadership, the business daily explained. In Helsinki and across the capital region, rents are falling at a pace not seen before, reports Helsingin Sanomat. The decline in rents, which began in the spring, has accelerated through late summer and early autumn. Now, tenants are being enticed with gift cards worth hundreds of euros and rent-free months, as an oversupply of rental flats floods the market. Corporate landlords are offering potential tenants a month — or even a full month — of free rent at the start of their lease, as well as gift cards to furniture and grocery stores. ""Finns should be more willing to go out to eat with their kids,"" Carlos Henriques, the proprietor of Elm's in Helsinki, told Hufvudstadsbladet. Henriques, originally from Portugal, has lived in Finland for 14 years. His restaurant has piqued the Swedish-language daily's interest by offering babysitting services that have reportedly proven popular. He said that Finns' attitudes toward children in restaurants and public spaces differ sharply from those in southern Europe. ""I come from a culture where children are part of everything,"" he said. ""For us, it feels strange to think they wouldn't be included at dinner."" Even so, Henriques observed that attitudes in Finland are gradually changing. People are slowly learning that neither fellow diners nor restaurant staff regard children as a burden.",https://yle.fi/a/74-20189470
20.10.,Media,"Monday's papers: Banking privacy, from MoMA to Helsinki, and going to waste","The financial industry is worried about changes that would give tax officials broader rights to people's banking information. Business magazine Talouselämä explores a proposal put forward by the government that would grant Finland's Tax Administration broader powers to request information about taxpayers' finances. Finance Finland, an industry group, has sharply criticised the reform, arguing that it would open the door to extensive, large-scale data requests without the need to specify individual targets. Responding to the criticism, the finance ministry told the magazine that any information request made by the tax office must be justified and narrowly focused on data deemed essential for tax supervision. The proposal aims to support efforts to combat the grey economy, according to TE. The bill has now moved to parliament for consideration, with the law scheduled to take effect at the beginning of next year. Carson Chan, most recently curator of architecture and design at the Museum of Modern Art (MoMA) in New York, has been appointed chief curator of the Architecture and Design Museum in Helsinki. His job will be to lead the curatorial team at the Finnish museum, which is slated to relocate to Helsinki's South Harbour waterfront in 2030. ""The museum is a public institution of learning,"" Chan told Hufvudstadsbladet. ""We do not engage in politics in the way politicians do, but we can take clear positions and shape how people think about issues such as the climate crisis,"" he said. ""When it comes to climate change issues, we don't just need to reach people in their sixties, we need to engage the six-year-olds,"" Chan told the paper. Plastic recycling is not always as straightforward as people think, according to Maaseudun Tulevaisuus. Many people, without much thought, drop used plastic freezer bags into plastic recycling, but these actually belong in mixed waste, according to the agricultural paper. Only plastics that have served as packaging can be recycled as plastic waste, while general plastic items cannot. For example, the small plastic bags used for fruit and vegetables in stores are recyclable because they function as packaging, but biodegradable plastic bags, on the other hand, are not.",https://yle.fi/a/74-20189234
14.10.,Culture,STT: Spanish painting missing for centuries found in Finnish gallery,"A painting by the Spanish Baroque artist Antonio del Castillo y Saavedra (1616–1668), which was thought to have been lost for hundreds of years, has been discovered on display at the Villa Gyllenberg Art Museum in Helsinki. The artwork, entitled Saint Peter Martyr, was painted sometime between 1650 and 1655 as part of a series depicting saints that originally belonged to the Dominican monastery of San Pablo in Córdoba, southern Spain. The painting has been missing since around 1830, when the Spanish state sold the monastery's properties and confiscated its assets. The San Pablo series, which includes 10 paintings in total, was broken up and was believed for centuries to have been lost. According to Finnish news agency STT, Villa Gyllenberg's Chief Curator Lotta Nylund was on holiday in Andalusia last year when she spotted a plaque at the Fine Arts Museum in the city of Córdoba which read: ""Saint Peter Martyr – location unknown"". ""I think I know where this lost work is located,"" Nylund tells STT of her thoughts at the time. ""When I got home, I compared the measurements of the works and read all the research literature, and it started to look more and more likely that the painting at Villa Gyllenberg is actually one of the missing parts of the Córdoba series."" Further research confirmed her suspicions, and collaboration between the two museums led to Castillo expert José María Palencia Cerezo travelling to Helsinki to confirm the work was part of the San Pablo series. Finnish art collector Ane Gyllenberg purchased the painting from a gallery in London in 1934. An exhibition of Gyllenberg's collection — including the once-lost Saint Peter Martyr — will open at Villa Gyllenberg on 15 October.",https://yle.fi/a/74-20188317
14.10.,Domestic news,"""People don't have babies to make taxpayers"" — Finland's childfree defend choices amid shrinking population debate","As news of shrinking municipalities, an ageing population and record-low birthrates continue to dominate Finnish headlines, a growing share of people in Finland are choosing to be childfree. The proportion of childless adults in Finland is among the highest in Europe and OECD countries, based on data from the Family Federation of Finland. Around one in five women and more than one in four men born in the late 1960s and early 1980s — now aged 45–55 — are childless and will likely remain so due to their age. According to a 2025 government report, the country's birth rate has fallen more rapidly than expected during this decade, primarily because of a decrease in first births. But amid public and political debate on the ""population crisis,"" childfree people in Finland argue that the discussion too often shifts to concerns about an ageing population and who will prop up the welfare system. Soile Rajamäki, chairperson of the Finnish Childfree Association (Vapaaehtoiset Lapsettomat in Finnish), says this framing is problematic and calls for a complete rethink. ""What is missing in this discussion is the fact that the Finnish pension system is a man-made structure — it's not a force of nature that is inescapable. This structure has clearly outlived its usefulness, and we need a new, better one that adapts to changing times, where many people simply don't want to have children,"" she says. Rajamäki added that supporting the welfare system is the last thing on people's minds when deciding to have children. ""I doubt if there are really any parents who have children because the country needs new taxpayers,"" Rajamäki says. According to Rajamäki, with the severe cuts in the social welfare system, including mental health care, education, and childcare, ""there's no guarantee that even the children born today are going to be healthy and productive members of society"". New estimates by the Ministry of Social Affairs and Health show that government social security cuts will push over 30,000 children below the poverty line, raising child poverty by three percentage points. Rajamäki, who joined the association of voluntarily childfree people in 2016, said the group aims to provide peer support for those who make this valid lifestyle choice but are often made to feel like outliers. ""I grew up in a small, conservative and religious town where it was clear what a girl's life was supposed to be. But I always knew that was not my path. In my 20s, I made a firm decision not to have children, though I initially felt alone and alienated until I found others like me and this organisation,"" she says. Among the group's members, the reasons for choosing to be childfree are varied, ranging from a desire for an independent life to concerns about the environment, the future, and uncertainty about what lies ahead. She says the freedom to make that choice is especially important for women's rights. ""For some people, it's not even an active decision. It's just who they are. But I would say, most child-free people want to have a nice, quiet and easy life and the unrestricted ability to pursue the life they want,"" Rajamäki says. While the association organises social activities like picnics, cultural visits, and hiking for its members, it also focuses on advocacy issues. ""Especially in the current climate, we've spoken out against a government proposal to ban sterilisations and vasectomies in public healthcare. This kind of policy is a slippery slope and a gateway to even more dangerous decisions on individuals' reproductive and sexual rights,"" she adds. Back in the late 1970s and early '80s, only about 4–10 percent of Finnish 20–35-year-olds without kids thought that having zero children was the ideal. But among those born in 1985–1994, the share has already climbed to around 20 percent, according to findings from surveys conducted between 2007 and 2018 by the Family Federation of Finland. Kateryna Golovina, a postdoctoral researcher at the Federation, says the reasons for this are a combination of objective uncertainties — such as unfinished studies, unstable job situations — and ""perceived uncertainty"" about the global situation, climate and their own ability to provide for a child. She says in the past, having children was not really a choice, but something everyone just did because of social expectations. But now people actively have to make that decision. ""In the last few decades, expectations around raising children have increased greatly, be it financially or in terms of time and energy — there's this idea of intensive parenthood. In our research, we found that many who chose to stay childfree said they didn’t feel suitable for parenting. For them, it was simply not the right path,"" she says. Golovina adds that another key factor is the reluctance to change one's current lifestyle. Many people want to travel, build a career, or pursue other activities they see as incompatible with childbearing, which often leads them to postpone parenthood. One reason for Finland's high rate of childlessness, according to the statistics from the Family Federation of Finland, is that people are delaying parenthood, meaning some reach the end of their fertile years without having a first child. For some, like Raquel Leesmaa Becerra, uncertainty in Finland's volatile job market has led them to postpone or forgo having children. Becerra, 32, from Mexico, says she always expected to have children, which drew her to Finland, known for its family-friendly environment and safety. However, she lost her permanent job in 2024 when the company shut down, and she has been unemployed for around 14 months. She even received letters from immigration authority Migri about the possibility of deportation until she switched her residence permit from employment-based to family ties. ""How can I feel ready to become a mother, considering how uncertain my future is here? The family and children I hope to have deserve so much more than the bare minimum,"" she says. According to Becerra, she wouldn't want to parent solely relying on state support and government handouts, especially with the increasing number of cuts in the social sector. ""If I reach 38 and don’t have kids, it won't happen for me. I still have a few years to figure it out, but if the situation isn't changing, I am not sure anymore,"" Becerra explains. According to her, integration of foreigners goes beyond just discussions of learning the language, but also facilitating a stable environment where they feel secure starting a family. ""I would think it’s more of a gain for Finland to help people who have grounds to stay in the country and make it easier for them. Integration plans are not working anymore if people can't imagine their future they desire for themselves,"" she adds. Finland has a relatively generous family policy, which includes paid parental leave, a universal child allowance for every child under 17, and a home care allowance for children under three who are not in daycare. However, the promise of state support alone is not enough to convince people to have children, says Karolina Mackiewicz, 42, from Poland, who has voluntarily chosen a childfree life, adding that raising a child requires much more than financial incentives. ""As a foreigner in Finland, I see my peers struggling with raising kids without a community, without a 'village.' Institutions or the state don't give you what your closest family gives you. I see families with children, and I never feel like I'm missing out,"" she says. Mackiewicz adds that there is no single reason for her decision to remain childfree — it simply came naturally to her. ""When I decided 15 years ago, people kept saying, 'You'll change your mind, you'll get pregnant.' But I never felt that calling, and sometimes, it felt odd to even have to defend my decision."" According to Mackiewicz, although she drifted apart from many friends who became absorbed in playdates and family events as the years went by, she has built a life that is independent, fulfilling, and exactly as she imagined. ""My partner and I have been together for 13 years. From the start, it was clear that I didn't want children, which made things easier, and there was no pressure from my partner. We’re happy, spending our free time and disposable income on travel. Sometimes, I even feel guilty for having it too easy in life."" According to Kateryna Golovina from the Family Federation of Finland, while Finland's family-friendly policies help support parents and likely prevent the birth rate from falling even further, ultimately, no policy can force people to have children. In fact, paying women to have more babies doesn't work because it fails to address the underlying issues, like work pressures. ""Raising maternal benefits or allowances a bit wouldn't suddenly make people want kids, and no one can be coerced into doing so,"" she says. Support should go to those who want children, but there's also a large group of people who are hesitant, undecided, or ambivalent, according to Golovina. ""For that group, it may help to show that parenthood is not only about crying children and constant stress. It is demanding and difficult, but it also brings many rewards. Social media plays a role in shaping perceptions, so understanding how young people imagine parenthood is important."" However, she said, ultimately, it's important to support people in their choices. ""If people want to be childfree, that’s their choice, and we respect it. If they want children, we should support them. And for those who are hesitant or unsure, we can show what parenthood could be like so they can make an informed decision,"" she says. This autumn, Yle News' All Points North podcast asked what it's like raising a kid in Finland when your family isn't fully Finnish. Users with an Yle ID can leave comments on our news stories. You can create your Yle ID via this link. Our guidelines on commenting and moderation are explained here.",https://yle.fi/a/74-20188257
3.10.,All Points North,APN Podcast: Young migrants bring their stories to the stage,"What's it like to arrive in Finland as a minor with no parents? In this episode of All Points North, we explore a youth theatre production where young people from Afghanistan, Somalia, Syria, Kurdistan and Ukraine turn their challenging journeys into stories of resilience and belonging. The show also touches on bigger migration issues in Finland, like the uncertain futures of these young performers who arrived here as unaccompanied minors. Listen to the episode via this embedded player, on Yle Areena, via Apple, Spotify or wherever you get your podcasts. ""In this society, we often talk about integration as a problem-oriented discussion, but here it's also our source of power — plurality — that everybody is so different and they come from different cultures,"" Jussi Lehtonen, head of communities and engagement at the Finnish National Theatre, told APN. Performers like Rozkin, Ada and Rizz bring their own stories to the stage, giving us a glimpse into what it's like to adapt and settle in a new country, ultimately finding their place in Finnish society. For a weekly roundup of the top stories from Finland, as well as an Yle Areena tip, sign up for Yle's newsletter with your Yle ID. Zena Iovino produced and presented this episode of All Points North. The sound engineer was Katri Koivula. If you have any questions or want to share your thoughts, contact us via WhatsApp at +358 44 421 0909 or at yle.news@yle.fi and allpointsnorth@yle.fi. Users with an Yle ID can leave comments on our news stories. You can create your Yle ID via this link. Our guidelines on commenting and moderation are explained here.",https://yle.fi/a/74-20186374
29.9.,Entertainment,Finland's Moomin series gets international Emmy nod,"The fourth season of Finland's animated TV series Moominvalley (Moominlaakso in Finnish) has been nominated for an international Emmy Award by the International Academy of Television Arts and Sciences. In its announcement, the academy revealed 64 nominees from 26 countries across 16 categories. This year marked the second time that Moominvalley has received an Emmy nod — it was first nominated in 2020. Moominvalley is the latest in a number of animated series about Finland's beloved Moomin family and cast of peculiar characters. The series is jointly produced by the Finnish firm Gusty Animations and Yle, the Finnish Broadcasting Company. In the Finnish version, Moominvalley's characters are voiced by actors including Joonas Nordman, Satu Silvio and Olavi Uusivirta. When the series began in 2019, it was reportedly Finland's most expensive TV production. Moominvalley can be seen on Yle's multimedia streaming platform Areena. Finnish actor Maria Sid was also nominated for an international Emmy, in the best female actor category, for her work in the Swedish series Pressure Point (Smärtpunkten in Swedish). The series is about a playwright and producer who decided to develop a play featuring inmates at a high-security prison — but their aim to help rehabilitate their imprisoned actors doesn't go as planned. This year's Emmy gala is scheduled to be held in New York City on Monday, 24 November.",https://yle.fi/a/74-20185534
27.9.,Culture,Finnish woman's Lego-built wedding dress goes on display in Denmark,"Satu Aaltonen, a Lego enthusiast from the west coast Finnish city of Vaasa, has been invited to display her latest creation at the Masterpiece Gallery exhibition in Denmark. The gallery invites 15-17 contributors every year to showcase their brick-built masterpieces at the venue in Billund, the city where Lego's founder Ole Kirk Kristiansen started his toy-making business in 1932. Aaltonen is only the second Finn in history — and the first Finnish woman — to receive an invitation to the exhibition, which ""celebrates creativity and shows that the possibilities with Lego bricks are endless when you use your imagination"", according to the company's website. Aaltonen’s creation is a wearable wedding dress, called the Bride of the Frozen Crown, and it was built from thousands of Lego bricks. ""I wanted to create something out of Lego that has not been seen before. For me, building is both art and play, but also a meditative counterbalance to my everyday computer work,"" Aaltonen told Yle. The dress is fully wearable and Aaltonen did not use any glue when building it. ""When moving in the dress, it makes a sound like walking on ice. The Lego pieces rattle against each other,"" she said. The dress is designed so that one side can be opened and closed, but Aaltonen admitted that she wouldn't dare to sit down while wearing it. ""But you only need to walk to the altar and dance a little at the wedding party,"" she said with a smile. Eero Okkonen is the only other Finn to have been invited to display their works at the Masterpiece Gallery. Okkonen is also chair of the Finnish Lego enthusiasts’ association Palikkatakomo, and he considers Aaltonen's invitation to be a significant recognition of her creativity. ""It’s one of the greatest honors you can receive for your hobby. Over the course of its history, only about a hundred enthusiasts have been invited to the exhibition in Denmark,"" he said. The dress going on display in Billund is one of a series of six that Aaltonen is currently building. ""The greatest compliment is when people are surprised to discover that the dresses are made of Lego bricks. I want to inspire wonder in viewers and show that creativity has no limits,"" Aaltonen said.",https://yle.fi/a/74-20185325
11.9.,Culture,Jury unanimous on winning design of Helsinki's new harbourside museum,"The design of Helsinki's new Museum of Architecture and Design, set to be located in the capital's South Harbour district, has been chosen following an anonymous competition. The winning design, named ""Kumma"" (which can mean ""peculiar"" or ""curious"" in Finnish), was submitted by the Finnish architectural firm JKMM Architects. The company is renowned for having also designed the Amos Rex art museum building, the capital's Dance House, as well as a new extension to Finland's National Museum. ""Kumma respects the cultural landscape of the South Harbour, preserving important views from Tähtitorninvuori towards the Market Square and Katajanokka, while establishing a clearly recognisable new landmark,"" the company said in a press release. The budget for the construction of the new museum is estimated to be about 105 million euros, with work expected to begin by the end of 2027 and doors set to open to the public in 2030. The museum will be located at the same site as the previously-planned Guggenheim art museum, which was voted down by the Helsinki city council in 2016. JKMM's illustrations show the impact Kumma will have on Helsinki's skyline: The open and anonymous design competition was launched in 2024, and a total of 624 entries were submitted from across the world, five of which advanced to the final stage. Samuli Miettinen, principal designer at JKMM, told Yle that he hopes the museum will become a landmark location. ""Maybe, in the future, hockey world championships will be celebrated in front of Kumma Square instead of at Havis Amanda,"" Miettinen said.",https://yle.fi/a/74-20182351
7.9.,Entertainment,Sarah Dzafce crowned Miss Finland 2025,"Sarah Dzafce has been named Miss Finland 2025, according Iltalehti. Dzafce credited her victory to strong family support. With a father from Kosovo and a mother from Finland, she said her mixed heritage has made it easier to connect with people from varied backgrounds. The first runner-up was Tara Lehtonen, with Julianna Kauhaniemi taking the second runner-up position. The competition was staged at the Hype arena in Espoo on Saturday. Finland has a long history of beauty contests. Archived pageants from 1933 to 1978 are available on Yle's Areena streaming service.",https://yle.fi/a/74-20181486
29.8.,Culture,"Children wrote to Moominvalley, and Tove Jansson replied","Moominland, near Sweden. One letter addressed like this made its way to Finland all the way from Australia. Somewhat miraculously, letters sent to Tove Jansson (1914–2001) almost always found their way to the Finnish author and illustrator. Jansson received more than 1,500 letters and postcards from around the world every year, and this volume of mail kept arriving for decades. Many were addressed to characters from her Moomin books, sometimes simply to Moominvalley. Postal workers across the globe must have known that the Moomins and Jansson herself were linked to Finland. In her new book, Tove Jansson ja maailman lapset (""Tove Jansson and the Children of the World""), art historian Tuula Karjalainen noted that Jansson felt compelled to reply to every letter. Many of Jansson's letters are preserved at the Åbo Akademi library. Tracking down the original recipients required some detective work. They were scattered across the globe. Many handed over the letters for Karjalainen's use, though some were more cautious, given the sometimes deeply personal nature of their correspondence. Many of the children's letters conveyed a sense of loneliness and alienation. The young letter writers often confided problems with family or friends. In 1988, a girl from Espoo wrote: ""I have very few friends, and they all live far away. I don't like school. I don't want to go, but tomorrow is Monday, and I have to. Our classroom has a mailbox. During the week, letters are placed inside, and on Fridays the box is opened and the letters are distributed. I have never received a single letter from the mailbox."" On loneliness, Jansson once replied: ""It took me 30 years before I began to enjoy it [loneliness], and many more before it became a necessity, and many more still before I realised that my solitude is a rare luxury — so long as it is voluntary, and I can interrupt it at any time. Of true loneliness I know nothing, not yet. In fact, almost nothing at all."" ""Tove was a remote therapist,"" Karjalainen said, adding that Jansson understood that children needed a sympathetic ear. ""What surprised me most was how openly Tove wrote about herself and her life."" Most correspondents, however, wanted to learn more about the inhabitants of Moominvalley, with the Groke attracting the most curiosity. Many letters asked Jansson about her favourite character or who she would most like to be. To Karjalainen's surprise, in one reply, Jansson said she would like to be a Hattifattener. Hattifatteners are famously silent, anonymous and devoid of compassion, moving in groups without obligations. ""They're quite far from Tove,"" Karjalainen said. Jansson continued to receive letters from children until her death, many pleading for new Moomin books. Jansson wrote her final Moomin book, Moominvalley in November, in 1970. Darker in tone than her earlier works, it speaks more to adult readers. Jansson, beloved worldwide for her Moomin stories, was also a celebrated painter, illustrator and cartoonist who also wrote novels and short stories for adults. As a Swedish-speaking Finn, she wrote in Swedish, but her tales have wandered into more than 50 languages, carrying Moominvalley far beyond Finland's borders. That includes a controversial exhibition in New York this summer, marking the 80th anniversary of the publication of the first Moomin tale in 1945.",https://yle.fi/a/74-20180126
29.8.,Media,"Friday's papers: Finnish ambassador to the US, union wealth and repurposed power plant","Tabloid Iltalehti sat down for an interview with Finland's ambassador to the United States, Leena-Kaisa Mikkola. ""For now we are at the table — and that is good — but whether we will be in the future is another matter,"" she told IL. Two days before President Alexander Stubb met Donald Trump and other European leaders in Washington, Finland's ambassador to the United States, Mikkola was preparing her staff for what she described as a historic moment. Mikkola said Stubb's visible role and his good personal relations with Trump have increased interest in Finland in Washington. She stressed that it was not just about visibility — Stubb was being listened to and his views respected. While US media has dubbed Stubb a ""Trump whisperer"", Mikkola cautioned against assuming Finland would always have such access. She confirmed that Finland's image in the US capital is strong. ""Finland is seen as a reliable Northern European partner with a lot to offer, whether it is expertise on Russia or on technology."" Nato membership, she added, has further strengthened ties with the White House and US defence institutions. Yle News reporter Matthew Schilke covered Finnish President Alexander Stubb's attendance at the meeting in Washington in the video below. Mikkola said she was not surprised to see Finland's president at the White House table, citing Stubb's established relationship with Trump and his role among European leaders. ""After 30 years in the service, few things surprise me,"" she noted. She added that Finland, as Russia's neighbour, benefited from being close to where such decisions are made. ""It is wonderful if we can get closer to the tables where these things are discussed."" She described Stubb's presence in Washington as personally gratifying. ""Of course it feels good for a Finnish diplomat."" Finland's ten wealthiest trade unions hold close to three billion euros in assets, according to business daily Kauppalehti. Returns on investments have become a crucial source of funding, particularly during periods of industrial action and strikes. The Industrial Union is among the richest, with nearly 900 million euros in equity. But its operations ran at a loss in 2024, as strike compensation drove up costs. Investment income of 39 million euros was not enough to cover the shortfall. At the end of last year, public and welfare sector trade union JHL had an equity of 500 million euros, while service sector union Pam was worth 460 million euros. The Finnish Construction Trade Union held around 318 million euros worth of assets. Last spring, All Points North covered how the government's plan to eliminate certain tax deductions would impact unions. Listen to the episode via this embedded player, on Yle Areena, via Apple, Spotify or wherever you get your podcasts. The Paperworkers' Union and white-collar union Pro were among the trade organisations posting deficits last year. Pro lost around one million euros on a failed hotel investment, while the paper union is weighing the sale of forest and land holdings in Loviisa. A significant share of union wealth is tied to the rental housing company Kojamo, part-owned by several unions. The firm, founded in the 1960s to ease Finland's housing shortage, has since become a key generator of dividend income. Helsingin Sanomat wrote that a rare property designed by renowned Finnish architect Eliel Saarinen has gone on sale in Helsinki's Meilahti district. Saarinen, one of Finland's most renowned architects, designed many of Helsinki's landmark buildings including the Central Railway Station and National Museum of Finland. The building for sale, originally a power plant inaugurated in 1915, has been converted into a detached home. What used to be the power plant's a transformer tower, has now been renovated into a small apartment with alcoves, a living room and terraces. The property remained in use as an energy facility until the 1950s, before serving as a workshop for the city's energy company. Helsinki put the site up for sale in 2012, after which extensive renovations began. The 200-square-metre home includes several unusual features reflecting its industrial past, such as a sauna and washroom built into an upper loft. Users with an Yle ID can leave comments on our news stories. You can create your Yle ID via this link. Our guidelines on commenting and moderation are explained here.",https://yle.fi/a/74-20179997
25.8.,Entertainment,Finland recaptures Air Guitar World title after 25-year hiatus,"Aapo ""The Angus"" Rautio, 25, from Oulu, was crowned the air guitar world champion on Saturday evening in his home city. Rautio's victory means that the World Air Guitar title has now returned to the event’s host country, Finland, for the first time since 2000. This year, the World Air Guitar Championships also attracted an exceptional amount of interest from foreign media, making headlines as far afield as Australia and the United States. This is the local air guitarist's first championship win, but by no means his first time participating in the competition. Rautio first competed in the event when he was just 10 years old – that is, 15 years ago. Yle interviewed Rautio when he participated in the games for the first time over a decade ago: He won the world championship on his seventh attempt, after making it into the finals five times. Rautio narrowly edged out Yuta ""Sudo-chan"" Sudo of Japan for the gold medal, with Apolline ""Lady Attila"" Andreys of France coming in third. This year’s other competitors came from the Netherlands, Belgium, Great Britain, Canada, Norway, Sweden, Germany, Taiwan, New Zealand and the United States. ""I knew from the beginning of the week that I really didn't want to take the competition too seriously,"" he told Yle. ""I really just wanted to have fun."" For him, the most important thing is not the contest itself, but the community that surrounds it. ""We have a global network that’s like a family to me. These people aren’t just friends to me, they’re my sisters and brothers. And this family grows every year,"" he said.",https://yle.fi/a/74-20179269
14.8.,Media,"Thursday's papers: School burka debate, Finnish food in Russia and Finns in Alaska","A group of Finns Party MPs, buoyed by fresh momentum, have issued a joint statement demanding that Education Minister Anders Adlercreutz (SPP) take action to ban Islamic face coverings in schools, reports Hufvudstadsbladet. This development follows a social media post on Wednesday by Sanni Grahn-Laasonen (NCP), Finland's Minister for Social Security, in which she voiced her opposition to the wearing of burqas and niqabs in schools. In a written response to HBL, Adlercreutz dismissed the idea of a headscarf ban as a political stunt. He said a ban would be a disproportionate measure, which risks hurting the people it aims to protect: young girls. ""Marginalisation increases the risk of radicalisation. That is why it is important to maintain an open and inclusive society where everyone feels welcome,"" he told the Swedish-language daily. Why are Finnish food products still appearing on Russian shelves? The availability of Finnish sweets and alcoholic beverages contradicts claims by most Finnish companies that they have stopped exporting goods to Russia. According to Kauppalehti, Finnish products are reaching Russia through indirect routes via Estonia. The country is home to numerous transport and logistics companies that have continued exporting to Russia since the war in Ukraine began, with Finnish goods appearing on their export lists. ""We do not condone our products being exported to Russia, but we've found it very difficult, if not impossible, to stop it, despite our efforts,"" a Fazer spokesperson told the business daily. On Friday, US President Donald Trump is set to discuss the war in Ukraine with Russian leader Vladimir Putin at a military base in Anchorage known as the Joint Base Elmendorf-Richardson. Finnish media is often keen to highlight a Finnish connection to world events, and has also done so in the case of this meeting, albeit tenuously. In this instance, Ilta-Sanomat reports that Werner Ohls, born in Turku in 1892, and his wife Ida, born in Vaasa in 1893, were among the first homesteaders in the area that is now the military base. The couple first arrived in Alaska during the gold rush in the early 1900s, later establishing a dairy farm that had 24 cows at its peak. Eventually, the US governemnt purchased the Ohls' 65-acre farm to make way for the base, according to IS.",https://yle.fi/a/74-20177400
13.8.,Society,"Minister: ""Burkas and niqabs are not suitable for school""","Finland's Minister of Social Security, Sanni Grahn-Laasonen (NCP), has spoken out on social media against the wearing of burkas and niqabs in schools. Posting on X, she said face coverings do not belong in schools. ""Burkas and niqabs — scarves and veils covering the face — are not suitable for school. Children should be allowed to be children and live freely in Finnish society,"" the minister wrote. She described the issue as one of equality, children's rights and safety, and also addressed the broader use of headscarves, calling it ""a difficult question of religious freedom."" Burkas and niqabs are worn in some Islamic communities for religious and cultural reasons. ""We have to have the courage to talk about how we protect women from oppressive religious cultures and work to ensure that no one in Finland has to cover their face,"" Grahn-Laasonen stated. Last month, Finance Minister Riikka Purra (Finns) called for a total ban on burkas, niqabs and headscarves, especially in schools. This followed a proposal, put forward by 15 Finns Party members last year, calling for a complete ban on face coverings in public places. The move would effectively mean a ban on the wearing in public of the burka — a traditional garment worn by some Muslim women that covers the face and body — as well as the niqab, a veil for the face that leaves the area around the eyes clear. Reacting to Purra's comments, Education Minister Anders Adlercreutz (SPP) told Helsingin Sanomat that while face-coverings can be taken up in schools from a safety and identification perspective, he does not support legislative measures on the matter.",https://yle.fi/a/74-20177195
12.8.,Cultural And Arts Events and Exhibitions,From Gothic Modern to Little My — Finnish art takes on the world,"Global interest in Finnish art is reaching an unprecedentedly high level, with major exhibitions taking place across the world this year. The exhibitions feature a wide range of Finnish art offerings — from beloved classics to contemporary favourites, and from Gothic Modern to the Moomins. ""Finnish art is on the rise internationally,"" Frame CEO Juha Huuskonen told Yle. Huuskonen's company, Frame Contemporary Art Finland, specialises in promoting the status and export of Finnish contemporary art worldwide. ""Over the past 20 years, Finnish contemporary art has become more prominent abroad than ever before,"" he noted. ""At the same time, these artists help to raise Finland's image and reputation as a country of culture."" Anna-Maria von Bonsdorff, director of Ateneum Art Museum in downtown Helsinki, agrees with Huuskonen that Finnish art is becoming more popular than ever before. ""We have worked hard to ensure that the works of Finnish artists gain visibility abroad. This is not a coincidence,"" she said. An exhibition of works by Finnish modernist painter Helene Schjerfbeck (1862–1946) opens at the Metropolitan Museum of Art in New York on 5 December. The event has been described as ""historic"", as it marks the first time a Finnish artist has had their own dedicated exhibition at one of the world's most prestigious art museums. ""In the world of museums and from a cultural perspective, it is the number one museum in the world. That is why Schjerfbeck's exhibition at The Met is the most important art event of the year,"" Ateneum director Anna-Maria von Bonsdorff noted. The exhibition includes approximately 60 works in total, spanning Schjerfbeck's entire career from her early landscapes to her late-life self-portraits. Ateneum Art Museum loans hundreds of paintings by Finnish artists to various exhibitions every year, and von Bonsdorff tells Yle that the number has increased steadily over recent years. In November, the Petit Palais museum in Paris will be filled with works by Finnish painter Pekka Halonen (1865-1933), renowned in particular for his depictions of nature landscapes. ""This is a topical issue in French culture right now and one that they are interested in,"" von Bonsdorff said. Halonen lived in Paris in the 1890s, studying art under famous painters including Paul Gauguin (1848-1903). ""Pekka Halonen was a pioneer for other Finnish artists. He would certainly have been happy if he had known that an exhibition of his work would be held in Paris,"" von Bonsdorff said. Aside from loaning Finnish works of art to international museums, Ateneum also seeks to share exhibitions it has put together. For example, Ateneum's 'Gothic Modern' exhibition — featuring European medieval and Northern Renaissance art which ran from October 2024 to January 2025 — was also on display in Oslo and will soon open at the Albertina Museum in Vienna. The themes of the Gothic Modern exhibition include death and rituals, but also sexuality and enlightenment. Hugo Simberg (1873-1917) and Akseli Gallen-Kallela (1865-1931) are among the Finnish artists on display at the Albertina. The Moomins and the wider artworks of their creator Tove Jansson (1914-2001), have captured the attention of audiences from Japan to the United States. The Brooklyn Public Library in New York, for example, has an extensive Moomin exhibition. The Moomin exhibition made headlines recently when the library dropped the Stinky character after one of the institution's supporters raised concerns that it might be perceived as racist. Heli Harni, curator of the Helsinki Art Museum HAM, meanwhile told Yle that she witnessed at first hand the Japanese love for the Moomins at the opening of an exhibition of Jansson's works in Tokyo in July. ""Everyone from babies to grandfathers in Japan is interested in the Moomins, and the exhibition has received a lot of attention,"" Harni said, adding that exhibitions such as this one help to build Finland's image abroad. In addition to the Moomins, the exhibition also features Tove Jansson's paintings as well as other personal items which tell the story of her life. The Jansson exhibition will also travel to other Japanese cities after Tokyo. Aside from the Moomins, Japanese people are also impressed by Finnish design. A large-scale solo exhibition by Tapio Wirkkala (1915–1985) is currently on display in Japan for the first time, retrospectively celebrating the artist's 110th birthday. Wirkkala is a renowned designer and sculptor, known in particular for his work with glass, silver and plywood. An exhibition of Finnish photographer Joel Karppanen's images from the Spanish holiday resort of Fuengirola — a popular destination for Finnish tourists — is currently open at the Cultural Institute of Madrid in Spain. Karppanen's collection — entitled 'Land of Dreams' — features some of the thousands of Finnish people who have fled the cold of their home country for the sunshine of southern Spain. According to Frame CEO Juha Huuskonen, young Finnish artists have more confidence in themselves than ever before as they dare to show their works to the world. He cites contemporary artists such as Eija-Liisa Ahtila and Jenna Sutela as examples of Finland's batch of brave young pioneers. Huuskonen noted, however, that a lot of hard work goes into securing exhibitions for Finnish artists outside of Finland. He said it requires extensive networking efforts by the artists themselves as well as cooperation between many different organisations. ""We must work hard to open international channels,"" Huuskonen said. ""It is important that we are able to renew ourselves and build something new, and not just remain as memories of the golden age of art.""",https://yle.fi/a/74-20177112
10.8.,Domestic news,Three elves cycle from Germany to Santa's village,"Three postal workers set off on Saturday on a nearly 3,000-kilometre bike ride from Germany to Santa Claus Village in Rovaniemi, reports German news agency dpa. The cyclists are travelling north to deliver letters and Christmas wish lists addressed to Santa Claus from St. Nikolaus in Saarland state. Their journey, which will take them through Germany, Denmark, and Sweden, is expected to last three weeks. The group is part of the German postal service's volunteer team responsible for replying to children's letters from around the world sent to the St. Nikolaus post office. The village of St. Nikolaus is one of seven places in Germany with Christmas-themed names. All of these receive letters addressed either to Santa Claus or to Saint Nicholas, a key figure in German Christmas traditions. Each year, more than 30,000 letters arrive. This year, Saint Nicholas entrusted the cyclists with his own wish list, hoping to receive a reply from Santa Claus in Finland.",https://yle.fi/a/74-20176707
9.8.,Domestic news,Flags fly for Moomin creator on Saturday,"All across Finland on Saturday, flags are fluttering in celebration of author and artist Tove Jansson (1914-2001) and of Finnish art itself. Jansson, beloved worldwide for her Moomin stories, was also a celebrated painter, illustrator and cartoonist. As a Swedish-speaking Finn, she wrote in Swedish, but her tales have wandered into more than 50 languages, carrying Moominvalley far beyond Finland's borders. She published the first Moomin book, The Moomins and the Great Flood, just after the Second World War in 1945. Since 2020, the Ministry of the Interior has encouraged flag-raising on Jansson's birthday as a salute to Finnish art and creativity. Jansson's whimsical Moomin characters made headlines last week when a figure was removed from a major exhibition at the Brooklyn Public Library in New York, after a supporter of the institution raised concerns that it could be perceived as racist. The Brooklyn exhibition, the first in the United States to focus on Tove Jansson and the Moomins, has proven popular — especially among younger audiences. The New York Times noted that the Moomins' rise in popularity in the US is comparable to the cultural impact of Peanuts' Snoopy.",https://yle.fi/a/74-20176608
8.8.,Society,Flow Festival faces boycott calls over Israel links,"Flow Festival, which opens in Helsinki on Friday, is facing unprecedented calls for a boycott over alleged links to Israel through its US majority owner, investment firm KKR, and some sponsors. The activist group Flow Strike says these ties make the event complicit in Israel's actions in Gaza, urging organisers to cut all Israeli connections or risk losing the festival's city permits. Flow was sold to UK-based Superstruct in 2018, which was itself acquired by KKR last year. KKR has global investments, including some in Israel, but these are relatively small, according to Finnish media. Sponsors such as Heineken and Google also operate in Israel. Flow's artistic director Tuomas Kallio has described the idea that the festival is directly linked to ""apartheid and genocide"" as ""at best artificial,"" adding that almost every major player in the music industry has some connection to Israel. Several artists have voiced discomfort about performing, with some planning to donate their fees to Palestinian causes. Members of the band Ruusut said they will use their Saturday set to call for Finland to recognise Palestine and halt arms sales to Israel. The boycott campaign mirrors similar moves across Europe against cultural events with perceived Israeli ties.",https://yle.fi/a/74-20176558
6.8.,Society,Helsinki plans to bring back popular 'summer streets' next year,"The City of Helsinki's ""Summer Streets"" initiative in Kallio, which transformed urban streets into more pedestrian-friendly zones, is set to return next year. City officials said that while most feedback from residents has focused on challenges like limited parking and changes to traffic flow, the overall response has been positive. ""Helsinki residents have been very pleased. There have even been requests to bring summer streets to other parts of the city,"" said project engineer Pirita Ilmonen from the City of Helsinki. Yle News reporter Matthew Schilke asked locals what they thought about the summer pilot project. The street design was developed in collaboration with local residents and businesses. As part of the plan, parking spaces were replaced with plants, furniture, and light structures that can be easily removed for winter. New seating was added on Porthaninkatu, with plants and furniture along Fleminginkatu and near Karhupuisto park. An event stage opened by Kallio Library, and upgrades were made to squares around Kallio Church, Torkkelinaukio, Ympyrätalo, and Kolmas linja. ""The plan is to recreate the summer streets in a similar form next year, but that will be confirmed in the fall."" According to Ilmonen, no major changes are expected for next year, but lessons will be learned from this summer. ""The summer shows what works and what may need to be adjusted."" The project cost the City of Helsinki about 1.5 million euros.",https://yle.fi/a/74-20176103
5.8.,Media,"Tuesday's papers: Stubb-Trump call, ministers at music fests and saving videogames","Finnish President Alexander Stubb spoke on the phone with US President Donald Trump on Monday. Stubb shared the news on the social media platform X, reported Helsingin Sanomat. The conversation touched on, among other topics, Russia’s war of aggression. ""President Trump’s deadline for a ceasefire is approaching. Finland supports all efforts towards an immediate ceasefire,"" Stubb wrote. According to Stubb, the conversation also continued on the topic of icebreakers as a part of security and cooperation among allies. Recently, President Stubb told Defence Forces' Ruotuväki magazine that he speaks weekly with the US President, aiming to strengthen Finland's role in the Ukrainian peace process and clarify the conditions for peace. A video from the Ruisrock festival showing politicians in high spirits made headlines, sparking public discussion over the costly gifts they receive. Iltalehti reported that 23 MPs — including Prime Minister Petteri Orpo (NCP) and four ministers — attended an invitation-only City of Turku event before Ruisrock and enjoyed the festival in early July, with most bringing guests. A video from the festival featuring Minister of Climate and the Environment Sari Multala (NCP) and PM Orpo speaking with rap duo JVG has since generated widespread buzz online. In it, artist Ville Galle remarks that the group is ""totally drunk,"" to which a visibly tipsy Multala responds affirmatively. Multala declined to comment to IL about the matter. According to the City of Turku, ministers Orpo and Multala received invitations to Ruisrock as members of the Finnish Government. Orpo was not yet on vacation then, and Multala's vacation officially began only the Monday after Ruisrock. Before the event, guests attended a city- and mayor-hosted gathering at the Radisson Blu Marina Palace hotel. Karoliina Hidén, Communications Director for the City of Turku, says the event, held alongside Ruisrock, is part of the city’s ongoing advocacy and stakeholder engagement. According to IL, the stakeholder event included a buffet lunch with wine and light alcoholic beverages, valued at 65.74 euros per person. There was no limit on alcohol served. Each VIP festival ticket was valued at 339 euros, but according to Hidén, they came at no extra cost to the city, as Ruisrock annually provides the city with a set number of tickets under a cooperation agreement. Guests also received 26 euros worth of drink and food tickets for use at the festival, with any additional purchases at their own expense. Orpo has declared the value of his Ruisrock ticket package as 864.84 euros, while Multala has yet to submit her declaration to Parliament. By the end of July, just over half of the MPs and ministers who received invitation tickets had filed their gift declarations. All declarations must be submitted by the end of August. MPs must declare gifts, tickets, or travel worth over 400 euros. Invitations below that can go unreported, though some disclose them voluntarily. Other ministers who accepted Ruisrock tickets include Minister of Employment Matias Marttinen (NCP) and Minister of Youth, Sport and Physical Activity Mika Poutala (CD). MP Wille Rydman (Finns) was still serving as Minister of Economic Affairs at the time of his invitation. Nearly 60,000 Finns have signed a European Citizens' Initiative focused on the future of video games, Ilta-Sanomat reports. The ""Stop Destroying Videogames"" initiative calls on publishers selling or licensing games in the EU to keep them functional and playable even after official support ends. Many titles rely on online connections to publishers, which are often severed after server shutdowns — leaving games unplayable and preventing players from restoring them. According to the initiative's appeal, shutting down game servers violates their purchase terms, consumer rights and results in irreversible cultural loss The initiative aimed to gather 9,870 signatures from Finland. With 59,368 Finnish signatures, the country reached 601.5 percent of its national target — the highest proportion in the entire EU. Nearly 1.5 million EU citizens signed the initiative over a year. After validation, it can advance to the European Commission and potentially lead to new EU legislation. Users with an Yle ID can leave comments on our news stories. You can create your Yle ID via this link. Our guidelines on commenting and moderation are explained here.",https://yle.fi/a/74-20175893
1.8.,Domestic news,Moomin character removed from Brooklyn library exhibition after racism concern,"A Moomin character has been dropped from a major exhibition at Brooklyn Public Library in New York after one of the institution's supporters raised concerns that the character might be perceived as racist. ""One of their supporters had thought Stinky could be seen as a racist symbol,"" said Roleff Kråkström, CEO of Moomin Characters, the company that manages the rights to Tove Jansson's beloved Moomin universe. The exhibition, which has drawn a young audience over the summer, features illustrations of Moominvalley characters and details about Jansson's life and work. But Stinky — known in Finnish as Haisuli — was removed from some of the large mural-style displays in the library, although he still appears in the original books on show. Kråkström told Yle he was informed of the decision via a short email from the library and responded with understanding. ""We replied in a few lines and said it's fine. We see this as a healthy societal discussion. If such a change is requested, we have no objection,"" he said. He noted this is the first time in 80 years that the character has drawn such criticism. ""Tove Jansson is widely seen as a champion of tolerance, radical acceptance, and inclusivity. But I greatly respect the American sensitivity around these types of conversations,"" he said. The decision was first reported by Finland's Swedish-language Hufvudstadsbladet newspaper. Sirke Happonen, a Moomin scholar and author of a doctoral dissertation on the Moomin books, said she was surprised by the removal. ""It seems sudden and, frankly, absurd,"" she told Yle. Happonen said the critique appears to be based on Stinky's appearance and ""first impression."" She argued the character is far from racist and that the decision likely reflects a lack of familiarity with the Moomin stories. ""If someone sees Stinky as racist, they haven't really read the comics. I doubt the critic even knows the Moomin stories,"" she said. ""The Moomin world is complex and interesting. People should really dive into it before passing judgment."" Stinky is portrayed as a mischievous troublemaker in Moominvalley — often feared by children but also beloved for his antics. ""He's quite funny, clearly the rogue of Moominvalley and unapologetically himself,"" Happonen said. ""He lives on rocks in the forest and doesn't have a fixed home, but he's content with his life."" The Brooklyn exhibition, the first in the United States to focus on Tove Jansson and the Moomins, has proven popular — especially among younger audiences. The New York Times has covered the show, noting the Moomins' rise in popularity in the US, akin to the cultural impact of Peanuts character Snoopy. The Moomins have recently appeared in fashion collaborations with brands like Acne Studios and Comme des Garçons. The Brooklyn exhibition remains open until 30 September. Yle has reached out to Brooklyn Public Library for comment but has not received a response.",https://yle.fi/a/74-20175496
2025,Domestic news,UK newspaper dubs Finland's Lonkero the 'drink of the summer',"Finland's long drink has become popular in the UK, particularly in the city of Norwich as well as in ""pockets of London and Edinburgh"", according to UK newspaper The Guardian. In her search for the drink of the summer, The Guardian's Elle Hunt claimed that that title should be bestowed upon a beverage ""obvious and undeniable"" and lamented the trend cycles emerging from TikTok liked smoked beers and rosorange wine. ""So I was taken aback – and a little delighted – when the drink of this summer made itself known to me as though it were the year 2015, not 2025: organically, insistently and right on time. It’s Lonkero: gin mixed with grapefruit soda, available on draught and served in pints,"" Hunt wrote. She said she tasted a long drink made by a British company called Lonkero Drinks after her friends recommended it. According to the article, Joe Harris, the co-founder of Lonkero Drinks, acquired a taste for the Finnish specialty while working in Helsinki. The drink is doing ""surprisingly well"" in the city of Norwich, according to Paige Gibbons, the other co-founder of Lonkero Drinks. In addition to Norwich, the company's long drinks are sold in Edinburgh, Brighton, London and other cities. The long drink was created in 1952 as a ready-to-drink mixture of gin and grapefruit juice in order for restaurant staff to quickly serve thirsty visitors to the Helsinki Summer Olympics. Many brands produce long drinks these days in Finland and in the United States as well.",https://yle.fi/a/74-20173262
2025,Culture,World's oldest tango festival opens in Seinäjoki,"The annual Seinäjoki Tango Festival begins on Wednesday, with an estimated 50,000 people expected to attend the world's oldest event of its kind. The festival — Tangomarkkinat in Finnish — has been running since 1985, and it is widely renowned for including the coronation of a 'Tango King and Queen'. This year, for the first time, festival attendees will pick the Tango royalty from a shortlist of hopefuls — instead of the decision being made by a panel of judges. Although originating from Argentina, tango — an expressive dance and musical style — has been embraced by Finns since the early part of the last century. Pasi Ojala, CEO of the Seinäjoki festival, told Yle that the festival has been slowly recovering its popularity after the Covid pandemic. ""Since the coronavirus crisis, we have managed to get our finances in order and run the event with our own funds, and there have been good years and bad years,"" he said, adding that a weather forecast of warm temperatures and little to no rain should help matters. The festival finale as well as other concerts and events will be available live on Yle Areena via the link below:",https://yle.fi/a/74-20171793
2025,Culture,Moomins turn 80 with anniversary shows in New York and Tampere,"An exhibition on Finnish artist and author Tove Jansson and her Moominvalley characters has opened in New York City. The Moomin 80th anniversary show is on display at the Brooklyn Public Library until the end of September. Tove Jansson and the Moomins: The Door Is Always Open is the first major exhibition in the United States to presenting Jansson's life and Moomin characters. It offers an in-depth look at Jansson's career, life and the world of the Moomins through texts, archival materials, books and events. These include readings, animated film screenings and panel discussions. The exhibition is a collaboration between Moomin Characters and the City of Tampere, as well as corporate partners Arabia and Finnair. The exhibition notes that the original illustrations and three-dimensional dioramas donated by Jansson can be seen at the world's only Moomin Museum in Tampere. Tampere will also host a Moomin exhibition celebrating the 80th anniversary of the publication of the first Moomin story. ""The most important international investment of the anniversary year is the collaboration on the Tove Jansson and the Moomins exhibition, with which we present the Moomin Museum and Tampere to the world,"" Tampere marketing director Iina Ojala said in a press release. The Tampere show focuses on the original Moomin House model and its three-year construction process. The exhibition is on display until the end of August at the Moomin Museum in Tampere Hall. In December, the first US exhibition featuring another iconic Finnish artist, Helene Schjerfbeck, opens at the Metropolitan Museum in New York.",https://yle.fi/a/74-20171080
