Time,Category,Headline,Full_Text,URL,Sentiment,Passes_threshold
2026-02-26 16:14:20,All Points North,APN on Video: Student life in Finland — the expectation vs the reality,"The shining reputation of the Finnish education system and the promise of a healthy work-life balance attracts many students from abroad, but do the realities meet the expectations? In the first episode of 'All Points North on Video', we discuss the harsh realities faced by students who move to Finland from abroad to study in the ""world's happiest country"". Many students are unprepared for the reality of student life in Finland, content creator and education professional Saaima Aziz notes, because they have been misled by unscrupulous agents. ""They make fake promises, that life in Finland is very easy, that you can quickly get a part-time job, earn enough to save, and even save money as well,"" she says. ""But that's not real"". Japanese national Tomonao 'Tomo' Bushida meanwhile tells the podcast that, despite his love of Finland and in particular Tove Jansson's Moomins, the challenges he has faced as a student here has made him reconsider if he has a future in the country. ""I want to see my future here, definitely, and I have motivation and the passion to live here,"" he says. ""But at the same time, I have come to the point that I really have to think about going back to Japan as a Plan B."" You can watch the full episode from the video below or on our YouTube channel. Ronan Browne produced and presented this episode of All Points North. The sound and video engineer was Juha Hjelm and the production assistant was Matthew Schilke. If you have any questions or want to share your thoughts, contact us via WhatsApp at +358 44 421 0909 or at yle.news@yle.fi and allpointsnorth@yle.fi. The intelligence agency said it's seeking creative people with good interpersonal and teamwork skills, as well as an ability to withstand stressful situations. For a salaried employee, it takes an average of 46 days to earn what a chief executive makes in a single day. Finland's pandemic-era restrictions were effective and adhered to, according to health agency THL.",https://yle.fi/a/74-20212555,3.0,1
2026-02-16 14:05:05,All Points North,"""What is enough?"" — Rising food prices loom as Finland moves to curb supermarket private labels","A bill to help food producers could drive up prices that have already surged in recent years. People in Finland may soon feel the pinch at the grocery checkout. The government is proposing legislation that would limit the sale and production of supermarket own-brand products. These are popular budget-friendly alternatives like Pirkka, Xtra and Coop. While the aim is to strengthen the bargaining power of independent food producers, critics warn it could drive up prices for households already feeling the squeeze. Private label products offer consumers reliable, lower-cost options. Reducing their presence, the government argues, would give smaller producers more room to negotiate fair prices and improve market competition. Consumer advocates, however, caution that the timing could worsen Finland's cost-of-living pressures. ""About one in four Finns are in economic distress,"" said Juha Beurling-Pomoell, who heads the Finnish Consumers' Union. He pointed out that over the past six years, food prices have risen around 25 percent. ""If the government wants us to pay more for food, what is enough? Nobody would have believed six or seven years ago that food prices would go up 20-25 percent. They would have said 'you're out of your mind', but now that's the situation,"" Beurling-Pomoell added. The move is also politically sensitive, coming just a year before the next general election. History shows that spikes in essential prices can have immediate political consequences. The All Points North podcast stepped inside Finland's only corn tortilla factory to explore how products win shelf space — and unpack the bigger political and economic stakes behind the humble store brand. Finland's grocery market is highly concentrated, dominated by the S Group and Kesko, which together control roughly 80 percent of retail sales. With only a few major buyers, raising concerns can feel risky. This legislation is an attempt to address that, but it's not a simple win for agricultural producers. Kimmo Tammi, a legal adviser for the farmers' lobby MTK, noted that the concentration leaves smaller suppliers vulnerable to unfair practices and reluctant to report abuses for fear of losing market share. ""Finnish farmers are struggling,"" Tammi said. ""If there are only two to three buyers, it's really difficult to bring up unfair practices."" Consumer market expert Mika Yrjölä of Tampere University meanwhile said that private labels, once considered low-quality budget options, are now trusted by Finnish shoppers for value. ""The private label phenomenon has had a great success in Finland, and this is kind of the pushback you get from farmers and other food suppliers in the food value chain. If you think back to 20 years ago, private label products were mainly seen as low-quality items, and now we have a huge variety of different kinds of private label products,"" he explained. Restricting store brands could spark resistance, especially now, as more households have fallen on hard times, with Finland having the worst unemployment rate in the EU. While the move to cap the share of private label products is written into the government's programme, the timing could be difficult. ""Maybe it's just poor timing and an inability to kind of read the room,"" Yrjölä said. Beyond the economics, the debate touches food producers like Ivan Chavez, founder of Don Tortilla, Finland's first corn tortilla factory. Chavez has spent nearly a decade navigating the Finnish market, building relationships with major retailers to secure shelf space for his niche product. ""Getting customers in the beginning was a roller coaster,"" Chavez explained. ""Now it's much easier, but you still have to handle everything yourself — from production to sales to bureaucracy."" As policymakers weigh the balance between producer rights and consumer costs, the impact could be felt every time shoppers push a cart through supermarket aisles. The bill amending the Food Market Act is expected to reach parliament at the end of February, with changes potentially coming into effect by summer. The intelligence agency said it's seeking creative people with good interpersonal and teamwork skills, as well as an ability to withstand stressful situations. For a salaried employee, it takes an average of 46 days to earn what a chief executive makes in a single day. Finland's pandemic-era restrictions were effective and adhered to, according to health agency THL.",https://yle.fi/a/74-20210535,2.7777777777777777,1
2026-02-13 16:09:30,All Points North,APN Podcast: Who pays at the checkout?,"Finland wants to curb supermarket store brands to give farmers more power,  but could the move leave shoppers paying more for less? Food prices in Finland have already climbed by as much as 25 percent in recent years, and now the government is proposing to limit the dominance of supermarket private labels like Pirkka and Xtra, which offer budget-friendly alternatives. The aim is to strengthen farmers' bargaining power in a highly concentrated retail market. But critics warn the move could push prices even higher and shrink affordable options at a time when many households are already struggling. In this episode of the All Points North podcast, we step inside Finland's only corn tortilla factory to explore how products win shelf space — and unpack the bigger political and economic stakes behind the humble store brand. With consumers, farmers and retailers all feeling the pressure, will limiting supermarket power protect producers, or punish shoppers? Listen to the episode via this embedded player, on Yle Areena, via Apple, Spotify or wherever you get your podcasts. Zena Iovino produced and presented this episode of All Points North. The sound engineer was Matias Puumala. If you have any questions or want to share your thoughts, contact us via WhatsApp at +358 44 421 0909 or at yle.news@yle.fi and allpointsnorth@yle.fi. The intelligence agency said it's seeking creative people with good interpersonal and teamwork skills, as well as an ability to withstand stressful situations. For a salaried employee, it takes an average of 46 days to earn what a chief executive makes in a single day. Finland's pandemic-era restrictions were effective and adhered to, according to health agency THL.",https://yle.fi/a/74-20210203,3.25,1
2026-02-09 10:41:52,All Points North,APN Survey: Tell us what you think,"What would you like to hear on the All Points North podcast? Yle News' All Points North podcast has been running for nearly a decade, or over 300 episodes, and throughout that time on air our listeners have consistently proved to be our best source of inspiration and ideas. We are now working on updating and improving APN, and we would love your input on what we should do — or not do. Please share your feedback via this link to the survey. The survey takes about 5 minutes to complete and your answers will be anonymous, unless you specifically choose to leave your contact details. The intelligence agency said it's seeking creative people with good interpersonal and teamwork skills, as well as an ability to withstand stressful situations. For a salaried employee, it takes an average of 46 days to earn what a chief executive makes in a single day. Finland's pandemic-era restrictions were effective and adhered to, according to health agency THL.",https://yle.fi/a/74-20209097,3.0,1
2026-03-03 09:47:48,All Points North,"'Intense' blaze claims lives of 2 parents, 3 children in Vantaa, police detain 70-year-old suspect","Police suspect the apartment fire was deliberately started. Five people died in a major fire at an apartment building in the capital region city of Vantaa early on Tuesday morning. The Eastern Uusimaa Police Department said it suspects the fire was deliberately started and that it has detained one person on suspicion of the crime. According to information Yle has received from several sources, the victims whose lives were lost in the blaze included members of a family with Somalian background. According to police Inspector Sanna Rentola, the victims in the blaze were part of the same family. The two adult victims were between 35 and 40 years old, while the children were 3, 6 and 8 years of age. All of the victims were found in the building's stairwell. The family's infant, who was found near the deceased victims, was rushed to the hospital for treatment. The suspect in the deadly incident is a roughly 70-year-old man with a Finnish background who lived in the building, according to police. At a press conference on Tuesday afternoon, police Inspector Mikael Backlund said that the suspect turned himself in to authorities. Police are investigating the case as attempted murder and aggravated arson. Rentola said that neither the victims nor any other residents of the apartment building were targeted in the suspected arson. The fire had started in the suspect's own apartment, according to police. Police said that investigators would interview the suspect again on Tuesday. Emergency services received a report at 5:41am on Tuesday about a fire at a medium-sized apartment building on Pähkinärintentie in Vantaa's Pähkinärinne neighbourhood. ""The fire was extremely intense,"" local on-duty fire chief, Markus Kuosmanen said at the press conference. Firefighters managed to extinguish the blaze, but rescue operations continued as of around 9:30am, when several rescue and first aid units as well as police vehicles were seen at the site. Yle journalist Tuomas Rimpiläinen, who was at the scene, said it seemed that the blaze was most intense in one flat on the building's second floor, which appeared to have been completely destroyed. Note on 3 March 2026 at 4:17pm: This breaking story was updated throughout the day on Tuesday. The intelligence agency said it's seeking creative people with good interpersonal and teamwork skills, as well as an ability to withstand stressful situations. For a salaried employee, it takes an average of 46 days to earn what a chief executive makes in a single day. Finland's pandemic-era restrictions were effective and adhered to, according to health agency THL.",https://yle.fi/a/74-20213287,2.0,1
2026-03-03 16:28:56,All Points North,"Finland's Supo seeks intelligence officers with Chinese, Russian skills","The intelligence agency said it's seeking creative people with good interpersonal and teamwork skills, as well as an ability to withstand stressful situations. The Finnish Security and Intelligence Service (Supo) is seeking to hire people who are fluent in foreign languages as intelligence officers. However, applicants are not required to have previous experience in the field, according to an agency press release on Tuesday. It said Supo is seeking creative people with good interpersonal and teamwork skills, as well as an ability to withstand stressful situations. ""We are hoping to attract candidates of varied and diverse backgrounds. Being able to blend in is an asset in intelligence, but work experience in for example civil service is not a requirement for human intelligence officers,"" Pekka Hiltunen, the head of Supo, said in the release. The intelligence agency is primarily looking for people with fluent Russian or Chinese skills. However, people with skills in French, Spanish or a less common language may also be considered, it said Interested applicants have until 27 March to submit their job application by post, according to the agency. ""Please print and attach the CV and motivation form available on the Supo website as well as a short video on a USB memory stick,"" the release read. ""The Finnish Security and Intelligence Service may offer permanent posts in human intelligence to suitable candidates. Multiple posts are available, and they may be placed across Finland in localities with a Supo office."" The intelligence agency said it's seeking creative people with good interpersonal and teamwork skills, as well as an ability to withstand stressful situations. For a salaried employee, it takes an average of 46 days to earn what a chief executive makes in a single day. Finland's pandemic-era restrictions were effective and adhered to, according to health agency THL.",https://yle.fi/a/74-20213372,3.0,1
2026-03-03 11:54:13,All Points North,Helsinki to further reduce meat in school lunches,"In a few years, meat-based dishes will only appear once or twice per week. Helsinki is cutting back further on meat in school meals, aiming to halve the share of meat and dairy products by 2030 compared with 2019. The move follows a city council decision last week. From 2029, meat dishes will be served only once or twice a week, with a focus on vegetarian meals and fish. The changes are driven primarily by environmental concerns and updated nutrition guidelines encouraging reduced meat consumption. ""What I can say is that next autumn we will replace the turkey bolognese with a fish sauce,"" said Katja Peränen, a city food expert for schools. In Helsinki, schools have long emphasised vegetarian and fish-based meals. Since 2019, the amount of red meat served has already been cut by half. Right now, red meat appears on the menu five times over a six-week cycle. By autumn 2029, it will feature only four times, though it is not yet clear which dish will be removed. Chicken and turkey are now served eight times over six weeks, dropping to five by 2029. Peränen noted that having less meat does not have to be an all-or-nothing approach. Schools are experimenting with partially blending plant-based proteins into meat dishes as another way to reduce overall meat consumption. 4. Tortillas (vegetarian) 6. Chopped sausages in gravy 7. Macaroni casserole This list was compiled based on responses to a survey conducted in autumn 2024 among school students. It includes hamburgers, which are not part of the regular school menu but were served during a themed day in August 2024. The intelligence agency said it's seeking creative people with good interpersonal and teamwork skills, as well as an ability to withstand stressful situations. For a salaried employee, it takes an average of 46 days to earn what a chief executive makes in a single day. Finland's pandemic-era restrictions were effective and adhered to, according to health agency THL.",https://yle.fi/a/74-20213319,2.5,1
2026-03-01 20:29:40,All Points North,Should all kids learn English as their first foreign language? Finland's second-largest city grapples with a hot-button issue,"Espoo is debating whether all schools should be required to offer English as the first foreign language – a contentious issue entwined with allegations of segregation and 'school shopping'. The city of Espoo has postponed a controversial scheme that would require all Espoo schoolchildren to study English as their first foreign language. The plan by the city administration is aimed at discouraging so-called school shopping, i.e. parents trying to get their kids into non-local schools that they see as more desirable. Supporters argue that that practice, in turn, leads to greater segregation and inequality at public schools. Espoo, just west of Helsinki, is a sprawling area that includes Finland’s wealthiest neighbourhood – Westend – as well as some of the highest concentrations of people of immigrant background. For example, at the Kirstin koulu comprehensive school in central Espoo's Suvela district, 92 percent of pupils speak a native language other than Finnish or Swedish. Overall, a quarter of Espoo residents are foreign-language speakers, while nearly 17 percent are foreign citizens. The chair of Espoo’s school board disagrees with the basic premise of the proposal. It assumes that schools in more upscale neighbourhoods which offer more languages act as magnets for pupils from other areas, in a form of unhealthy competition. ""In my view, the range of language options in Espoo does not cause school shopping,"" says MP Mia Laiho (NCP), chair of the Espoo Education and Early Education Committee. ""I believe it’s important that by ensuring all areas of Espoo offer diverse language choices, we promote equality among children,"" she tells Yle News. ""School language offerings shouldn’t be used to prevent segregation."" In Laiho’s view, schools should be able to offer another first foreign language besides English if there are enough interested students to form a class. City councillor Mikko Lievonen (SDP), another member of the education committee member, also downplays the significance of foreign language instruction in inequality between districts and public schools. ""School shopping is a real phenomenon and language choices can play a part in this, but language learning is not a major driver,"" he tells Yle News. ""The school shopping phenomenon is more associated with various specialised education programmes, for example in arts and sports,"" Lievonen suggests. With more than 326,000 residents, Espoo has grown from being a ‘bedroom community’ adjacent to the capital to Finland’s second-largest city in its own right. It’s also one of the country’s fastest-growing municipalities, projected to reach a population of 400,000 by 2037. Laiho’s NCP dominates the Espoo City Council, followed by the Greens, the Social Democrats and the Swedish People’s Party. With many city councillors also serving as MPs, local politics and decisions are often entwined with national ones. While the debate over language instruction may be reflected elsewhere, the capital region differs from most of Finland in that number of children is growing. Espoo in particular has a young population. Opposition to the plan stretches across much of the political spectrum, with Espoo councillor, MP and Finns Party vice-chair Simo Grönroos also rejecting it. In an interview with his party newspaper Suomen Uutiset in November, he noted that the plan to reduce the number of A1 languages ​​on offer was an effort to discourage ‘school shopping’ and segregation. ""For segregation to be truly addressed, instead of tampering with language teaching, Espoo should put an end to reckless population growth based on immigration,"" Grönroos argued. While the Finns Party has traditionally opposed mandatory Swedish in schools, in recent months it has been updating its language strategy and changing the target of its criticism from Swedish to English. National language policy requires that all Finnish-speaking pupils learn Swedish at school, and vice versa – all members of the small Swedish-speaking minority must learn Finnish. ""The status of Swedish language is not affected by decisions on the A1 language that starts at the age of seven,"" explains Lievonen. ""If a child doesn’t choose Swedish as their first foreign language, they can start learning it in the fourth grade if desired. But at the latest, everyone must begin studying Swedish in the sixth grade,"" says Laiho. Last month’s postponement means that current system will remain in place for the 2026-27 school year at least. That means pupils at some Finnish-language schools will have the option of choosing French, German or Swedish as their first non-native language. Three schools in the Greater Tapiola area offer students the opportunity to study German and French as their so-called A1 language, the first foreign language that they begin studying in the first grade of comprehensive school. Some youngsters then also opt for an optional A2 language, an elective foreign language that they typically start in fourth grade. The uniformity plan presented last year is partly driven by concerns about the A1 language grade impacts a student’s average on their upper secondary school leaving certificate. This can make it difficult for some to enter the upper secondary school of their choice, encouraging them to choose English as a ‘safer’ option. Competition for upper secondary school places has become tougher in Espoo in recent years, with only about two-thirds of pupils who want to go to an academic high school being able to land a spot. Most schools in Espoo offer the opportunity to study an optional A2 language from the fourth grade onwards and an optional B2 language in upper secondary school, according to local newspaper Länsiväylä. Swedish is now offered as an A1 language at three schools, French at two and German at one. A new school set to open next autumn in Kera will teach English, Swedish and German. Other schools offer Spanish, Chinese and Russian as A2 languages, with Spanish particularly growing in popularity in recent years and interest in Russian dropping rapidly. The proposal to make English the standard first language goes against guidelines by the Ministry of Education. In 2017, it recommended that children should start their linguistic studies in a language other than English as a way to strengthen the country’s language reserve. ""Language skills are important in Espoo, where there are many international companies, and they’re a valuable, increasingly necessary asset for young people,"" says Laiho. Lievonen also points to the city’s cosmopolitan population, noting that Espoo is home to a significant technology cluster including major research centres such as Aalto University and VTT. ""Consequently, Espoo has an international population, with many foreign workers, students and Finnish returnees, so it can and should offer a range of language options in schools,"" he says. In the bigger picture, he says, ""Finland is a small, export-led economy with very few resources apart from its educated population. Of course the rise of AI-driven translation is currently reshaping the landscape of language learning, but we believe that once today’s young pupils reach adulthood there will still be a need for speaking foreign languages and understanding other cultures."" So why does it matter which foreign language a student learns first? The Federation of Foreign Language Teachers in Finland (Sukol) says that children are most receptive to learning new languages before they turn 10. According to the Sukol website, ""the phonetic map of a child's brain begins to lock in at the age of 8–10. After that, it is more difficult to produce a genuine accent in a foreign language,"" for example. Laiho agrees, saying that ""the younger a child is when they start learning a language, the easier it is to acquire. However, it’s important to note that there are still good opportunities to learn a language later on, as long as there is motivation,"" she adds. Of course, funding is always a crucial issue. ""Espoo is a leading city in education, and we have always invested in high-quality schooling,"" says Laiho. ""However, the city’s finances naturally set the framework for how much funding is available."" The SDP group in the council, meanwhile, argues that the approval of a new language programme ""must go hand-in-hand with a discussion on budgetary implications,"" says Lievonen. “Currently only the greater Tapiola region has schools that offer languages other than English at age seven; we see this is a major problem from an egalitarian point of view,"" he adds. In late January, the education committee sent the plan back to the city administration, which is to come up with a new proposal. That will then be considered for possible adoption in autumn 2027. In the meantime, says Laiho, ""it’s important to enable a diverse selection of languages for all children in Espoo. Families must be informed and heard regarding language offerings, and decision-making must be transparent."" The intelligence agency said it's seeking creative people with good interpersonal and teamwork skills, as well as an ability to withstand stressful situations. For a salaried employee, it takes an average of 46 days to earn what a chief executive makes in a single day. Finland's pandemic-era restrictions were effective and adhered to, according to health agency THL.",https://yle.fi/a/74-20212894,2.6842105263157894,1
2026-03-03 15:33:26,All Points North,"It takes 6 weeks for a wage earner to match one day of a CEO's pay, STTK says","For a salaried employee, it takes an average of 46 days to earn what a chief executive makes in a single day. The income gap between salaried employees and the chief executives of listed companies remains substantial, according to a report by the Finnish Confederation of Professionals, STTK. Pay trends for listed company CEOs and ordinary wage earners continue to move at different speeds. For several years, the confederation has tracked its so-called 'Fat Cat Day', the point at which an average employee has earned what a chief executive makes in a single day. Last year, it took 46 days for a salaried worker to match a CEO's daily pay, compared with 42 days the year before. The organisation based its calculation on a daily wage of 175 euros for salaried employees and 7,435 euros for chief executives. ""It's the long-term trend that is worrying. The income development of listed-company executives — and top earners more generally — has permanently diverged from that of ordinary wage earners,” the confederation's economist, Tom-Henrik Sirviö, said in a statement. The confederation's math takes into account the salaries of CEOs in companies included in the OMX Helsinki 25 index, as well as various bonus arrangements and executives' longer working hours compared with employees. The intelligence agency said it's seeking creative people with good interpersonal and teamwork skills, as well as an ability to withstand stressful situations. For a salaried employee, it takes an average of 46 days to earn what a chief executive makes in a single day. Finland's pandemic-era restrictions were effective and adhered to, according to health agency THL.",https://yle.fi/a/74-20213374,3.5,1
2026-03-03 12:26:56,All Points North,THL: Finland saw low excess mortality during Covid,"Finland's pandemic-era restrictions were effective and adhered to, according to health agency THL. The impact that the Covid pandemic had on Finland's overall mortality rate was minor, according to the Institute for Health and Welfare (THL). Citing data compiled by the EU-funded mortality tracker EuroMomo, THL said Finland saw a minor increase in excess mortality during the pandemic. Similar scenarios were also seen in Norway, Sweden, Denmark, Ireland and Luxembourg. EuroMomo examined mortality data between early 2020 and the spring of 2023, a period that saw four waves of the pandemic. Excess mortality is an unusual increase in mortality during a given period. THL's research professor Tuija Leino told news service STT that the data suggests that Finland's pandemic-era restrictions were effective and adhered to. During the first waves of the Covid pandemic, Finland's personal distancing rules helped to prevent future deaths among the elderly, as other viruses were not circulating in the population, according to the health agency. When the Covid restrictions were lifted, other illnesses began circulating and mortality started rising. THL noted that Finland has a high proportion of very elderly people in its population. They are often frail, and mortality among that group during the pandemic was particularly high. It is likely that even if the pandemic did not occur, some of them would have died during the same period from some other infection. During Covid's initial wave, Sweden had higher death rates, according to THL. But in the later, less severe waves, Sweden's excess deaths were about the same as Finland's and Norway's The European countries with the highest mortality rates during Covid included Greece, Hungary and Italy, where pandemic-related deaths were overall many times higher than in Finland. At the European level, only the first two Covid waves caused more excess mortality than influenza usually prompts, according to THL. The intelligence agency said it's seeking creative people with good interpersonal and teamwork skills, as well as an ability to withstand stressful situations. For a salaried employee, it takes an average of 46 days to earn what a chief executive makes in a single day. Finland's pandemic-era restrictions were effective and adhered to, according to health agency THL.",https://yle.fi/a/74-20213320,2.8,1
2026-03-03 09:50:34,All Points North,"Tuesday's papers: Finnish justice, swelling deficit, and eggs-asperation","Unlike the perpetrator, the victims of Vastaamo actually face a life sentence, Helsingin Sanomat reports. Last week, an appeals court raised Vastaamo hacker Aleksanteri Kivimäki's prison term to six years and 11 months, one month short of the maximum seven years allowed by law. Helsingin Sanomat has published a letter to the editor noting that in contrast, more than 30,000 of Kivimäki's victims have in effect received a 'life sentence' as a consequence of his crime. Kivimäki hacked into a private psychotherapy centre's database and extorted victims. For the rest of their lives, they must guard their personal data against further abuse. In practice, this means maintaining voluntary credit bans and blocking the disclosure of their contact details across various registers, the letter pointed out. Business paper Kauppalehti looks at Finland's fragile growth, overshadowed by soaring deficit forecasts. The end of last week brought signs of a tentative revival in Finland's economic growth. The country's gross domestic product expanded by 0.2 percent last year, according to Statistics Finland. Now the spring's budget framework proposal foresees large public finance deficits in the years ahead. According to the latest estimates from the Ministry of Finance, state debt will have swollen to around 260 billion by the end of 2030. The business daily explains that a closer reading of the proposal reveals a major shift in assumptions in less than a year. The ministry now expects the 2027–29 deficit to be, on average, 3.2 billion euros larger than was envisaged last year. The deficit forecasts have been pushed higher by an exceptionally sharp drop of nearly three billion euros in projected tax revenues, KL reports. Shoppers have begun to notice a shortage of eggs on supermarket shelves. The regional daily Keskisuomalainen reports visible gaps on shelves, along with signs informing customers of supply problems. Jarno Minkkinen, a group manager at the S-market chain, says two main factors lie behind the disruption: rising demand for eggs and the annual hen turnover on the production side, when laying flocks are replaced. ""Supply challenges will continue through the spring,"" Minkkinen told KS. The intelligence agency said it's seeking creative people with good interpersonal and teamwork skills, as well as an ability to withstand stressful situations. For a salaried employee, it takes an average of 46 days to earn what a chief executive makes in a single day. Finland's pandemic-era restrictions were effective and adhered to, according to health agency THL.",https://yle.fi/a/74-20213276,2.0,1
2026-03-02 16:37:09,All Points North,Finland to stop accepting non-biometric Russian passports in June,"There will be a few exceptions to the upcoming rule, according to the foreign ministry. The Finnish foreign affairs ministry announced on Monday that, apart from a few exceptions, Finland will no longer accept non-biometric passports issued by the Russian Federation. Biometric passports feature machine-readable computer chips containing biometric identifiers of the documents' holders. Non-biometric passports do not contain that data. The new rules are scheduled to go into effect on 1 June. The first exception to the upcoming rule is that Finland will continue to accept Russian non-biometric passports belonging to passport holders under the age of 18. Second, Finland will still accept a non-biometric passport belonging to someone granted a residence permit to the passport holder before 1 June 2026. ""Therefore, it will still be possible to apply for an extension of a residence permit issued by Finland with a non-biometric passport,"" the ministry said in a press release. The ministry said the third exception to the upcoming rule is in regard to ""special reasons"". ""Where there is a special reason, a non-biometric passport of a person who applies for an entry permit to Finland or who resides in Finland, may be accepted based on individual consideration,"" the ministry said. There will be a transition period, according to the ministry — from 1 June to 31 December of this year. ""During the transition period, Finland will accept non-biometric passports issued by Russia when they contain a valid visa that was issued by Finland before 1 June 2026. During the transition period, Finland will also accept non-biometric passports that contain a valid visa or a residence permit that was issued by another EU Member State or Schengen country before 1 June 2026,"" the ministry said. Finland started exclusive use of biometric passports in 2006, while Russia started using the chipped travel documents in the same year, but continues to also issue non-biometric ones, according to the ministry. ""Finland has restricted the entry of Russian citizens by issuing two government resolutions, the first in 2022 and the second in 2023 — non-essential travel by Russian citizens to Finland and through Finland to the rest of the Schengen area is banned for the time being,"" the ministry's press release read. The intelligence agency said it's seeking creative people with good interpersonal and teamwork skills, as well as an ability to withstand stressful situations. For a salaried employee, it takes an average of 46 days to earn what a chief executive makes in a single day. Finland's pandemic-era restrictions were effective and adhered to, according to health agency THL.",https://yle.fi/a/74-20213214,1.5,1
2026-03-02 15:32:24,All Points North,US expert flags Åland as potential target for Putin,"Victory in Ukraine would embolden Moscow to further aggression, according to the Atlantic Council. If Russia were to launch a limited military operation in Europe, it would have five plausible targets. Finland's autonomous Åland Islands are one of them. That's according to a fresh report by Richard D. Hooker, a senior fellow at the Atlantic Council, who has also served in the US Department of Defence. The report by the American think-tank draws on the views of several defence experts, including Finnish contributors. The most likely threat scenario, according to Hooker, would be the occupation of Norway's Svalbard archipelago. But in an alternative scenario, Russia could strike the Åland Islands. Other possibilities include attempts to seize territory on Gotland or in eastern Estonia. Russia might also target Lithuania, seeking to secure a land corridor to Kaliningrad. The Åland Islands occupy a strategic position in the Baltic Sea, lying close to Stockholm, Tallinn and Helsinki. Control of the islands would offer influence over the Baltic Sea, the home waters of Russia's Baltic fleet. Both St Petersburg and Kaliningrad sit surrounded by Nato countries. In the report's Åland scenario, Russia would rely on special forces and air power, potentially inserting troops covertly using commercial flights and civilian vessels. Finland, for its part, would seek to defend the islands with units deployed from the Nyland Brigade in Tammisaari, supported by air defences, artillery and coastal missile systems. The aim would be to hold the line long enough for reinforcements to arrive from other Nato countries. The intelligence agency said it's seeking creative people with good interpersonal and teamwork skills, as well as an ability to withstand stressful situations. For a salaried employee, it takes an average of 46 days to earn what a chief executive makes in a single day. Finland's pandemic-era restrictions were effective and adhered to, according to health agency THL.",https://yle.fi/a/74-20213171,2.75,1
2026-03-02 13:55:50,All Points North,"Finnish government, opposition want to give conscripts a raise","At the moment, new conscripts receive €6.15 per day for their first 165 days of national service. Finland should increase the amount that is paid to conscripts, according to Defence Minister Antti Häkkänen (NCP). The minister spoke to reporters about the matter at the opening of the National Defence Course in Helsinki on Monday. At the moment, new conscripts receive €6.15 per day when they begin their service. Parliamentary parties in both the government and the opposition have supported raising that sum. Speaking to reporters, Minister Häkkänen said that conscripts' daily pay should be increased ""at some point in time"", adding that the defence ministry considers the issue to be important. He added that people carrying out national service duties should not suffer financial losses, saying that ""the increase must be made over a period of time"". Last week, Finns Party MP Merja Rasinkangas submitted a motion to increase conscripts' daily allowances. ""Finland's defence is based on conscription. The credibility and fairness of the system require that society also takes responsibility for the livelihood of conscripts,"" Rasinkangas said. According to her, the government should earmark a portion of its growing defence budget in coming years and put it towards giving conscripts a raise. Defence Minister Häkkänen has not outright rejected such a proposal, but noted that its basic defence activities budget has not yet increased. Those increases are set to begin in 2028, he explained. ""The daily allowance for conscripts is one issue among many,"" Häkkänen said. During the first 165 days of national service, conscripts receive a starting daily pay of €6.15. After that point, the per-diem allowance rises to €10.20 until the conscripts' 255th day of service. Members of opposition parties have also voiced support for giving conscripts a raise. According to opposition MP Timo Furuholm of the Left Alliance, it is not only a question of maintaining fairness, but also keeping the country's defence capabilities strong. ""A motivated conscript is the foundation of our entire defense system. If service causes financial concerns, that could weaken motivation and also affect whether a young person applies for leadership training,"" Furuholm said recently. MP Sofia Vikman, from the governing National Coalition Party, took a similar stance in a statement over the weekend. ""A strong reserve is the backbone of Finland's national defense. General conscription works because young people are ready to take on their responsibility. Our task is to show that we value it, also in concrete ways,"" Vikman's statement read. The intelligence agency said it's seeking creative people with good interpersonal and teamwork skills, as well as an ability to withstand stressful situations. For a salaried employee, it takes an average of 46 days to earn what a chief executive makes in a single day. Finland's pandemic-era restrictions were effective and adhered to, according to health agency THL.",https://yle.fi/a/74-20213146,2.3333333333333335,1
2026-03-02 13:23:28,All Points North,"""All of us are happy"" — Iranians in Finland celebrate Khamenei's death","Finland says Iran's support for Russia could falter, and that's a good thing. The death of Iran's supreme leader Ali Khamenei — amid attacks by US and Israeli forces in the Middle Eastern country — has stirred a mix of hope and fear among Iranians living in Finland. While some see the moment as a chance for change, others worry that the authorities could tighten their grip in response. Azzar Sarikhani, an Iranian who moved to Finland a decade ago, says she spent much of the weekend awake, following developments closely. ""The fact that he [Khamenei] is gone, it's maybe the happiest day of all of our lives…all of us are happy,"" she told Yle. Finnish Defence Minister Antti Häkkänen (NCP) on Monday said US strikes on Iran could have broader implications for Europe. Häkkänen also noted Iran's role in supporting Russia's invasion of Ukraine, including the supply of Shahed drones. He suggested that any disruption to Iran's government could have a stabilising effect. ""It could be positive if the Iranian administration is partially paralysed in its support for Russia's war,"" he said. Häkkänen said the United States' actions are not unprecedented. Washington has acted in similar ways since the end of the Cold War. That, he added, does not make them any less troubling. He warned that it would be regrettable if agreed rules of international conduct were not upheld. At the same time, he also urged people to remember how the Iranian regime has treated its own people, arguing that the international community has so far been unable to address that behaviour through established legal mechanisms. Jan von Gerich, chief analyst at Nordea, said that the US and Israeli strikes on Iran could have a relatively quick impact on oil prices — and, consequently, on prices at the pump. Attacks on Iran by the United States and Israel have, as expected, rattled global markets on Monday. US futures initially fell by more than one percent, while oil prices spiked sharply. Both have since stabilised as trading volumes picked up. The intelligence agency said it's seeking creative people with good interpersonal and teamwork skills, as well as an ability to withstand stressful situations. For a salaried employee, it takes an average of 46 days to earn what a chief executive makes in a single day. Finland's pandemic-era restrictions were effective and adhered to, according to health agency THL.",https://yle.fi/a/74-20213136,3.2,1
2026-03-02 12:05:46,All Points North,"Finland allows 35-year mortgages, as government aims to boost growth","Prospective home buyers will soon be able to pay off their housing loans for a period of up to 35 years. Last year, as part of its economic growth strategy, the Finnish government decided to raise the current 30-year housing loan cap. Parliament approved the change in December, and it is due to go into force at the beginning of April. For households that choose an extended mortgage period, it will mean smaller monthly payments. But in the long term, it will mean paying off significantly larger interest costs. For example, on a 125,000-euro loan with a 35-year mortgage, monthly payments would be roughly 46 euros less than they would be for a 30-year mortgage. On the other hand, the interest accrued in the extended loan will bring additional interest costs of more than 10,000 euros. According to the chief economist at the Mortgage Society of Finland (Hypo) Juho Keskinen, raising the mortgage period will likely have a minimal impact. ""The change will offer flexibility for the debt payer's everyday life, but its impact on the economy will not be very dramatic,"" Keskinen said. At the moment, only about a third of Finland's home mortgages exceed 25 years. At the end of last year, Finnish owner-occupied housing loans amounted to around 96.7 billion euros, with average mortgage repayment periods of slightly less than 23 years. Keskinen said that he does not think raising the mortgage period cap would ""turn the market around"". The government would also like to raise mortgages' maximum loan-to-value ratio from the current 90 percent to 95 percent. That would mean prospective borrowers would need to pay less in down payments, which has only been possible for first-time mortgages. Those plans are still pending, as such decisions lie with the country's Financial Supervisory Authority (FIN-FSA). The government has contended that lowering minimum down payments would accelerate housing sales during an economic downturn. Hypo's chief economist Keskinen said that if FIN-FSA does decide to raise the maximum loan-to-value ratio, it could have an impact on people who would like to purchase a home, but haven't had enough for the down payment to do so. The government has said that the changes are aimed at boosting housing sales, household consumption, and to encourage people to save for the future. In the long term, once the real estate market perks up again, housing prices will begin to tick upward, following cyclical price trends. The Bank of Finland's senior adviser Jukka Vauhkonen voiced skepticism about the mortgage rule changes' effect on accelerating household savings and investments. ""The extension of mortgage terms has typically led to an increase in mortgage loan sizes, more than increasing savings,"" he said. But Hypo's Keskinen said he thinks the changes could have a stimulating effect on the housing market. ""It could offer a wider range of buyers opportunities to get bigger loans and to own their own homes,"" Keskinen explained. According to the Bank of Finland, the biggest risk in changing mortgage terms is its impact on household debt. Both the European Central Bank (ECB) and FIN-FSA have expressed similar long-term concerns. ""In the long term, this may encourage borrowers to take out very large mortgage loans, as a result of which the proportion of heavily indebted households will increase,"" the central bank's Vauhkonen said, adding that he thinks the changes coming in April are taking the wrong direction. ""Current [mortgage] regulations are primarily designed to maintain financial stability. I find this easing of regulations to be very bad,"" Vauhkonen said. Yle News' All Points North podcast explored whether the Finnish housing market was picking up. Years of falling prices have cooled confidence, but as borrowing costs stabilise, some buyers see opportunity where others see risk. The intelligence agency said it's seeking creative people with good interpersonal and teamwork skills, as well as an ability to withstand stressful situations. For a salaried employee, it takes an average of 46 days to earn what a chief executive makes in a single day. Finland's pandemic-era restrictions were effective and adhered to, according to health agency THL.",https://yle.fi/a/74-20213105,2.4444444444444446,1
2026-03-02 09:54:37,All Points North,"Monday's papers: When ICE deports a Finn, paying for pensions, and pen and paper make a comeback","What's it like to be deported to Finland when you haven't lived here since childhood? Amid the Trump administration's immigration crackdown, ICE has also deported Finns, though they remain a rare exception in US immigration statistics. Helsingin Sanomat reports the case of a Finnish man, Matias Koivisto, who was deported from the United States after living there without legal status for more than three decades. Koivisto was sent back to Finland last September after months in detention. He had moved to the United States at the age of six and had been living in North Carolina with his American wife and daughter. He is now trying to rebuild his life in a country that is, in many ways, unfamiliar to him. His wife and daughter have never been to Finland, and their moving here is unrealistic. For now, the family remains separated, staying in touch through video calls. HS cites ICE statistics that 242,027 Mexican nationals were deported from the US between 2021 and 2024. By contrast, only 20 Finnish citizens were removed over the same period. Kauppalehti reports that Finland's self-employed workers now pay, on average, just over 10,000 euros a year in pension contributions, following a reform that came into force at the start of 2023. The overhaul of the YEL system — a form of personal insurance for entrepreneurs — has pushed up costs for many of these independent businesspeople. On average, self-employed workers now pay 10,176 euros per year in YEL contributions. The smallest businesses have faced more modest increases. They pay an average of 5,817 euros annually, which is around 480 euros more than four years ago. In recent years, many Finnish upper secondary schools embraced a digital-first approach. But a quiet reversal may now be underway. According to Hufvudstadsbladet, the town of Uusikaarlepyy, north of Vaasa, offers a glimpse of the shift. At Topeliusgymnasiet, high school students have returned to taking notes on paper. ""We are not technophobes,"" said mother tongue teacher Annette Kronholm. Many students agree. Writing by hand, the students told HBL, provides a clearer overview of the material. ""It's hard to really grasp things if you only write on a computer,"" said Walter Ekstrand, who started at the high school last autumn. The intelligence agency said it's seeking creative people with good interpersonal and teamwork skills, as well as an ability to withstand stressful situations. For a salaried employee, it takes an average of 46 days to earn what a chief executive makes in a single day. Finland's pandemic-era restrictions were effective and adhered to, according to health agency THL.",https://yle.fi/a/74-20213068,2.8333333333333335,1
2026-03-01 14:51:32,All Points North,"Foreign minister hails ""window for long-awaited change in the Middle East,"" meets with EU and Moroccan leaders","The Iranian people deserve  ""an orderly path...to regain control of their lives and their country,"" said foreign minister Elina Valtonen (NCP). Foreign Minister Elina Valtonen (NCP) visits Morocco on Sunday after meeting with fellow EU foreign ministers to weigh the weekend’s dramatic events across the Middle East. Her advisor confirmed to Yle News that the trip to Morocco would go ahead despite the rapidly unfolding developments and flight disruptions. Before the meetings, Valtonen commented on the US and Israeli attacks on Iran as well as Tehran’s counterattacks, noting that Ayatollah Ali Khamenei had been confirmed dead. ""This opens a window for long-awaited change in the Middle East. Iran’s dictatorship has long been a shackle on its own citizens and an obstacle to regional peace,"" she wrote in an extended post on X. Valtonen said that the Iranian regime’s actions have had a destabilising effect beyond the Middle East. ""Iran has provided Russia with drones and missiles used in its war of aggression against Ukraine. Its non-compliance with nuclear non-proliferation agreements has been a constant threat to world peace,"" the minister tweeted, She noted that Finland and other EU states recently designated the Islamic Revolutionary Guard Corps (IRGC) as a terrorist organisation. On Sunday, Iran said that its commander, Mohammad Pakpour, had been killed in US and Israeli strikes. ""The Iranian people deserve the right to freedom. There must be an orderly path for the citizens to regain control of their lives and their country—control that has been denied to them for far too long,"" Valtonen posted, going on to say: ""The risk of a spiral of violence in the Middle East remains a concern...Civilians must be protected at all times."" Valtonen said she would join an emergency meeting of EU foreign ministers on Sunday to "" discuss pathways towards de-escalation and peace in the Middle East. It is key that we coordinate closely with our transatlantic partners."" The EU High Representative for Foreign Affairs and Security Policy, Kaja Kallas, announced the meeting a day earlier in a post on X. ""I will convene an extraordinary Foreign Affairs Council via video link on Sunday to address Iran and the rapidly unfolding events across the Middle East,"" the former Estonian prime minister tweeted. On Friday, the Finnish Foreign Ministry announced that Valtonen would meet with Foreign Minister Nasser Bourita in Rabat on 1 March. It said they would discuss the situations in the Middle East, the Sahel and Sudan as well as the Western Sahara, a disputed region mostly occupied by Morocco. Finland has backed a proposal for an autonomous status for the region that is backed by Rabat and Washington. Minister of Foreign Trade and Development Ville Tavio (Finns) visited Rabat last April. Matilda af Hällström, Special Adviser to the Minister for Foreign Affairs, confirmed to Yle News on Sunday that the trip to Morocco was going ahead as planned despite the unrest and disruptions to air traffic. Hundreds of thousands of travellers, including thousands of Finns, were stranded or diverted to other airports this weekend after Israel, Qatar, Syria, Iran, Iraq, Kuwait and Bahrain closed their airspace. The United Arab Emirates also announced a ""temporary and partial closure"" of its airspace, AP reports. That led to the closure of hub airports in Dubai, Abu Dhabi and Doha, with the cancellation of more than 1,800 flights. Finnair has grounded flights to and from Dubai and Doha until at least next weekend, affecting some 4,000 passengers. On Friday and Saturday, the Finnish Foreign Ministry issued an array of warnings about travel in the region, and reported that its consular helpline was swamped with calls from stranded or concerned Finnish travellers. The intelligence agency said it's seeking creative people with good interpersonal and teamwork skills, as well as an ability to withstand stressful situations. For a salaried employee, it takes an average of 46 days to earn what a chief executive makes in a single day. Finland's pandemic-era restrictions were effective and adhered to, according to health agency THL.",https://yle.fi/a/74-20212992,2.4444444444444446,1
2026-03-01 11:41:07,All Points North,"Finland picks ""Flamethrower"" as Eurovision entry amid anti-Israel protests","Advance favourites Linda Lampenius x Pete Parkkonen's ""Liekinheitin"" (""Flamethrower"") won the qualifier as demonstrators outside protested Israel's inclusion in the Eurovision Song Contest. Finland has chosen ""Liekinheitin"" (""Flamethrower"") by Linda Lampenius x Pete Parkkonen as its official entry for the Eurovision Song Contest (ESC) in Vienna in May. The duo clinched their win at the UMK (Contest for New Music) national qualifier, hosted by Yle at Nokia Arena in Tampere on Saturday evening. The broadcast drew an all-time record audience. The forehand favourites won by a large margin, earning 570 points compared to their nearest rival, Antti Paalanen. The raspy-voiced accordionist scored 210 points with his quirky ""Takatukka"". Boy band Komiat placed third with 116 points, with the four other finalists – all female vocalists – all scoring less than 100 points. Lampenius, 56, is best known as a crossover violinist with a long career in both classical and pop – as well as for appearing on the cover of Playboy magazine in 1998 under the name 'Linda Brava'. She has discussed her experiences in an autobiography and an award-winning documentary series. Parkkonen, 20 years her junior, is a pop singer whose career began with a third-place finish in the Idols singing competition in 2008, followed by a Dancing with the Stars Finland win in 2014 and the platinum-selling album PETE in 2018. According to international betting sites, Finland is the favourite to win this year's ESC. It has only done so once so far, when ""Hard Rock Hallelujah"" by monster-rock band Lordi won in 2006. On Sunday, ""Liekinheitin"" was ranked in first place by the aggregate site eurovisionworld.com, with an 18 percent chance of winning, ahead of Greek entry ""Ferto"" with a 12 percent chance. The UMK final attracted a record viewership of more than 2.5 million people on TV and Areena in Finland, or some 44 percent of the population. Nearly 447,000 votes were cast, which was over 100,000 more than last year. Three-quarters of the points came from the public vote, with an international jury's votes weighted at 25 percent. Before the final in Tampere, an estimated 70 demonstrators protested at Sori Square near the venue, calling for Israel to be barred from the Eurovision Song Contest. ""We’re demonstrating because of the genocide committed by Israel in Palestine,"" said Tampere protester Kukka Rantakangas. ""We demand that Israel be excluded from Eurovision,"" added another local resident, Jack Wright. The Tampere with Palestine collective and the Finnish Palestine Network called on people to boycott UMK and Eurovision because the European Broadcasting Union (EBU) has not excluded Israel from the competition. 1 March, 11.50am: Added audience figures. 1 March, 12.31pm: Added betting site's ranking. The intelligence agency said it's seeking creative people with good interpersonal and teamwork skills, as well as an ability to withstand stressful situations. For a salaried employee, it takes an average of 46 days to earn what a chief executive makes in a single day. Finland's pandemic-era restrictions were effective and adhered to, according to health agency THL.",https://yle.fi/a/74-20212974,3.0,1
2026-02-28 16:44:04,All Points North,"Finland warns against travel to Mideast, Finnair cancels flights","The Foreign Ministry said its emergency helpline was overloaded as it issued a flurry of warnings about travel in the Middle East. Meanwhile Finnair suspended flights until at least Friday. National air carrier Finnair has cancelled flights to and from Dubai in the United Arab Emirates and to Doha in Qatar. At first, the airline scrubbed its weekend flights, saying that the cancellations would affect approximately 1,600 passengers. Later in the day, it decided to ground flights until at least the end of next week. ""Due to the heightened safety situation in the Middle East, we are suspending our flights to and from Doha and Dubai and cancelling all flights between 28 February and 6 March,"" the national airline said on Saturday afternoon. ""We are also temporarily not flying through the airspace of Iraq, Iran, Syria or Israel,"" it added in a statement. On Saturday, the Finnish Foreign Ministry advised against unnecessary travel to Qatar and the UAE. They are among the countries targeted by that Iranian retaliatory strikes following bombing of Iran by Israel and the United States. On Friday – before those attacks began – the Finnish Foreign Ministry updated its travel advisories regarding several other countries in the region. It reiterated advisories urging Finns to avoid all travel to Iraq and the Palestinian Territory and to avoid unnecessary travel to Israel. Meanwhile it advised travellers to ""exercise normal caution"" in Oman, Bahrain and Kuwait. The latter two countries were among those hit by apparent Iranian missiles following the strikes on Iran. On Sunday morning, blasts were heard in Dubai, Doha and the Bahraini capital Manama, AFP reported. Nelli Arjanmaa, a Finnish teacher living in Bahrain, told Yle that there were at least 10 attacks within an hour around midday on Saturday. According to Arjanmaa, one of them hit a US military base about 10km from her home in the Seef district of Manama. Authorities had previously recommended that Finns do not travel to Iran or Syria at all. On Saturday, fatalities were reported due to Iranian strikes on Abu Dhabi and Syria. The ministry also advises travellers to exercise caution in Morocco, where Minister for Foreign Affairs Elina Valtonen (NCP) is scheduled to visit on Sunday. It said on Friday that she would meet with her opposite number, Nasser Bourita, in Rabat. The two are to discuss the situations in the Middle East, the Sahel and Sudan as well as the Western Sahara, a disputed region mostly occupied by Morocco. Ministry officials told the Finnish news agency STT on Saturday that approximately 70 Finns have filed notifications of travel to Iran, while approximately 230 had declared trips to Israel. Director General of Consular Services Jussi Tanner said on Saturday afternoon that the Foreign Ministry’s emergency phone number was overloaded. ""Please call only in case of an emergency,"" he wrote on X. ""Disruptions to air traffic in the Middle East are expected to continue for several days. If your return flight is cancelled, it is advisable to wait on site for the situation to become clearer,"" Tanner tweeted. 1 March, 9.07am: Updated with Sunday morning strikes. The intelligence agency said it's seeking creative people with good interpersonal and teamwork skills, as well as an ability to withstand stressful situations. For a salaried employee, it takes an average of 46 days to earn what a chief executive makes in a single day. Finland's pandemic-era restrictions were effective and adhered to, according to health agency THL.",https://yle.fi/a/74-20212910,1.4285714285714286,1
2026-02-28 13:29:13,All Points North,"Stubb on Iran attacks: ""Right now, the situation seems to be escalating""","The Finnish president said that the US is now operating largely outside traditional international law. A professor of Mideast studies adds that Washington's ultimate goals are unclear. Speaking to Yle on Saturday morning, Finnish President Alexander Stubb described the Iran situation as ""serious"". He spoke soon after US President Donald Trump announced that the US had begun ""major combat operations"" in Iran, accusing the Iranian regime of waging an ""unending campaign of bloodshed and mass murder targeting the United States"". That followed an initial Israeli attack on Iran. ""We hope that the situation will calm down, but right now it seems to be escalating,"" said Stubb. Later on Saturday, explosions were heard in the United Arab Emirates, Bahrain, Kuwait, Jordan, Qatar and Syria as Iran launched retaliatory strikes. Israel also reported incoming missiles and drones from Iran. Stubb said he had received reports from the Finnish Embassy in Tehran about the attacks. According to Finnish diplomatic sources, the US and Israel struck about 30 targets in Iran on Saturday morning. ""This shows the unstable situation in the Middle East and is in one way or another a continuation of the 12-day war that we saw last year,"" the president said, referring to US strikes on Iranian nuclear facilities last summer. According to Stubb, the US is now operating largely outside traditional international law. ""Usually, justification for these types of attacks has been sought either from the UN or at least from allies. Now, there has not been much asked about this,"" Stubb said on Yle's Ykkösaamu. ""This is certainly aimed at preventing Iran from building a nuclear weapon, as President Trump mentioned in his speech,"" Stubb said, adding that Tehran could be 4-6 months away from creating a nuclear weapon. Stubb believes that any possible negotiations will take place directly between Washington and Tehran. ""I'm pretty sure that President Trump won't have any intermediaries involved in this,"" Stubb said. Prime Minister Petteri Orpo (NCP) commented on the situation via X. ""The most important thing now is to stop the attacks and possible counterattacks as quickly as possible,"" Orpo tweeted. ""Finland considers it important to return to dialogue and diplomacy in order to find a lasting solution to the situation in Iran,"" he added. Meanwhile a Finnish Mideast expert told Yle that Israel wants to overthrow Iran's theocratic regime, but that the US goals are less clear. Hannu Juusola, professor of Middle East studies at the University of Helsinki, said it was surprising is that Israel initiated the attacks. ""Until some time ago, it was thought that Israel would try to stay out of the situation. This can be read as meaning that Israel particularly strongly wanted the attacks to take place and was trying to push this forward,"" Juusola said. Washington's ultimate goals are unclear, he said. ""The US understands that overthrowing the entire regime is a major, difficult thing, the consequences of which are extremely unclear,"" he said. ""It's not clear what the Trump administration's goal is, compared to the Israeli leadership. Hopefully they themselves know what that goal is."" According to Juusola, the next big question is whether a broader series of attacks on Iran is on the way, or whether the limited strikes are a tactic to try to pressure Iran into a negotiated solution. He believes the latter is more likely. ""For Trump, the worst fear is that the US would get stuck in a long-term, large-scale war,"" Juusola noted. 28 Feb, 3.01pm: Updated with Orpo comments and more countries hit by retaliatory strikes. 28 Feb, 5.06pm: Updated with Israel reporting incoming missiles and drones from Iran. The intelligence agency said it's seeking creative people with good interpersonal and teamwork skills, as well as an ability to withstand stressful situations. For a salaried employee, it takes an average of 46 days to earn what a chief executive makes in a single day. Finland's pandemic-era restrictions were effective and adhered to, according to health agency THL.",https://yle.fi/a/74-20212881,1.5,1
2026-02-28 11:23:11,All Points North,Most private-sector nurses return to work – but one union left out of deal,"Several labour groups approved a compromise deal on Friday, but the Trade Union for the Public and Welfare Sectors (JHL) was not included. It is still planning more strike action next week. A partial settlement has been reached in a contract dispute in the private social services sector. The deal covers private housing services for the elderly and disabled, mother-and-child homes and shelters, home services, and various social and health care organisations. On Friday, a deal was reached by the Finnish Union of Practical Nurses (SuPer), the Union of Private Sector Professionals (Erto) and the Tehy social services sector alliance Salli, the Talentia Union of Professional Social Workers. The employers are represented by the Finnish Association of Private Care Providers (Hali). However the trade union JHL is not covered by the agreement. ""JHL did not have an opportunity to sign the negotiation result that was reached today. Therefore, the threat of the strikes that were announced earlier still exists,"" JHL President Håkan Ekström said in a press release on Friday. ""All ongoing collective actions will cease immediately. Work will continue as normal and the planned strike is cancelled,"" announced SuPer, the largest employee organisation in the sector, which employs around 72,000 employees. Private social services staff have been working without a contract since the beginning of the year. ""We got a good solution and the strikes were called off. We can continue to improve salaries and other issues in the private sector,"" said SuPer chair Päivi Inberg. She said that the deal is good for practical nurses in today’s difficult situation, and furthers prospects for closing the wage gap between the public and private sectors. For those involved in the agreement, all ongoing industrial action will cease immediately, meaning work will continue as normal and the planned strike will be cancelled. According to Inberg, there are no major changes in the current agreement compared to a settlement proposal offered two weeks ago. Salaries will rise by 6.1 percent during the 28-month contract period. In comparison, under an agreement signed last spring in the public social services sector, salaries will increase by 7.37 percent over three years. On Tuesday, the state labour mediator issued a new settlement proposal and asked the negotiating parties to respond it by Saturday. However the separate agreement reached on Friday was not directly based on that proposal, according to Kati Virtanen, labour market director of Hali, which represents employers. ""We made an agreement with those with whom an agreement was possible at this point. It was important for us to get these large nursing organisations involved, because the majority of employees in the sector are nurses,"" Virtanen said. According to JHL contract expert Siru Heromaa-Karjalainen, JHL was not offered this agreement. The union is still expected to respond to the national mediator's proposal on Saturday. SuPer's Ingberg denied that there is a split among labour groups, but said that without the JHL, the other unions would have approved the agreement two weeks ago. ""There is certainly no split here. Everyone has had their own perspectives on reaching their goals and then achieving them in a slightly different way,"" Inberg said. Virtanen said that the employers’ group Hali plans to hold talks with the JHL next week. The intelligence agency said it's seeking creative people with good interpersonal and teamwork skills, as well as an ability to withstand stressful situations. For a salaried employee, it takes an average of 46 days to earn what a chief executive makes in a single day. Finland's pandemic-era restrictions were effective and adhered to, according to health agency THL.",https://yle.fi/a/74-20212851,2.125,1
2026-02-28 09:03:35,All Points North,Unscrupulous agents offer social media influencer thousands of euros to deceive foreign students about life in Finland,"An Yle investigation last year revealed that third-party agents have exploited Finland's image as the ""happiest country in the world"" to sell an inaccurate or downright misleading image of life in the country. Third-party agents have attempted to recruit popular social media content creators to help them spin a false narrative about life in Finland for foreign students. An Yle investigation last year revealed that the agents — who were operating as partners of Finnish third-level institutions — have exploited Finland's image as the ""happiest country in the world"" to sell an inaccurate or downright misleading image of life in the country. Deceived by the agents into believing that part-time work was easy to obtain and would cover all their living expenses, many students ended up struggling to make ends meet and relying on handouts to survive. Content creator and education professional Saaima Aziz revealed the sums she has been offered after being approached by a number of different agents. ""They [the agents] said they are ready to pay me 1,000 euros, or 1,500 euros, just for one video,"" Aziz told the All Points North podcast. Aziz has more than 80,000 followers on Instagram alone and often posts videos warning about the dangers of scams and the spread of misleading information about Finland. ""I don't feel this is the right way to earn money, to mislead students, the people who believe in me. So I said, no, I can't do this,"" she told APN about the offers she received. You can watch the full episode from the video below or on our YouTube channel. Immigration agency Migri granted a record 12,192 first-time residence permits to students from outside the EU in 2024, as Finland has become an increasingly popular destination to study — especially among students from South Asia. The figure for 2024 is more than double the number of permits granted to students in the pre-Covid years of 2019 (5,246) and 2018 (5,202) — with the increase in particular being driven by applications from countries such as Bangladesh, Nepal, Sri Lanka, India and Pakistan. Many are attracted by the reputation of Finland's education system, or the promise of a healthy work-life balance. However, others have been misled into believing that they can easily find part-time work — despite Finland's dismal unemployment rate — and that the salary they will receive can easily cover their living expenses. Aziz told APN that some students take out huge loans to cover the cost of coming to Finland, because they have been told they will make the money back in a short period of time. ""I know some people who have tried to survive here for a year, or a year and a half, but they end up returning home with a heavy loan on their shoulders,"" she said. Finland's government has recently drafted legislation aimed at tackling the agents' activities, as revealed by Yle's investigation. The bill will also set out in law the minimum income level required of foreign students from outside the EU. While noting that the government's plans have proved somewhat unpopular, Japanese student Tomonao Bushida told APN that the move will help to prevent foreign students from being lured into a poverty trap. ""The government is kind of asking, are you really ready to come here, financially, mentally,"" he said. ""So I would say it's not quite a negative thing. It's quite reasonable."" Despite his love of Finland, Bushida described his first year of studying in Finland as ""the most difficult year"" of his life, adding that he often wonders if he has a future in Finland. ""I want to see my future here, definitely, and I have motivation and the passion to live here,"" he said. ""But at the same time, I have come to the point that I really have to think about going back to Japan as a Plan B."" Listen to the episode via this embedded player, on Yle Areena, via Apple, Spotify or wherever you get your podcasts. The intelligence agency said it's seeking creative people with good interpersonal and teamwork skills, as well as an ability to withstand stressful situations. For a salaried employee, it takes an average of 46 days to earn what a chief executive makes in a single day. Finland's pandemic-era restrictions were effective and adhered to, according to health agency THL.",https://yle.fi/a/74-20212757,2.2222222222222223,1
2026-02-27 16:18:45,All Points North,Court clears Sanna Marin's stalker,"The court reached its decision without a psychiatric evaluation. Former Prime Minister Sanna Marin's stalker has been cleared of criminal responsibility and will not face punishment for his actions against her. Helsinki District Court on Friday ruled that the man who stalked Sanna Marin and trespassed near her home between November and December 2024 was not criminally responsible at the time. The court decided on criminal responsibility without a psychiatric evaluation, basing its decision in part on the man's medical history. The case also involved the stalking of another woman in Helsinki. The stalking began after he came in contact with her for a health check at a private health clinic. Some of the acts were committed while he was considered not criminally responsible, and some with diminished responsibility. For the offences committed with diminished responsibility, the man received a four-month suspended sentence. The 37-year-old man has a history of serious mental health problems. He did not attend the district court hearing but, through his legal representative, admitted the facts of the charges and apologised to his victims. Marin's daughter was at home when the man appeared at the door, ringing the doorbell and kissing the peephole. ""My only hope is that this kind of behaviour does not happen again, neither to me nor to anyone else,"" she said in court. The intelligence agency said it's seeking creative people with good interpersonal and teamwork skills, as well as an ability to withstand stressful situations. For a salaried employee, it takes an average of 46 days to earn what a chief executive makes in a single day. Finland's pandemic-era restrictions were effective and adhered to, according to health agency THL.",https://yle.fi/a/74-20212809,1.5,1
2026-02-22 10:25:17,Sport,Finland reaches Olympic medal target with hockey bronze,"Finland placed third in the men's ice hockey tournament, clinching its sixth medal at the Milan-Cortina Winter Olympics. The Finnish men's ice hockey team defeated Slovakia by a score of 6–1 in the bronze medal match at the Milan-Cortina Olympics, bringing Finland's medal tally to six. That number was the Finnish Olympic Committee's medal goal – a modest target set following the 2024 Paris summer games, when Finland for the first time ever failed to win a single medal. Finland’s northern neighbour, Norway, has won the most medals at the Italian games, scooping up 40 as of Sunday morning, 18 of them gold. Another neighbour, Sweden, has racked up 16 medals. The hockey medal is Finland's eighth in Olympic men's ice hockey, but its first medal in any men's international tournament since 2022. The Lions won gold in Beijing 2022, silver in Calgary 1988 and Turin 2006, collecting bronze medals in 1994, 1998, 2010 and 2014. This was the sixth time that NHL professionals took part in the Olympics, with Finland winning the most hockey medals at these Games, five. The Lions only went home empty-handed from the 2002 Salt Lake City Olympics. The Finnish men’s hockey team has never lost an Olympic bronze medal match. It narrowly missed a spot in this year's final, having led 2–0 in the semi-final against Canada, but falling to a 2–3 defeat in the last minute on Friday. On the final day of the Olympics, Canada and the United States play the all-North-American final, broadcast on Yle TV2 and Areena starting at 3pm Sunday. Before that, three Finns took part in the women’s 50km classic cross-country ski race. They included Kerttu Niskanen, who ended up in seventh place after winning a bronze medal at the Beijing Olympics four years ago. The closing ceremony starts at 9.30pm. 22 Feb, 1.26pm: Updated with Niskanen's ranking. The intelligence agency said it's seeking creative people with good interpersonal and teamwork skills, as well as an ability to withstand stressful situations. For a salaried employee, it takes an average of 46 days to earn what a chief executive makes in a single day. Finland's pandemic-era restrictions were effective and adhered to, according to health agency THL.",https://yle.fi/a/74-20211663,4.0,1
2026-02-19 09:39:02,Sport,Finland wins dramatic Olympic ice hockey QF with overtime winner,"The Lions will now face off against Canada in Friday's semi-final. The Finnish men's ice hockey team advanced to the semi-final stage of the Winter Olympics with a dramatic comeback and overtime win against Switzerland on Wednesday evening. The Finnish team, nicknamed the Lions, looked on course for a quarter-final elimination as they trailed 2-0 to the Swiss with just six minutes remaining on the clock in the third period. However, Sebastian Aho grabbed a goal back to give the Finnish fans some hope before Miro Heiskanen equalised with just 1 minute and 12 seconds left of play. Finland's two late goals brought the tie in overtime, and the 3 v 3 format seemed to suit the Lions better as they exerted increasing pressure on the demoralised Swiss defence. The pressure paid off when Artturi Lehkonen scored Finland's third and decisive goal just three minutes into overtime. The 3-2 win from 2-0 down marked another dramatic turnaround for the Finnish team in this tournament, which began with an ignominious 4-1 defeat to Slovakia in their first game. The Lions are now guaranteed at least a bronze medal, and they will now play against Canada in Friday's semi-final. The game begins at 5:40pm Finnish time and will be available to watch on Yle TV1 as well as on Yle Areena. The intelligence agency said it's seeking creative people with good interpersonal and teamwork skills, as well as an ability to withstand stressful situations. For a salaried employee, it takes an average of 46 days to earn what a chief executive makes in a single day. Finland's pandemic-era restrictions were effective and adhered to, according to health agency THL.",https://yle.fi/a/74-20211186,3.5,1
2026-02-12 14:24:07,Sport,"Finland's ski jumping coach sent home from Winter Olympics following ""drunkenness scandal""","In a voice note message to Yle Sport, Igor Medved explained that he drank alcohol on an empty stomach at an event hosted by a team representing his home country, Slovenia. The head coach of Finland’s national ski jumping team, Igor Medved, has been sent home from the Milan-Cortina Winter Olympics. Medved, a Slovenian national and former ski jumper, took charge of the Finnish team in June 2024. In a statement, the Finnish Olympic Committee said the decision to send Medved home arose from his behaviour, which the committee considered ""contrary to the rules and values of the Finnish team"". ""It concerns matters related to alcohol use,"" Janne Hänninen of the Finnish Olympic Committee wrote in a press release. Hänninen declined to comment further in an interview with Yle Sport. ""I won’t elaborate further, except to say that it did not happen in the ski jump tower or during coaching duties, but rather during his free time at these Games,"" Hänninen said. A spokesperson for the Finnish Ski Association, which is Medved’s actual employer, said his future as head coach of the national team will be addressed at a later date. ""We have now decided that Medved will not participate in the Olympics,"" Marleena Valtasola of the Finnish Ski Association told Yle Sports. ""Other matters will be handled with him after the Games. For now, it’s most important to allow the athletes to focus."" In a voice note to Yle Sport, Medved confirmed that he has now left the Winter Olympic village in Predazzo. ""I am not proud of myself. I apologise to the athletes, coaches, support staff, the Olympic Committee, the Ski Association, and the fans,"" Medved said. He explained that he attended an event on Wednesday to celebrate the gold medal won by the Slovenian ski jumping mixed team, which includes a number of his friends. Medved's active career as a ski jumper ended in 2003. ""After the competition, I was invited to Slovenia’s gold medal celebration. I hadn’t eaten anything, and after that, the alcohol did its job,"" he said, adding that he will not comment further on the matter in public. Although the exact details of what happened at the event have not been independently verified, Swedish newspaper Aftonbladet has described it as a ""drunkenness scandal"". The intelligence agency said it's seeking creative people with good interpersonal and teamwork skills, as well as an ability to withstand stressful situations. For a salaried employee, it takes an average of 46 days to earn what a chief executive makes in a single day. Finland's pandemic-era restrictions were effective and adhered to, according to health agency THL.",https://yle.fi/a/74-20209935,1.8333333333333333,1
2026-02-11 09:12:09,Sport,"Wednesday's papers: Finland's ordinary PM for extraordinary times, signs of economic recovery, and a sporting reality check","Can Finland reach its official target of six medals at the Winter Olympics? It is views, rather than news, that dominate Finland's newspapers on Wednesday morning. First up, a Helsingin Sanomat editorial notes that Finnish Prime Minister Petteri Orpo (NCP) is on course to become one of the longest-serving leaders in his party's history, having started his stint in 2016. ""That is quite an achievement in these turbulent and demanding times,"" HS observes. Even more so, when we consider — as HS does — that Orpo was seen by many in the party as a ""stopgap"" leader while the liberal and conservative wings of the NCP battled to have their preferred candidate take up the position. That's foreign minister Elina Valtonen for the liberals, and defence minister Antti Häkkänen for the conservatives. But despite some shaky times, particularly in the winter of 2020-21, Orpo has delivered election success after election success — municipal in 2022, parliamentary in 2023, presidential and European votes in 2024. The NCP topped them all. ""Now Orpo can proudly be ordinary, because he is an ordinary winner,"" HS writes. High praise indeed. But perhaps Orpo's greatest success as leader, the paper adds, is his ability to keep the party’s different factions ""somewhat dissatisfied"" and thereby avoid a battle royale between the liberals and the conservatives. ""In today’s polarised climate, that competition could easily get out of hand,"" the article notes. Assuming Orpo's continuation as NCP leader is rubber-stamped at the party's congress this summer, his next feat will be ""an even greater miracle"": winning the parliamentary elections, which are due to be held in spring 2027. Next to the pages of tabloid Iltalehti, where an op-ed article senses something is blowing in the Finnish winter air. No, not that snowstorm we were promised, but something far more welcome: economic recovery. Those signs may be about as difficult to spot as snowflakes in the wind, but Iltalehti lists them anyway. Aki Kangasharju, CEO of the Research Institute of the Finnish Economy (Etla), kicked off the feel-better factor last week when he noted that the number of people in employment in Finland has grown quarter after quarter — notwithstanding that Finland's unemployment rate is the worst in the EU. Economic magazine Talouselämä then picked up the baton, reporting that Finland's GDP grew by 0.6 percent in Q4 last year while business confidence is rising and the housing market has returned to growth. Iltalehti doesn't stop there. New industrial orders grew by 37.7 percent in December, the paper writes, while industrial production was up 2.0 percent and even construction, ""which has been trudging through a valley of sorrow for nearly four years"", is finally showing signs of life. But, Iltalehti notes, the recovery of the Finnish economy has been ""just around the corner"" several times in recent years. ""Let’s hope that this time, the turnaround finally happens,"" the article concludes. And finally to Tampere, where Aamulehti is in a glass-half-empty kind of mood. In an editorial, the paper writes that Finns have been fed false hope of medal success at the Winter Olympics, currently underway in the north of Italy. People in Finland are avid followers of the games, with Aamulehti writing that a peak-time audience of 1.5 million tuned in to watch the opening weekend of action. Those viewers will be especially interested to see if Finland can reach its official target of six medals. ""The first days of the Games have shown that these expectations are based more on wishful thinking and dreams than on reality,"" AL notes, and goes on to add that even countries like Australia and New Zealand are claiming places on the Winter Olympics podiums. ""Medals are harder to come by than ever before, and Finns must come to terms with this."" Yes. But won't that make each Finnish success all the sweeter? Yle News reporter Matt Schilke reveals which country he will be shouting for in this year's Winter Olympics. The intelligence agency said it's seeking creative people with good interpersonal and teamwork skills, as well as an ability to withstand stressful situations. For a salaried employee, it takes an average of 46 days to earn what a chief executive makes in a single day. Finland's pandemic-era restrictions were effective and adhered to, according to health agency THL.",https://yle.fi/a/74-20209537,2.7777777777777777,1
2026-02-27 09:51:40,Weather,"Friday's papers: Cargo ships stuck in ice, first the flu and now this, and it's slippery out there","Warnings are in effect for slippery conditions for drivers and pedestrians in many areas. There are also flood warnings issued in more than half a dozen regions. Thick ice and windy conditions in the Gulf of Finland are causing problems for the many cargo ships that traverse the Baltic Sea region — including in Finnish territory, Hufvudstadsbladet reported on Friday. Several cargo ships have been getting stuck in the sea ice due to the conditions, the Swedish-language daily noted, citing the Finnish Transport Infrastructure Agency. According to standard regional practices during wintertime, getting the large vessels un-stuck also sometimes means Finnish authorities cooperating with Russian icebreakers. The paper said that Russian icebreakers also assist ships requiring assistance in Finnish territorial waters, upon a request from Finland. In such cases, the agency — as well as the Finnish Border Guard — keep their eyes on the situation. Both agencies say they are actively working to promote safe shipping, according to HBL. Finland still hasn't gotten over the flu. On Wednesday, our newspaper roundup found that the influenza season is still at its peak — and it appears the peak will continue for weeks. However, newspaper Ilta-Sanomat reported on Friday that the number of cases of another viral illness — the respiratory syncytial virus, or easier to pronounce 'RSV' — are starting to rise. Niina Ikonen, a senior specialist at national health agency THL, said that cases have been growing since the beginning of the month. In the first week of February, the agency tallied around 80 lab-confirmed cases of RSV in the country, but at the end of last week it had recorded 200 new cases. ""It is clearly visible that an epidemic is starting,"" Ikonen told the paper. Asko Järvinen, chief physician at the Helsinki and Uusimaa Hospital District (HUS), said that RSV cases had doubled in the district over the previous two weeks. ""You could say that an epidemic is already underway,"" he said. Järvinen noted that RSV epidemics tend to strike every other spring and every other autumn, and that the epidemic was expected. A respiratory syncytial virus infection can be particularly hard on the elderly. So far, the people who have received hospital care for the illness have been older adults. Like the flu, RSV is a respiratory system illness, but for people in otherwise good physical health, it is ""just another flu"", according to Järvinen. He advised people with respiratory illnesses to seek medical attention if their symptoms significantly worsen or if they experience shortness of breath. The paper explained the differences between the flu and RSV. It said influenza is characterised by a rapid onset of illness and a high fever. RSV, on the other hand, often develops more slowly. It causes more mucus and breathing difficulties than influenza — especially in young children. Järvinen recommended that people in certain risk groups should seek medical attention more quickly than others, if RSV is suspected. Such risk groups include children under the age of one, people with underlying illnesses and the elderly. In the worst cases, infants with RSV end up in intensive care wards, as mucus can cause problems in getting enough oxygen, according to Järvinen. RSV is a common cause of hospitalization in infants, but there is an antibody that can be given to children, as well as a vaccine that can be given to expectant mothers. The messy winter weather on Thursday caused problems on roads across the country, according to Ilta-Sanomat. Driving conditions were poor in all areas of Finland on Thursday. The paper noted that warnings for potentially dangerous driving conditions were in effect in many parts of the country on Friday, as well. There are also warnings out for pedestrians, as many pavement surfaces are slick with ice, resulting from the recent combination of snow, sleet and rain. Ilta-Sanomat's weather blog on Friday noted several vehicle accidents in many parts of the country. One accident involved a long-distance bus that skidded into a ditch in the municipality of Joutsa, as it was heading towards Helsinki, according to the paper. It occurred at around 10pm on Thursday. However, the paper did not report any injuries in the incident. Ilta-Sanomat also noted that due to melting snow and ice, the Finnish Meteorological Institute (FMI) has issued flood warnings. There are risks that the melting snow could cause blockages in stormwater drains. The flood warnings apply to the regions of: Southwest Finland, Satakunta, Uusimaa, Kanta-Häme, Päijät-Häme, PIrkanmaa, and Central Finland. The intelligence agency said it's seeking creative people with good interpersonal and teamwork skills, as well as an ability to withstand stressful situations. For a salaried employee, it takes an average of 46 days to earn what a chief executive makes in a single day. Finland's pandemic-era restrictions were effective and adhered to, according to health agency THL.",https://yle.fi/a/74-20212677,2.0,1
2026-02-25 13:38:31,Weather,"February ends in a mess of snow, sleet and rain","There are warnings of dangerous road conditions across southern Finland on Thursday. A snow system is headed for Finland this week, and it is expected to make driving conditions difficult. According to Yle meteorologist Henriikka Heikinoja, Wednesday will see clear conditions, with variable cloudiness in many regions and light snow in northern areas. But in the evening, a precipitation system is expected to arrive from the west, bringing snowfall to many southern areas. By Thursday afternoon, the form of precipitation — snow, sleet and rain — will vary throughout the country. But it will start off as snow, according to Heikinoja. Temperatures will rise above the freezing point in the south-west by Thursday afternoon, and the area will see wintry precipitation in all of its forms. The rest of the country is expected to remain below freezing on Thursday. That is also likely to be the case in the capital region. However, temperatures are expected to rise there the following day, and the wintry mix will start getting wetter. That could mark the end of a cold streak that has continued nearly unbroken since the beginning of the year. The weather forecast has prompted the Finnish Meteorological Institute (FMI) to issue warnings for dangerous road conditions on Thursday across southern areas, extending from Southwestern Finland to South Karelia and South Savo. The FMI has also issued warnings to pedestrians for slippery pavement conditions. The weather agency has also issued warnings for potentially dangerous driving conditions on Friday and Saturday across the country. The intelligence agency said it's seeking creative people with good interpersonal and teamwork skills, as well as an ability to withstand stressful situations. For a salaried employee, it takes an average of 46 days to earn what a chief executive makes in a single day. Finland's pandemic-era restrictions were effective and adhered to, according to health agency THL.",https://yle.fi/a/74-20212295,2.75,1
2026-02-21 11:32:10,Weather,Hazardous driving throughout Finland during busy travel weekend,"Many families are on the roads as school holidays end in parts of the south and begin in central Finland. On Sunday, the traffic warning was raised to the orange level in eastern Finland. The Finnish Meteorological Institute (FMI) warns of poor driving conditions through most of southern, central and eastern Finland on Sunday. Travel advisories are in effect until 6pm. On Sunday, the FMI raised the traffic warning to the orange level (""very bad road conditions"") in eastern Finland, from Kymenlaakso in the southeast up to North Savo and North Karelia. It predicted moderately poor driving from Uusimaa (which includes Helsinki and its surroundings) up to Kainuu. On Saturday, a travel advisory was in effect throughout the country, from the Åland Islands to northernmost Lapland. The alerts come on a busy travel weekend, with many families driving to or from ski resorts or cabins. On Monday, school holidays end in most of southern Finland and begin in central and western areas. The staggered winter break schedule continues with schools in eastern and northern Finland closed during the first week of March. ""Bad road conditions are expected because of snow, blowing snow and rising temperatures,"" the FMI says, pointing to a greater risk of accidents through the weekend. According to Yle meteorologist Anne Borgström, snowfall was increasing from the west on Saturday, mixed with freezing drizzle in some areas. In the evening and overnight, snowfall was set become heavy in southern parts of the country. On Sunday, the band of snow moves eastward, with 5-10 cm expected in eastern areas. The weather will clear up in the rest of the country, with temperatures remaining below freezing – as they have been in most of the country since the beginning of the year. On Saturday afternoon, though, the temperature could rise to +2 degrees Celsius in the southwestern Finland and Åland, according to Foreca meteorologist Anna Latvala. Generally, temperatures in the south and west will be between zero and –4, and elsewhere between -2 and -10, remaining colder than -20 in clear areas of Northern Lapland. Latvala predicts that nearly all parts of the country will get new snow on Saturday, with accumulations of 2–10 centimetres. Some southern and eastern areas could receive a further 2–10 centimetres on Sunday morning before the precipitation moves off to the east. After weeks of very light winds, southern and central parts of the country will experience moderate winds from the southwest. That wind may stir up snow, hampering visibility. Overnight lows range between -2 in the south and east to -30 in parts of central and northern Lapland. Sunday night will be blustery and cold, dropping to between -10 and -20 degrees in southern and central parts of the country and to around -30 locally in Lapland. The forecast for next week is still variable, but it looks like another high pressure system will strengthen over Finland, according to Latvala. That would mean only light local snow and partly sunny skies, with temperatures remaining below the freezing point as February draws to a close. Pupils in the Helsinki Metropolitan Area, as well as those in Pori and Turku, are generally due back at their desks on 23 February. During week 9 (23–27 February), schools in Hämeenlinna, Kotka, Mikkeli, Tampere and other south-central municipalities are on vacation. Youngsters in northern and eastern cities and municipalities such as Oulu, Rovaniemi and Kuopio are on holiday during week 10 (2–6 March). The next school holidays are around Easter, which falls on 3–6 April this year. Feb 22, 9.23am: Updated with orange warning, other details. The intelligence agency said it's seeking creative people with good interpersonal and teamwork skills, as well as an ability to withstand stressful situations. For a salaried employee, it takes an average of 46 days to earn what a chief executive makes in a single day. Finland's pandemic-era restrictions were effective and adhered to, according to health agency THL.",https://yle.fi/a/74-20211598,2.625,1
2026-02-20 09:47:58,Weather,"Friday's papers: Pulling the 'debt brake', star restaurateur slams delivery  commissions, and slick roads this weekend","Helsingin Sanomat reports that a working group has found that Finland needs to save between 8 and 11 billion euros by 2031. Finland's parliamentary parties have reached a preliminary agreement on balancing the state economy during the next parliamentary term. Citing its own sources, Helsingin Sanomat reports that a draft report on the topic by the so-called debt brake working group finds that Finland needs to save between 8 and 11 billion euros by 2031. At the end of November, the European Commission proposed to begin taking disciplinary steps against Finland over its excessive state deficit. The debt brake, or balanced budget amendment, is a rule aiming to keep government spending in line with revenue while limiting borrowing money and keeping state debt from spiralling out of control. However, Helsingin Sanomat noted there is a good deal of uncertainty in the calculations, and that the actual sum would likely be updated several times. In effect, according to the paper, parliamentary parties are in the process of agreeing to a fiscal target of a maximum 2.0-2.5 percent of GDP by the end of the next parliamentary term. HS noted that Yle first reported the target on Thursday. According to HS, the biggest uncertainty at the moment is whether the opposition Left Alliance will get on board. It said that next term's fiscal target is due to be finalised at the end of this year, adding that the target may go down if the current government manages to make additional savings this year. In any case, HS explained, the parties' agreement means that the next government will also have to resort to significant cuts and tax hikes. Star restaurateur Henri Alén has sharply criticised app-based food delivery firms and how they are impacting the restaurant sector, Swedish-language daily Hufvudstadsbladet reports. He made the comments on LinkedIn, after learning that the small pizza chain Guido's had declared bankruptcy and closing its restaurants in the capital area's Kauniainen and Tapiola districts. Alén took particular aim at the delivery giant Wolt, a firm that recently saw its main competitor, Foodora, announce that it is leaving Finland. Alén echoed the sentiments of Guido's co-owner, Jon Niklas Knut Engblom, who earlier this week characterised Wolt's commissions as ""incredibly expensive"" for restaurants. ""Our industry is not exactly full of academic geniuses who have studied mathematics. When you mix in a hot tech company, disaster is a fact. If you take a taste of Wolt, you don't dare let go, and you become addicted,"" Alén's LinkedIn post read. He acknowledged that delivery apps are convenient and doesn't blame customers for using them. However, from the perspective of restaurant operators, he thinks the commissions are too high. The paper noted that Guido's was paying the firm 30 percent on each delivered order. ""No restaurateur should sign a contract like that,"" Alén said in his post. But he does not think that the market will sort things out. Instead, he pointed to New York City, where city councillors decided to cap platforms' delivery commissions at 23 percent a few years ago. However, NYC's fee cap appears to have since significantly increased after courier firms pushed back. After the Covid era, consumer behaviour in Finland changed radically, Alén noted, and now home deliveries are the new normal — something that needs to be accepted. ""But it must be done fairly, so that all parties understand what they're getting into. If more detailed regulation is required, then so be it,"" Alén said. Once Foodora stops its operations in Finland next week, and Wolt becomes the main provider of delivery services, the Finnish Hospitality Association (MaRa) interest group will keep a close eye on the food delivery sector, according to HBL. MaRa's managing director, Timo Lappi, told the paper that there are signs that Wolt may be looking to raise its commissions. ""If it turns out that commissions increase as Wolt gains monopoly status, we will be in contact with the Competition and Consumer Authority (KKV),"" Lappi told HBL. However, it appears the situation is not set in stone just yet. Soon after Foodora announced it was pulling out of Finland, the Financial Times reported that US food delivery firm Uber Eats is planning to enter the Finnish market this year. This week's dry conditions are set to change significantly this weekend, according to Iltalehti. A large low-pressure system from the west is heading to northern areas of Finland on Friday, bringing snowfall. The newspaper said that snow and freezing temperatures would affect winter holiday traffic throughout the country, as people make their way back home after the weeklong school winter break. It said that the situation will also potentially cause slippery conditions for pedestrians. Lapland won't get a large amount of snow, but drifting snow could worsen driving conditions, particularly on Saturday night, IL said, citing the Finnish Meteorological Institute (FMI). Over the weekend, central areas will see temperatures between -5 and -15 degrees Celsius, while up north it will be -10 to -20 degrees. Southern areas are expected to see temperatures hovering around the freezing point. Snow is expected across many parts of the country on Saturday. Some southern areas could get up to 10 centimeters of snow by Sunday, according to the FMI. The intelligence agency said it's seeking creative people with good interpersonal and teamwork skills, as well as an ability to withstand stressful situations. For a salaried employee, it takes an average of 46 days to earn what a chief executive makes in a single day. Finland's pandemic-era restrictions were effective and adhered to, according to health agency THL.",https://yle.fi/a/74-20211432,2.4166666666666665,1
2026-02-16 09:34:19,Weather,"Monday's papers: Pensions blow, losing investments, and winter wonder","The government is removing an incentive that has encouraged people to save for their retirement. Private pension policies were particularly popular in Finland in the 1990s as a supplement to statutory pensions. At their peak, some 700,000 Finns held such policies, according to Finance Finland. A series of legislative changes since the early 2000s has gradually eroded the appeal of voluntary pension insurance, reports Hufvudstadsbladet. Today, that number has fallen to around 400,000. The reason is a series of legal changes over the past two decades that have gradually made the financial product less attractive. From the start of 2027, it will become even less appealing. Until now, policyholders have been able to deduct annual contributions of up to 5,000 euros. The financial services lobby warns that the planned removal of tax incentives next year may prove to be the final blow. Just a few years ago, Finnish newspapers were full of upbeat stories about enthusiastic property investors, says Helsingin Sanomat. Today, things are different. HS asked readers to share their experiences of buying an investment property. One respondent was 36-year-old Pekka Astala, who lives in Vantaa's Tikkurila district. In 2018, he bought a two-room apartment there for 187,000 euros. He now estimates its value has fallen to around 160,000 euros. Eight years later, he says he considers the apartment a poor investment for small-scale investors like him, since it is not easily converted into cash. Had he had a crystal ball, Astala says he would have sold the apartment in 2022, when the housing market was still in better shape. Yle News' All Points North podcast asked if it's time to rent or buy after years of falling housing prices in Finland. The coming week looks good for getting outdoors, reports Maaseudun Tulevaisuus, citing the Finnish Meteorological Institute (FMI). Temperatures across the country will stay below zero, from a few degrees below freezing in the southwest to around -15 degrees Celsius in Lapland. It may feel colder at times because of the wind. There should be some sunshine here and there each day, although it will be fairly cloudy overall. Light snowfall is expected in many places, but nothing too heavy. The intelligence agency said it's seeking creative people with good interpersonal and teamwork skills, as well as an ability to withstand stressful situations. For a salaried employee, it takes an average of 46 days to earn what a chief executive makes in a single day. Finland's pandemic-era restrictions were effective and adhered to, according to health agency THL.",https://yle.fi/a/74-20210481,2.6666666666666665,1
2026-02-15 10:07:11,Weather,Finland set for cold and crisp conditions as skiing holiday starts,"The skiing holiday, also known as the winter break, was introduced during the 1930s as a means of breaking up the long spring semester and to encourage children to participate in winter sports. With the week-long 'skiing holiday' — known as hiihtoloma in Finnish — set to begin for schools in the south from Monday, many people will be hoping for milder conditions and more snow. However, a prolonged period of high pressure has brought sunshine but freezing temperatures to Finland over the past few days, and that looks set to continue. According to Yle Meteorologist Anniina Valtonen, there is no major change in sight with temperatures not expected to rise above zero anywhere in the country over the coming days. However, Valtonen noted, cloud cover is expected to increase as the high pressure front moves southeast. ""Enjoy the sunshine now,"" is her advice. Although February is still considered a wintry month in Finland, the longer-term outlook for the next few weeks suggests warmer temperatures are on the horizon. The skiing holiday in Finland, also known as the winter break, is a week-long school holiday staggered over three weeks, depending on the region, between February and March. This year, for example, schools in the south will be on their break during week 8 (16-20 February) while schoolchildren in central areas will take theirs during week 9 and it will be week 10 for kids in the north. The holiday was first introduced during the 1930s as a means of breaking up the long spring semester and to encourage children to participate in winter sports, primarily skiing. The holiday typically sees Finnish families heading to other parts of the country, usually Finnish Lapland, or to destinations abroad. According to Fintraffic, Finland's traffic management agency, roads were quite busy on Friday and on Saturday as people travelled north from the Helsinki metropolitan area, Southwest Finland, and the Satakunta region. The intelligence agency said it's seeking creative people with good interpersonal and teamwork skills, as well as an ability to withstand stressful situations. For a salaried employee, it takes an average of 46 days to earn what a chief executive makes in a single day. Finland's pandemic-era restrictions were effective and adhered to, according to health agency THL.",https://yle.fi/a/74-20210352,3.6,1
2026-02-13 09:33:14,Weather,"Friday's papers: Finnish money 'going up in smoke', an expecting minister, and widespread cold warnings","Finland awoke to extremely cold weather on Friday morning, with temperatures below -20 degrees Celsius even in southern areas. ""Money that was generated in Finland has gone up in smoke. We should be more careful about keeping capital in the country,"" Henrik Immonen told the Swedish-language newspaper Hufvudstadsbladet. Immonen, 80, is a veteran business leader and social debater who has served on the boards of about 30 companies — and still has a few irons in the fire. ""Family companies are interesting. My role has often been as a sort of family company advisor,"" he told the paper. But Immonen is troubled by how easily small Finnish firms get sold off to foreign buyers. He said he's seen owners sell their businesses and then invest those funds abroad — with ""disastrous"" results, according to HBL. He compared the situation to Germany, where family companies are only sold off when no-one is able or willing to keep running it. In contrast, the owners of Finnish family firms are much more tempted to cash out — rather than taking their businesses to the next level. According to him, Finland needs a new type of capital investment company that focuses on small and medium-sized niche businesses. ""These are the ones Finland should concentrate on. They don't have to be the biggest, but they can become the best in the world in their niche,"" he explained. He said that while business-assisting organisations like government agency Business Finland and state-owned investment company Tesi exist, there are missed opportunities for many well-managed SMEs in the country. In his opinion, SMEs would need investment companies as responsible partners that help them with market research and to facilitate contacts. ""They could help small and medium-sized niche companies to reach outside Finland to get the critical volume. This would quickly create jobs,"" he said. Minister of Social Security Sanni Grahn-Laasonen (NCP) is expecting her third child, according to Helsingin Sanomat. HS cited the local newspaper Forssan Lehti, which is published in the minister's hometown. Grahn-Laasonen, 42, and her husband Arttu Laasonen, already have a daughter who was born in 2013 and a son born in 2020. The new baby is due to arrive this summer. ""This is something I've wanted for a long time. I'm really happy that it still seems possible to make that dream come true,"" she told Forssan Lehti. After the birth, the minister plans to be on parental leave in the autumn, according to the paper, but also intends to take part in parliamentary votes and local politics, among other things. Grahn-Laasonen also plans to return to her role as social security minister in January of next year. The National Coalition Party is expected to select a temporary replacement during her absence. The minister also announced that she also plans to run in next spring's parliamentary elections. Finland awoke to cold weather on Friday morning, with temperatures below -20 degrees Celsius even in southern areas. Newspaper Iltalehti noted that the Finnish Meteorological Institute (FMI) has issued warnings for potentially dangerous cold temperatures across the entire country on Friday. Generally, temperatures will range between -10 and -20 degrees from Friday until Sunday, according to the paper, dropping to -30 or colder in Lapland. The cold warnings will continue in most of Finland on Saturday and in south-eastern areas on Sunday. The paper said that very low temperatures can be harmful, particularly for people suffering from chronic illnesses. Extremely cold conditions can strain the heart, respiratory system as well as circulation. The FMI has also issued flood warnings in Northern Ostrobothnia's municipalities of Pudasjärvi and Taivalkoski, where slush has caused local water levels to rise. The intelligence agency said it's seeking creative people with good interpersonal and teamwork skills, as well as an ability to withstand stressful situations. For a salaried employee, it takes an average of 46 days to earn what a chief executive makes in a single day. Finland's pandemic-era restrictions were effective and adhered to, according to health agency THL.",https://yle.fi/a/74-20210072,2.7777777777777777,1
2026-02-12 09:06:59,Weather,"Thursday's papers: The youth of today, Finland of the future, and driving with care","Helsingin Sanomat hears from psychologists and consultants about young Finnish adults who don't know how to follow basic rules or norms when they enter the workforce. Young people in Finland have completely unrealistic expectations of working life, according to the headline of this article in Helsingin Sanomat. HS hears from psychologists, consultants and employers, who tell the paper that many young adults do not know how to follow basic rules or norms when they enter the workforce, and also constantly expect special privileges at work. ""This is where we have ended up when the world is presented to a child as a supermarket from which you can choose nice experiences and adventures,"" professor of psychology Liisa Keltikangas-Järvinen notes. Mika Sallinen of consulting firm Universum meanwhile tells HS that he works closely with Finnish companies, and he has heard many tales of youthful apathy — such as refusing to do an important task because the young person in question would prefer to do something else. ""If you have always gotten everything you want, working life can come as quite a harsh surprise,"" Sallinen says. But could all this explain Finland's dire unemployment rate, especially among young people? His firm carried out a survey last year which may go some way towards explaining this mismatch between employers' expectations and young workers' motivations. The study found that nearly 60 percent of Finnish employers are looking for ""results- and career-oriented go-getters"", yet only about 12 percent of young people surveyed fit this bill. About two in five young people, on the other hand, said they want a healthy work-life balance, with their career just one part of a wider whole. Sallinen therefore encourages employers to meet young people halfway, noting that management should be more about listening and less about commanding. ""It’s not a bad thing if a young person is active on social media or uses AI, because it might benefit the employer in a completely new way,"" he says. While Helsingin Sanomat is shaking its head over the youth of today, Iltalehti looks ahead to the Finland of the future. Or at least some of the potential worst-case scenarios. The tabloid reports on a Finnish study which imagines four scenarios Finland might face in 2035 — and none of them make for particularly pleasant reading: a new Cold War, a new form of globalism led by China, Finland being dragged into a Baltic war, or Finland becoming involved in a so-called war of attrition (meaning the gradual wearing down of an opponent). The scenarios are not very likely to happen, IL hastily notes, but dives in anyway. In the first scenario, a new Cold War, Russia does not openly challenge Nato and the EU but Finland's defence spending increases as tensions remain permanently just below the surface. The second set of hypothetical circumstances would see a China-led world order in which trade is the main priority and the US has taken a back seat in global affairs. Finland increases its defence spending — a common theme in these imagined scenarios — and the markets of the global South and Asia would become increasingly important for the survival of the Finnish economy. Thirdly, Finland gets dragged into a war between Europe and Russia, which would conceivably begin with a Russian attack on the Baltic region. Finland's defence spending climbs to 10 percent of GDP, while Finnish companies and the Finnish state would become heavily indebted. And lastly, and most grimly, an open war of attrition would see prolonged warfare on Finnish soil, defence spending jumping to 35 percent of GDP, and the near-collapse of the Finnish economy. Back to the realities of today, and Ilta-Sanomat warns Finnish motorists to be careful on the roads as about 10 centimetres of snow has fallen overnight in some areas, particularly in the south. ""It’s a very light, fluffy snow that accumulates very easily,"" Heikki Sinisalo of the Finnish Meteorological Institute (FMI) tells IS. However, the paper adds, while this ""fluffy"" snow may sound harmless, it often gets compressed into a very slippery layer on road surfaces. The FMI has therefore issued a warning of poor driving conditions that stretches across the south coast of the country, from the Turku archipelago all the way to South Karelia. And after the snow, comes the chills. Overnight temperatures may drop as low as -25 degrees Celsius, according to the FMI's estimates, which won't do much to improve road conditions on Friday either. The intelligence agency said it's seeking creative people with good interpersonal and teamwork skills, as well as an ability to withstand stressful situations. For a salaried employee, it takes an average of 46 days to earn what a chief executive makes in a single day. Finland's pandemic-era restrictions were effective and adhered to, according to health agency THL.",https://yle.fi/a/74-20209803,2.4,1
2026-02-10 09:12:00,Weather,"Tuesday's papers: Finland's melancholic class, healthcare time bomb, and a cancelled snowstorm","Sociologists suggest that so-called 'knowledge workers' in Finland — people whose job is to ""think for a living"" — are more likely to suffer from guilt-addled melancholy. One of Helsingin Sanomat's most-read articles on Tuesday morning features researcher Jaakko Vuori and his focus on a new category of people in Finland: the guilt-riddled melancholic class. Vuori himself is one of them. He holds a doctorate in social sciences yet he is unemployed, and he is constantly gripped by feelings of anxiety, depression and failure. He wakes up in the middle of the night wondering if he has made the wrong choices in life or if he can ever make a living. According to sociologists, many so-called 'knowledge workers' in Finland — people whose job is to ""think for a living"" — suffer the same symptoms of melancholy, a term which is often misunderstood. ""It refers to a type of depression characterised by feelings of guilt and remorse. This is precisely how the term melancholy began to be used in the early 20th century, and it is this type of depression I also examined in my dissertation,"" Vuori tells HS. The guilt aspect, Vuori explains, derives from dramatic changes in society and working life expectations that began in the 1980s, and which have created an environment nowadays that constantly demands self-improvement. ""And if a person feels they are failing to construct their personal success story and to compete for resources, they blame themselves and become depressed,"" he says. Last year, the All Points North podcast examined the trials and tribulations that foreigners in Finland can face when seeking out mental health care. Listen to the episode via this embedded player, on Yle Areena, via Apple, Spotify or wherever you get your podcasts. Tabloid Iltalehti meanwhile reports on more financial misery for Finland's network of regional healthcare authorities, also known as wellbeing services counties. According to information obtained by IL, plans by the regional authorities to cut back even further on personnel costs this year represent a ""ticking time bomb"" in terms of redundancies in the healthcare sector. The regions have already reduced their workforce by a combined total of about 3,600 person-years — a HR term that measures the amount of work done by one person in a year — between 2023 and 2025. There are plans in the pipeline to cut back even further this year, by an estimated 1,500 person-years, according to IL. ""The number is likely higher because many regions have set significant savings targets for personnel this year, but the exact means of achieving these savings have not yet been decided,"" the tabloid writes. The bleak financial situation facing Finland's healthcare sector has been widely reported over the past few years, but Iltalehti's regional breakdown reveals that some areas have much deeper problems than others. Central Finland, for example, is described by IL as ""facing the country's worst financial problems"", and while it has already cut 1,200 jobs, another 500 person-years are now on the line. Ilta-Sanomat informed its readers on Monday that Finland would be in the eye of a winter storm so powerful this weekend that ""it's worth considering whether to even go outside"". But while a week is a long time in politics, 24 hours can be an equally long time in meteorology. Because on Tuesday morning the same paper is back with new information: let's not batten down the hatches just yet. ""On Monday, it looked like a low-pressure system was approaching Finland and we would get quite heavy snowfall up to the latitude of Oulu during the weekend,"" Pinja Rauhamäki of the Finnish Meteorological Institute says. ""Now, however, it looks like the low-pressure system’s track will pass much further south, and according to the current forecast the snowfalls would only reach the southern coast — if even there."" Much further south, in this context, means Riga — with the Latvian capital now looking set to receive the mounds of snow previously promised to Finland. But if the storm can change its trajectory once, could it do so again? ""If only we could say for sure... High-pressure systems play a role in how the track of a low-pressure system can change. High-pressure systems tend to steer the paths of low-pressure systems. It’s a very interesting weather event, and there are still many possibilities open,"" Rauhamäki explains. Or watch this space, in other words. The intelligence agency said it's seeking creative people with good interpersonal and teamwork skills, as well as an ability to withstand stressful situations. For a salaried employee, it takes an average of 46 days to earn what a chief executive makes in a single day. Finland's pandemic-era restrictions were effective and adhered to, according to health agency THL.",https://yle.fi/a/74-20209287,2.0,1
2026-02-06 13:41:26,Weather,Cold but dry weather ahead for the weekend,"Temperatures will mostly range between -10 and -15 degrees Celsius nationwide. The approaching weekend will be cold but mostly dry, according to the Finnish Meteorological Institute (FMI). Temperatures on Friday range from –10 to –15 degrees Celsius in southern and central areas, and from –5 to –12 in Lapland. It will turn colder on Saturday, with much of the country seeing –10 to –15, before easing a little on Sunday. Skies will be mixed, with clearer conditions likely in the north and east on Saturday and a chance of sunshine in Lapland on Sunday. This past January was the coldest in northern Finland since 1987, according to the FMI. The intelligence agency said it's seeking creative people with good interpersonal and teamwork skills, as well as an ability to withstand stressful situations. For a salaried employee, it takes an average of 46 days to earn what a chief executive makes in a single day. Finland's pandemic-era restrictions were effective and adhered to, according to health agency THL.",https://yle.fi/a/74-20208757,3.0,1
2026-02-03 09:08:48,Weather,"Tuesday's papers: Finland's deep freeze, Russian rhetoric, and Tampere's men-only club","A bone-chilling start to February in Finland has seen plunging temperatures and soaring electricity prices, but also satisfied tourists. Finland has been in the grip of an intense cold snap over the past few days, with temperatures ranging from -20 to -35 degrees Celsius depending on where you are in the country. While most of Tuesday morning's papers, including Helsingin Sanomat, report on spot prices for electricity hitting a new record high for this winter as demand surges, Ilta-Sanomat takes to the streets of the capital to hear what tourists think of the inclement conditions. Chinese honeymooners Ziyi Yao and Biyu Wang tell IS they have enjoyed sampling Finnish food, but not so much the weather. ""Now it’s too cold,"" Wang said, as temperatures hit -20 in downtown Helsinki. Same goes for Tanya Lopez and Ana Raminez, who travelled from Málaga, Spain, to experience winter in Finland, and they are certainly getting what they came for. ""The views are amazing,"" Lopez said, as she recounted their husky sled ride through Lapland's forests before their arrival in Helsinki. Lastly, Londoners Claire Walls and Matthew Snow enjoyed walking on the sea ice just off Helsinki's market square — despite the cold. ""But this is nice. We don’t have anything like this at home, so for us, this really is a winter wonderland,"" Walls told IS. The forecast for Tuesday suggests more of the same, with temperatures across the country hovering between -15 and -20 degrees Celsius. Tabloid Iltalehti meanwhile reports on comments made by Russian foreign minister Sergei Lavrov, carried by the pro-Kremlin daily Izvestia. According to Lavrov, Finland has lost its status as an honest broker in international diplomatic negotiations because of its decision to join Nato in the wake of Russia's invasion of Ukraine. IL writes that Lavrov repeated his oft-heard criticisms of Finland — that the Nordic nation is ""short-sighted"" and has aligned itself with the West’s ""Russophobic"" policies. Because of this, he says, the Kremlin will never accept Finland as a mediator in any future negotiations over ending the war in Ukraine. Iltalehti further notes that Izvestia has twisted the words of Finland’s former Prime Minister Mari Kiviniemi (Centre), implying she told a Czech news website that Finland should strive to restore relations with Russia. Not so, IL states. Kiviniemi spoke in general terms about the importance of diplomacy. ""In typical Kremlin propaganda fashion, Izvestia has selected parts of the interview that support its own narrative of Finland’s supposed regret,"" the tabloid writes. Tampere-based daily Aamulehti takes a rare peek behind the doors of the city's men's-only club, the Tampere Trade Association (Tampereen Kauppaseura). Obtaining membership is not easy, and not for all. People with ponytails or body piercings are not welcome, but those with a right-wing ideology and ""good reputation"" most certainly are. ""And, of course,"" Aamulehti notes, ""you have to be a man"". Although a spokesperson for the club, which was established in 1886, tells the paper that the rules have been relaxed significantly over the years, many people in Tampere do wonder what exactly goes on behind its closed doors. ""The more suspicious townspeople have thought the club was a place for scheming and plotting, where the 'old boys’ network' pulls the strings and important decisions are made outside official processes,"" AL writes. Amid the self-service bar, small library and billiard table, Aamulehti's reporter spots a women's restroom. In a men only club? ""This space is also rented out to outsiders,"" board member Pekka Pohjoismäki explains. OK. But what about the elephant here in this tastefully-decorated room? This is 2026 Finland after all, a country that has long prided itself as a model of gender equality. How does that sit with an all-male club in the heart of one of the nation's most vibrant cities? Club chair Kari Koskinen notes that members have been polled on the issue, and there appears to be no appetite for admitting women members. ""It’s somehow more relaxed and free. If women were present, everyone’s demeanour would change somewhat, but for some, it would change a lot,"" Koskinen says. ""I also believe the dynamics of member events would change radically if women were present,"" he added. The intelligence agency said it's seeking creative people with good interpersonal and teamwork skills, as well as an ability to withstand stressful situations. For a salaried employee, it takes an average of 46 days to earn what a chief executive makes in a single day. Finland's pandemic-era restrictions were effective and adhered to, according to health agency THL.",https://yle.fi/a/74-20207975,2.6,1
2026-02-02 13:05:51,Weather,Finnish Lapland sees coldest January in nearly 40 years,"Spot prices for electricity set a new record on Monday as Finland plunged into a deep freeze. This past January was the coldest in northern Finland since 1987, according to the Finnish Meteorological Institute (FMI). Statistics from the institute revealed on Monday that January was colder than usual throughout the country. The average temperature for the month ranged from around -2 degrees Celsius in the southwestern archipelago to around -20 in Finnish Lapland. The highest temperature in January was 4.3 degrees, measured on 17 January on Lemland in the autonomous Åland islands. In nearly all of mainland Finland, the mercury remained below zero for virtually the entire month, crossing only slightly above zero for a few days in some areas. The lowest temperature of the month was -42.8, measured in Savukoski, Lapland, on the 9th of the month. That was the third-coldest reading in Finland so far this century. Precipitation was unusually low in many places during January. The monthly total ranged from 2.8mm in the northernmost village of Nuorgam, with a maximum of over 56mm in Åland. In much of the country, precipitation was roughly a quarter of normal, with snow cover thinner than usual in many places. Some observation stations in central and eastern Finland measured the lowest January precipitation ever, including in Jyväskylä and Lieksa. There were also fewer hours of sunshine than usual across the country. The all-time January cold record dates back to 1999, when the mercury sank to 51.5 degrees in Pokka, Kittilä (video report below). The FMI has compiled comprehensive temperature statistics since 1961. Since then, the temperature has only dropped below -50 degrees Celsius once, apart from the 1999 record. In early January 1985, it fell to -50.4 degrees Celsius in Salla, Lapland. Meanwhile spot prices for electricity hit a record high for this winter so far on Monday as temperatures plunged to around -25 degrees even in southernmost parts of the country. Monday’s average exchange price is just over 38 cents per kilowatt-hour, having spiked to just over 61 cents before 8am. Roughly one-third of customers have spot-priced electricity contracts, with rates fluctuating based on supply and demand. The previous record daily price this winter was last Friday, when it averaged just over 31 cents. Exchange-traded electricity has been pricey so far in 2026 due to cold temperatures as well as limits to wind power production because of calm weather and icing of wind turbines. The intelligence agency said it's seeking creative people with good interpersonal and teamwork skills, as well as an ability to withstand stressful situations. For a salaried employee, it takes an average of 46 days to earn what a chief executive makes in a single day. Finland's pandemic-era restrictions were effective and adhered to, according to health agency THL.",https://yle.fi/a/74-20207815,2.3333333333333335,1
2026-02-27 14:18:42,Finland / Domestic,Finland sees fewer counterfeit banknotes as it increasingly goes cashless,"Nearly 500 counterfeit banknotes turned up in Finland last year. A total of 483 counterfeit euro banknotes surfaced in Finland last year, the Bank of Finland said on Friday. The number of fakes has declined compared with previous years, 714 in 2024 and 653 the year before. Most of the counterfeits found last year were 50-euro notes, totaling 251. There were 130 counterfeit 20-euro notes and 47 fake 10-euro bills. Banknote expert Olli Vehmas from the Bank of Finland said that the number of counterfeits has remained low compared with the rest of the euro area. The Bank of Finland has posted instructions for how to check if a banknote is genuine. The intelligence agency said it's seeking creative people with good interpersonal and teamwork skills, as well as an ability to withstand stressful situations. For a salaried employee, it takes an average of 46 days to earn what a chief executive makes in a single day. Finland's pandemic-era restrictions were effective and adhered to, according to health agency THL.",https://yle.fi/a/74-20212767,1.5,1
2026-02-27 13:28:28,Finland / Domestic,"Finland's smartphone ban gave middle-schoolers a new way of life, principals say","""Students look each other in the eye and say hello. This makes me happy,"" a principal in Lahti said. Last year, after Finland implemented a law allowing schools to ban students' use of smartphones, life became significantly easier at the country's middle schools. All seven school principals who spoke with Yle about the matter said the effect of the mobile device ban has been positive. They said students are more sociable, bullying has significantly decreased and the change can even be seen in school hallways. ""Students look each other in the eye and say hello. This makes me happy – we've regained eye contact and greetings,"" said Hanna Alava, principal at the Salpausselän middle school in Lahti. Henry Leppäaho, principal of Seinäjoki's Nurmo Middle School, agreed. ""Students' discussions and interaction have clearly increased,"" he said, adding that nowadays students are looking around everywhere besides their phones. The smartphone ban also boosted interest in in-real-life activities, according to the principal at Joensuu's Lyseon Lukio upper secondary school, Anna Renko. ""We bought board games and ping pong equipment. They're in heavy use,"" Renko said. The students at Rovaniemi's Napapiiri school have rediscovered old ways of spending their time, according to principal Tiina Mölläri. ""Playing cards and board games started appearing in hallways and tables. Some students crochet, knit or draw. I've been pleased to see the children and young people chatting more,"" she said. The educators also noticed another positive development — less bullying. ""In the past, almost all bullying incidents were somehow related to social media posts and [students secretly taking photos]. There's much less to investigate these days,"" said Mari Liikanen, principal at Emäkosken middle school in Nokia. Principal Alava in Lahti echoed those sentiments, saying that the surreptitious photography had substantially decreased. Without staring at their small screens, students seem to be noticing their lonelier peers, the principals said. ""There are hardly any students who spend breaks alone anymore. Almost everyone has found some kind of group,"" principal Liikanen said. But there are two sides to that situation in Seinäjoki, according to principal Leppäaho. Now that they aren't always engrossed with scrolling on their phones, students feel a positive pressure to make friends and maintain friendships. On the other hand, Leppäaho said, the smartphone ban can accentuate that a student doesn't have friends to hang out with. ""But it's good that a student can be included in the student support system more quickly, because these days it is harder to hide behind a cell phone,"" Leppäaho said. Edited at 14:26 on 27 February 2026, to change the main photo from kids using smartphones to one showing youths playing a board game. The intelligence agency said it's seeking creative people with good interpersonal and teamwork skills, as well as an ability to withstand stressful situations. For a salaried employee, it takes an average of 46 days to earn what a chief executive makes in a single day. Finland's pandemic-era restrictions were effective and adhered to, according to health agency THL.",https://yle.fi/a/74-20212749,3.4285714285714284,1
2026-02-27 12:33:31,Finland / Domestic,Veteran MP leaving parliament for Sudan,"Green parliamentarian Pekka Haavisto says he will soon submit his resignation. Veteran Green MP Pekka Haavisto is to relinquish his seat in the coming weeks as he takes on a job with the United Nations. The move follows his appointment as the UN secretary-general's personal envoy for Sudan, a post conferred by António Guterres. Haavisto said that his departure from domestic politics would take place within weeks rather than months, signalling a swift transition to his new diplomatic role. ""I'm ready to begin as soon as the United Nations is,"" Haavisto said, adding that he's already had initial contacts from the region. Haavisto has prior experience in the region, having served in Sudan-related posts since the early 2000s. Special envoys do not formally apply for these roles. Instead, the UN identifies and appoints candidates. Such postings are typically granted for periods of one year at a time. Pekka Haavisto is a long-serving member of parliament, first elected as a representative of the Greens from 1987 to 1995 and returning to the legislature in 2007. Over the course of his career, he has twice led the Greens, from 1993 to 1995 and again from 2018 to 2019, and served as foreign minister. He has also stood for the presidency on several occasions. In the most recent 2024 election, he advanced to the vote's second round against Alexander Stubb, who ultimately secured victory with 51.6 percent of the vote. Former Green MP Mari Holopainen from Helsinki is set to take Haavisto's seat for the Greens. The intelligence agency said it's seeking creative people with good interpersonal and teamwork skills, as well as an ability to withstand stressful situations. For a salaried employee, it takes an average of 46 days to earn what a chief executive makes in a single day. Finland's pandemic-era restrictions were effective and adhered to, according to health agency THL.",https://yle.fi/a/74-20212733,3.5,1
2026-02-27 11:42:36,Finland / Domestic,Finland deports record number of criminals,"A total of 169 people were ordered to leave the country, reports Helsingin Sanomat. The Finnish Immigration Service Migri issued a record number of deportation orders against foreign residents convicted of crimes last year, according to Helsingin Sanomat. A total of 169 individuals were ordered to leave the country in 2025, an increase of more than 30 percent compared with the previous year. The vast majority of those affected were men. The largest groups of deportees were Iraqi, Estonian and Russian nationals. Olli Koskipirtti, who oversees deportation processes at Migri, attributed the rise to stricter post-decision monitoring of residence permits and to a legislative amendment introduced last year, which lowered the threshold for deporting individuals granted international protection. The intelligence agency said it's seeking creative people with good interpersonal and teamwork skills, as well as an ability to withstand stressful situations. For a salaried employee, it takes an average of 46 days to earn what a chief executive makes in a single day. Finland's pandemic-era restrictions were effective and adhered to, according to health agency THL.",https://yle.fi/a/74-20212725,2.3333333333333335,1
2026-02-27 10:45:40,Finland / Domestic,Apartment prices fell by nearly 3% in January,"A senior economist characterised the agency's figures as even bleaker than expected. Sales prices of old-stock apartments fell by 2.8 percent in January, year-on-year, according to Statistics Finland Flat prices fell across all of the country's major cities, with the biggest declines seen in Helsinki (-4.4%) and Turku (4.1%). Outside larger urban areas, prices fell by 2.3 percent in January, compared to the same month the previous year. Additionally, there were five percent fewer old-stock apartment and row house transactions via estate agents in January, year-on-year, according to the statistics agency. Veera Holappa, senior economist at the Pellervo Economic Research (PTT) institute, characterised the agency's figures as even bleaker than expected. ""These figures do not look good, and it's worth noting that the end of last year was also extremely cold. The drop in prices has not yet triggered the housing market,"" she said in a PTT press release. The institute noted that its housing market forecast published earlier this month suggested that prices of old-stock apartments will fall by one percent nationwide this year. The intelligence agency said it's seeking creative people with good interpersonal and teamwork skills, as well as an ability to withstand stressful situations. For a salaried employee, it takes an average of 46 days to earn what a chief executive makes in a single day. Finland's pandemic-era restrictions were effective and adhered to, according to health agency THL.",https://yle.fi/a/74-20212697,2.3333333333333335,1
2026-02-26 16:52:32,Finland / Domestic,Do you qualify for Finland's new 25% flat tax?,"Finland is willing to reduce income taxes for those it most wants to attract. Long associated with steeply progressive taxation, Finland has quietly revised a tax break aimed at luring highly skilled foreigners. The so-called ""foreign expert"" regime, effective since the start of the year, offers a flat 25 percent income tax applicable for seven years. The offer, however, comes with strings attached. To qualify, applicants must earn at least 5,800 euros a month. The break is also designed for newcomers. Those who have lived in Finland during the last five years need not apply. At this income level, an employee in Finland would typically pay around 25 percent in income tax, according to Vero's tax calculator. In that sense, the preferential treatment applies to earnings above that threshold. For instance, someone earning 10,000 euros a month pays 31.5 percent in income tax. Who qualifies as a foreign expert? In practice, the salary threshold doubles as a proxy for ""expertise."" Mervi Hakkarainen, a senior tax adviser at the Finnish Tax Administration, told Yle News that meeting the salary requirement is, in most cases, sufficient proof of specialised skills, provided the employee spends the majority of their working time in Finland. Paperwork also matters. Applicants must secure a ""foreign key person"" tax card within 90 days of starting their jobs in Finland. The move is part of Finland's efforts to attract talented individuals in an intensifying global contest for the same pool of people. The Confederation of Finnish Industries (EK) argues that employers in small, high-tax economies have to work to remain competitive. ""It's important for Finnish employers to be more competitive,"" said Lauri Lehmusoja, a tax expert at EK. ""Nations compete for the best talent, and that game has intensified."" He noted that in Sweden, for instance, foreign specialists may be taxed on only 75 percent of their income, effectively lowering their overall burden. While non-Finnish nationals can apply if they haven't lived in Finland for the past five years, the rules are more stringent for Finns. They need to have spent at least a decade abroad to qualify. ""Holding a Finnish passport no longer disqualifies you,"" Lehmusoja said, noting this marks the first time Finns are eligible for such a programme. The incentive is also a move by the government to attract people to the technology sector. Anssi Uimonen of Nordic Science Investments, a Helsinki-based venture capital firm, said that while the lower flat rate was a welcome change, there was still room for improvement. ""Equal treatment for returning Finns would be fair. We need them too,"" Uimonen said of the ten-year requirement for Finnish citizens. The tax break is also not entirely new. Its predecessor levied a 32 percent flat tax, so the reform trims that rate by seven percentage points. Over the past few years, around 600 foreign workers have annually made use of the system, according to Lehmusoja. There is also more to the 25 percent rate than meets the eye. Employees must still pay pension and unemployment insurance contributions, adding roughly eight percentage points, according to the tax office. That means the true burden exceeds 33 percent, so less of a bargain than the 25 percent label implies. Yle News' All Points North podcast heard from people restarting their careers in Finland. Listen to the episode via this embedded player, on Yle Areena, via Apple, Spotify or wherever you get your podcasts. The intelligence agency said it's seeking creative people with good interpersonal and teamwork skills, as well as an ability to withstand stressful situations. For a salaried employee, it takes an average of 46 days to earn what a chief executive makes in a single day. Finland's pandemic-era restrictions were effective and adhered to, according to health agency THL.",https://yle.fi/a/74-20211326,2.25,1
2026-02-26 16:09:35,Finland / Domestic,Vantaa home to most 'last-resort' benefit recipients,"More and more people are qualifying for basic social assistance. Benefits agency Kela reports that both the number of basic social assistance recipients and related spending rose sharply last year. Basic social assistance is a last-resort form of support for households struggling to cover daily essentials. For a single person, the support comes to around 600 euros per month. Overall, 6.4 percent of Finns received the support, with the highest numbers in Vantaa. Most of the payments went toward housing costs. The number of households receiving basic social assistance rose by around three percent from the previous year. In total, 365,000 individuals drew on this form of welfare, a 2.4 percent increase compared with 2024. Kela disbursed roughly one billion euros in basic social support in 2025. The support was most common among men aged 20 to 24. The lowest share of recipients was in the municipality of Luoto in Ostrobothnia, where just one percent of residents received the benefit. The intelligence agency said it's seeking creative people with good interpersonal and teamwork skills, as well as an ability to withstand stressful situations. For a salaried employee, it takes an average of 46 days to earn what a chief executive makes in a single day. Finland's pandemic-era restrictions were effective and adhered to, according to health agency THL.",https://yle.fi/a/74-20212582,2.6666666666666665,1
2026-02-26 14:38:18,Finland / Domestic,"Foreign power may strike Nordics' electricity grid 'in the near future', Sweden's TV4 reports","The Finnish Security Intelligence Service's (Supo) communications unit told Yle that it is not aware of any particular threat. According to Swedish TV4 News, an individual thought to be linked to a foreign power has made a serious threat directed at the energy network of the Nordic countries. Citing its sources, the commercial broadcaster said the threat is severe in nature and should be taken very seriously. TV4 reported that a number of Swedish authorities have been involved in a joint international effort and are actively working on the case. As a Nordic country, the threat would also include Finland. Santeri Iltanen from the Finnish Security Intelligence Service's (Supo) communications unit told Yle that the agency is not aware of any particular threat. The Swedish broadcaster's story about the threat was posted around midday on Thursday. Other Finnish authorities Yle contacted on Thursday have yet to comment about the matter. Apart from Supo, Yle has contacted Finland's grid operator Fingrid, the National Bureau of Investigation (NBI), as well as the defence and interior ministries. The intelligence agency said it's seeking creative people with good interpersonal and teamwork skills, as well as an ability to withstand stressful situations. For a salaried employee, it takes an average of 46 days to earn what a chief executive makes in a single day. Finland's pandemic-era restrictions were effective and adhered to, according to health agency THL.",https://yle.fi/a/74-20212548,3.0,1
2026-02-26 14:11:49,Finland / Domestic,Helsinki police open probe of suspected crime at Finnish Embassy in Lisbon,"The department confirmed to Yle that it is investigating a case of suspected negligent breach of official secrecy. The Helsinki Police Department has opened a preliminary investigation into a case related to incidents at the Finnish Embassy in Lisbon, Portugal. The department confirmed to Yle that it is investigating a case of suspected negligent breach of official secrecy. Newspaper Ilta-Sanomat has reported that police had received a request to look into the matter. Last summer, the Lisbon embassy head, Titta Maja-Luoto, received a written warning about inappropriate behaviour and harassment, and was subsequently removed from her post at the diplomatic mission. That followed a complaint filed by staff members at the mission. The intelligence agency said it's seeking creative people with good interpersonal and teamwork skills, as well as an ability to withstand stressful situations. For a salaried employee, it takes an average of 46 days to earn what a chief executive makes in a single day. Finland's pandemic-era restrictions were effective and adhered to, according to health agency THL.",https://yle.fi/a/74-20212535,2.3333333333333335,1
2026-02-26 12:24:29,Finland / Domestic,"Frustrated with entrance exams, Finns move abroad to study medicine","Despite free universities at home, Finns are paying for medical degrees abroad. These days, one-in-three newly licensed doctors in Finland has been trained abroad. The trend reflects a bottleneck when it comes to admission to medicine faculties. Competition is so fierce that it nudges aspiring physicians to seek degrees elsewhere in Europe. In 2024, some 35 percent of doctors working in Finland had graduated from foreign universities. Of these, roughly 30 percent earned their degrees in the EU, meaning their medical qualifications are recognised automatically. Despite costs running into the tens of thousands of euros, studying medicine abroad is an appealing option for many. In less than 15 years, the number of Finnish students pursuing medical degrees abroad has roughly quadrupled. During the 2024–25 academic year, Finland's benefits agency Kela issued study allowances to 1,142 students studying medicine abroad. The Finnish Medical Association, however, reckons the true total is around 10 percent higher, with some students having already exhausted their aid eligibility. The most common reason for heading abroad is simple: a chance to begin medical studies without a gap year. ""Many in Finland end up sitting the medical entrance exam for several years in a row, whereas abroad they can begin more quickly. Others leave because they did not secure a place at their preferred university,"" the Finnish Medical Association's Sami Heistaro said. While Finland has long grappled with a shortage of doctors, Finnish universities are now training more physicians than ever before. Combined with the growing popularity of studying medicine abroad, this surge in supply could, in time, tip the labour market into a surplus. The intelligence agency said it's seeking creative people with good interpersonal and teamwork skills, as well as an ability to withstand stressful situations. For a salaried employee, it takes an average of 46 days to earn what a chief executive makes in a single day. Finland's pandemic-era restrictions were effective and adhered to, according to health agency THL.",https://yle.fi/a/74-20212472,3.4,1
2026-02-26 09:53:41,Finland / Domestic,"Thursday's papers: Gold rush payoffs, Finns mourn sugar firm's plans, and luxury cars blocking trams","A firm in northern Finland extracts up to 7,500 kg of gold per year. In a long feature on Thursday, Helsingin Sanomat took a deep dive into the profits seen in gold mining in Northern Finland. It peeks into the spacious home where engineer Joni Ijäs and his family live. He works at the gold mine in Kittilä, owned by Canadian firm Agnico Eagle Mines. It has been generating record-breaking profits for some time now, as the ""global price of gold has risen to historic highs"", the paper explained. At the moment, he's outfitting the basement of the family's 200-square-meter house into a space for himself with plans for a dartboard. The paper said the mine's success can be seen all over Kittilä. For example, the high-end cars in supermarket parking lots likely belong to local mine workers — rather than rich tourists. Unlike in most of Finland, there is a bit of a housing construction boom in the area, and locals seem confident about their financial futures. Ijäs has worked at the mine since it opened in 2008, when he was fresh out of university. The paper followed him to the gold mine itself — Europe's largest. Then, after a three-minute, 900-meter ride down into the mine, they reached the main level. Workers there extract up to 7,500 kg of gold annually, generating revenue of nearly 200 million euros per year. Thanks to the steady uptick in gold prices, the firm's revenue grew by 25 percent in 2024. Last year's totals have not yet been published, the paper noted. The mine employs around 1,000 people — half as external contractors and the remainder as its own workers — not an insignificant proportion of the municipality's population of 6,700. The Canadian-owned Agnico Eagle funnelled around 73 million euros in taxes to Kittilä, which has been a shot in the arm for the municipality, the paper said. Ijäs doesn't usually go down into the mine, as he is a project manager. At the age of 42, he doesn't think it's impossible that he could stay there until retirement. At the moment, it is estimated that there will be adequate amounts of gold at the site to continue mining until 2037 — but that is still up in the air. While he would not reveal his salary, Helsingin Sanomat noted that employees in the mining sector earn an average of more than 4,200 euros a month and managers in the industry pull in thousands of euros more, according to Helsingin Sanomat. On Wednesday, Finland's main manufacturer of various types of sugar, Suomen Sokeri, announced redundancy negotiations, according to newspaper Iltalehti. At the same time, the company said it plans to shut down its production of lump, powdered and fine-granulated sugar products in Finland. However, it plans to continue domestic production of its table and liquid sugar items. The plans also involve up to 40 redundancies. Final decisions are expected to be announced in March, at the earliest. On Thursday morning, Iltalehti reported that the development has upset many in Finland. The paper spoke with Risto Rauhala from Kempele, who uses the firm's traditional lump sugar — which are rough-cut chunks slightly larger than their uniformly-shaped cube counterparts — in his coffee every day. ""I don't understand it and don't accept it,"" Rauhala said, adding that he thinks the idea of not being able to use domestically produced sugar cubes ""absolutely absurd"". The sugar company also plans to stop domestic production of so-called pearl sugar — most often used in decorative baking. Rauhala uses pearl sugar when curing his homemade gravlax, saying it works the best. The paper also spoke with Marjatta from Espoo, who said she was concerned about what might happen to retail sugar prices after domestic production ends. ""Will it rise?"" she pondered. Marjatta would prefer buying domestically made sugar, but said that she would consider buying imported products. However, she also lamented that more domestically produced products seem to be going away. Suomen Sokeri is part of the Finnish firm Sucros, which is a subsidiary of Germany-based Nordzucker. Sucros' CEO Tero Tanner told Iltalehti on Wednesday that the company's plans were prompted by changes in consumer purchasing patterns and their general reduction in sugar consumption in the longer term. Last year Helsinki tram operators filed a total of 642 complaints about cars blocking the tracks, Swedish-language daily Hufvudstadsbladet reported on Thursday. Citing a report from Helsinki's City Transport agency, the paper said 265 of the complaints resulted in towing away the errantly parked vehicles. Previously, the complaints dealt with delivery cars blocking the tracks, when couriers parked carelessly, the agency's Mika Karhunen told the paper. But those types of parking violations are usually short-lived and rarely result in a towing. The poorly parked car reports often come from the city's well-heeled southern neighbourhoods, featuring expensive apartments and ""premium car brands,"" according to Karhunen. ""[We have seen] the same car towed away up to three times in a year. That says something about the drivers' recklessness,"" he told HBL. The car owners with the poor parking habits not only have to face retrieving their towed car, they also face a 90-euro fine. But according to Karhunen, the agency is discussing with various parties about raising the penalty. But Karhunen emphasised that the biggest problem with incorrectly parked cars blocking tram traffic is that it affects public transport passengers. If the delays drag out, they can potentially have a knock-on effect and delay subsequent trams on the line. ""One person's [parking] recklessness can cause temporary disruptions that are much greater than direct [financial] consequences,"" Karhunen told HBL. The intelligence agency said it's seeking creative people with good interpersonal and teamwork skills, as well as an ability to withstand stressful situations. For a salaried employee, it takes an average of 46 days to earn what a chief executive makes in a single day. Finland's pandemic-era restrictions were effective and adhered to, according to health agency THL.",https://yle.fi/a/74-20212421,2.0833333333333335,1
2026-02-25 16:19:15,Finland / Domestic,"Opposition slams cabinet over jobs: ""No encouragement, no opportunities – just misery""","The government sailed through a vote of confidence in Parliament after an opposition challenge over its employment measures. The government has received a vote of confidence in Parliament following a challenge by two opposition parties over its handling of the employment situation. The four-party coalition government survived the interpellation by a vote of 96–76, with 27 MPs absent. The challenge was filed by the Centre Party and the one-man Movement Now parliamentary group, criticising the government for Finland's unemployment situation, which is the EU's worst. The right-wing cabinet led by Prime Minister Petteri Orpo (NCP) has just over a year left in its legislative term. The two parties submitted a similar interpellation on joblessness last October. The only opposition MP to cast a vote of confidence in the government was Timo Vornanen, who was thrown out of the Finns Party in 2024 after firing a gun during an altercation outside a Helsinki bar. The lead signatory to the interpellation question, Centre Party deputy chair Tuomas Kettunen, criticised the government's jobs policy during parliamentary question time on Tuesday. He noted that the Orpo government had pledged to create 100,000 new jobs in Finland, but instead brought Europe's worst unemployment rate. According to Kettunen, neither the government nor Employment Minister Matias Marttinen (NCP) recognises the facts. He charged that the government's policy is to make life even more difficult for people those facing adversity, rather than helping them. ""There has been no encouragement, no opportunities — just misery, just a stick. We're tightening the conditions for people who have nothing left to tighten. We are taking away security from people whose lives are already in pieces,"" Oulu MP Kettunen asserted during the interpellation debate. ""A more correct title for the Minister of Employment would be the Minister of Unemployment,"" he quipped. Marttinen responded by saying that Finland's ""employment rate is at the EU average – in fact, even slightly above average"". The unemployment rate has risen steadily through nearly all of Orpo's term in office, which began in mid-2023. On Tuesday, Statistics Finland said that the unemployment rate edged down to 10.3 percent in January from 10.7 in December, but that it remained significantly higher than a year earlier. The intelligence agency said it's seeking creative people with good interpersonal and teamwork skills, as well as an ability to withstand stressful situations. For a salaried employee, it takes an average of 46 days to earn what a chief executive makes in a single day. Finland's pandemic-era restrictions were effective and adhered to, according to health agency THL.",https://yle.fi/a/74-20212342,2.0,1
2026-02-25 15:34:08,Finland / Domestic,Asbestos concerns prompt Tokmanni to issue warning about 'Stretcherz' toys,"Some of the toys may contain asbestos, a dangerous carcinogen. Finnish department store chain Tokmanni has issued a warning to consumers that some 'Stretcherz'-branded toys it has sold may contain asbestos. UK toy manufacturer HTI issued a product safety recall regarding the affected sand-filled toys on 13 February. The toys have been sold at Tokmanni and other stores in Finland. The recall affects some, but not all, of the firm's Stretcherz-branded product line. Tokmanni said that the toys can be returned to the place of purchase for a refund. A receipt is not necessary, the retailer said. The intelligence agency said it's seeking creative people with good interpersonal and teamwork skills, as well as an ability to withstand stressful situations. For a salaried employee, it takes an average of 46 days to earn what a chief executive makes in a single day. Finland's pandemic-era restrictions were effective and adhered to, according to health agency THL.",https://yle.fi/a/74-20212319,1.0,0
2026-02-25 12:58:12,Finland / Domestic,"Older house prices down by 6%, falling for third year in a row","Prices of detached houses have been falling since 2022, according to Statistics Finland. However, the number of real estate transactions increased last year. Selling prices for old detached houses continued to fall in 2025, but sales started to pick up slightly at the end of the year, according to Statistics Finland. It said that the prices of old houses fell by 6.1 percent in 2025, year-on-year. According to the agency's chief actuary, Elina Peltoniemi, prices of detached houses have been falling since 2022. The steepest price declines were seen in Eastern Finland, with prices falling by around a quarter over the course of three years. Prices have fallen by 15 to 20 percent in other parts of the country, the agency said. Prices have fallen to a lesser degree in larger cities, compared to smaller municipalities. By the end of last year, prices of older detached houses fell by around five percent, year-on-year. However, it noted that sales of detached houses picked up slightly in the fourth quarter. On Wednesday, the National Land Survey of Finland reported that the number of real estate transactions across the country had grown by 9.3 percent in 2025, year-on-year. The amount of money spent on real estate transactions rose by around 20 percent, to around 8.4 billion euros last year, while the figure in 2024 stood at seven billion euros. Real estate transaction volumes saw local variations. The biggest increase was seen in Central Ostrobothnia (+28%), Ostrobothnia (21.6%) and in Lapland (18.6%). The priciest single-family residential housing purchases were made in Espoo. In terms of the capital region, real estate transaction volumes grew the most in Vantaa (25.6%) and Espoo (20.6%). The median selling price in Espoo was approximately 612,500 euros, while in Vantaa the median price stood at 368,000 euros. Real estate transactions in Helsinki grew by 17.2 percent, with a median sale price of 468,500 euros. The National Land Survey tracks sales of complete properties on their own land. The statistics don't include housing company or real estate shares, single-family homes on leased land, or partial sales. The intelligence agency said it's seeking creative people with good interpersonal and teamwork skills, as well as an ability to withstand stressful situations. For a salaried employee, it takes an average of 46 days to earn what a chief executive makes in a single day. Finland's pandemic-era restrictions were effective and adhered to, according to health agency THL.",https://yle.fi/a/74-20212252,1.6,1
2026-02-25 09:58:13,Finland / Domestic,"Wednesday's papers: Unemployment blame, Espoo's incoming Muslim principal, and a very stubborn flu","Suaad Onniselkä could be one of the only Muslim public school principals in all of Europe, according to Helsingin Sanomat. The Finns Party blames the country's record-high unemployment on immigrants, while the opposition Social Democrats say immigrants are among the first people to be affected by a weak economy. That's according to Swedish-language daily Hufvudstadsbladet, which covered a parliamentary debate on Tuesday. The opposition Centre Party accused PM Petteri Orpo's (NCP) coalition government of causing Finland to have the highest unemployment rate in the EU. Citing a report by the Research Institute of the Finnish Economy (Etla) think tank, Finns Party MP Jorma Piisinen said immigrants were behind the problem — alleging that was a ""statistical fact"". Etla's report said foreign-born people accounted for 44 percent of the increased unemployment. MP Piisinen claimed that employment among ""native Finns"" is as high as it was in 2022 — when Finland's slide into recession began. But the paper said the data on all that is not crystal clear. ""While the relative employment of immigrants has decreased, the number of employed immigrants has increased by 90,000 during the first five years of the 2020s,"" HBL explained. SDP MP Sandra Bergqvist disagreed with Piisinen's assertions. ""We must be able to distinguish between causes and consequences. For example, the weak employment among immigrants is not the cause of the weak economy, but it is the weak economy that primarily affects those who are in a vulnerable position,"" Bergqvist said. In their defence, members of governing parties blamed Finland's economic hardships on repercussions from Russia's invasion of Ukraine — not the government's labour market reforms. ""You know that these times are exceptionally difficult, that everything is not in our own hands,"" said NCP MP Pia Kauma, who is from Espoo. In response, opposition Centre Party MP Antti Kurvinen raised his voice. ""Unemployment is as big as your hometown!"" he said. Kauma comes from Espoo, which has just over 320,000 inhabitants — while there are around 295,000 unemployed people in the country, the paper noted. Social Democrat MP Piritta Rantanen suggested that the government has already thrown in the towel on its goal to create 100,000 new jobs during its term. ""When the government doesn't even believe in its own goals, how are the people supposed to? You have broken the people's trust and it is now visible in the numbers,"" Rantanen said. Statistics Finland reported on Tuesday that the country's unemployment rate fell very slightly in January. The trend of the unemployment rate fell to 10.3 percent in January, compared to 10.7 percent in December. According to Eurostat, Finland had the EU's worst unemployment rate in December. The Mainingin koulu comprehensive school in Espoo has just selected Suaad Onniselkä as its next principal, Helsingin Sanomat reports. She may be one of the only Muslim public school principals in all of Europe, according to the daily. When she was hired in Espoo, Onniselkä was serving as deputy principal at a school in Eastern Helsinki. But her career has seen stumbling blocks, according to the paper. At first, as a headscarf-wearer, she was not initially allowed into the teachers' room. Later, as deputy principal, she said that sometimes others mistook her for a school counsellor or a cleaner. ""I'm used to being considered somehow suspicious when meeting new people,"" Onniselkä told HS. Onniselkä is due to begin her new job next month, and when she does, she may be the only principal in the country who is also a Muslim. The school administrator converted to Islam in the 1990s, the paper explained, and began wearing headscarves while at university. It wasn't a problem at first, but gradually, she started encountering prejudices. ""Back then, discrimination was amateurish. People did things unintentionally,"" she told the paper. ""Today, [discrimination] has become more professional,"" Onniselkä said, explaining that discrimination and racism have become increasingly structural. In its most egregious form, she said discrimination prevents children from different linguistic and cultural backgrounds from being considered part of Finnish society. Additionally, there are myths that students with immigrant backgrounds aren't required to perform as well academically as locals. She said that when it comes to these minority groups, there are also misconceptions that bad behaviour is just part of their cultures. In contrast, when it comes to kids with Finnish backgrounds, bad behaviour is addressed through studies and intervention. In Onniselkä's opinion, those kinds of attitudes place kids in unequal positions, where they do not receive equal support. Additionally, she thinks that Finns' attitudes towards minorities have hardened. Sometimes, because of her first name and headscarf, people mistaken her for an immigrant. But she is actually a native Finn, and it seems to take people aback. As an example, Onniselkä said someone filed a criminal report with police, alleging that her Finnish skills were not sufficient for the position she held. ""It made me smile a little, because you can hear from my speech that Finnish is my native language,"" she told HS, which noted that police did not open a preliminary investigation into the matter. There is no sign of the end to the already-long influenza epidemic, according to Ilta-Sanomat. The flu season was already considered comparatively long last week. According to Niina Ikonen, senior specialist at public health authority THL, flu cases have continued to rise this month. The agency recorded nearly 1,300 confirmed influenza cases in the first week of February. However, by mid-month, in the eighth week of the year, nearly 1,400 flu cases have been confirmed, the paper explained. According to Ikonen, it was still the middle of the week, so more confirmed cases may still come in. Flu is spreading across the country, affecting people of all ages. However, the regions of Central Ostrobothnia and Kanta-Häme are particularly affected, she explained. The official numbers may not be telling the actual story, however, as people in some regions may be more likely to seek professional help for their illnesses than others. ""Most people who get sick stay at home,"" she said, noting that THL's data only covers lab-confirmed influenza cases in people who went to the doctor. According to Ikonen, the flu epidemic's peak may last for a few more weeks. The intelligence agency said it's seeking creative people with good interpersonal and teamwork skills, as well as an ability to withstand stressful situations. For a salaried employee, it takes an average of 46 days to earn what a chief executive makes in a single day. Finland's pandemic-era restrictions were effective and adhered to, according to health agency THL.",https://yle.fi/a/74-20212213,1.8571428571428572,1
2026-02-24 15:14:12,Finland / Domestic,Trump's Greenland threats cast shadow on Finland's icebreaker deals,"US designs on Greenland risk putting Finland in an uncomfortable position. Questions are emerging as to whether Finnish-built icebreakers could double as warships, as Finland is set to supply the United States with up to 11 of these vessels, beginning in 2028. That deal, initially hailed as an economic bright spot, now sits against the backdrop of Donald Trump's rhetoric around plans to seize Greenland. In an interview with the Swedish newspaper Aftonbladet, John Bolton, a former adviser to Trump, said the Greenland dispute is far from over and has merely subsided for the time being. ""As long as Trump is president, Greenland will remain an issue,"" he told the paper. With the installation of deck guns in the US, the icebreakers could be used as warships. Mikko Suominen, an assistant professor of marine and Arctic technology at Aalto University, however, noted that in practice almost any vessel can be adapted for military use. The chair of parliament's foreign affairs committee, Johannes Koskinen (SDP), meanwhile, told Yle that it comes as no surprise that the US could use Finnish-made icebreakers for military purposes. ""But this was not raised when the initial decisions on ordering the icebreakers were made. The outfitting of the vessels has been left to more detailed contract negotiations, as has the division of work between Finnish and American companies and shipyards,"" Koskinen added. The foreign ministry and defence ministry meanwhile, have emphasised icebreaker cooperation in terms of strengthening Nato allies' Arctic capabilities and enhancing security in the region. They stress that the vessels to be delivered are not combat ships. ""From Finland's perspective, even a limited dual-use potential is awkward in the current situation. But the icebreakers are not being sold or built for direct military use or for the seizure of Greenland,"" retired lieutenant colonel Mika Kerttunen summed up. The intelligence agency said it's seeking creative people with good interpersonal and teamwork skills, as well as an ability to withstand stressful situations. For a salaried employee, it takes an average of 46 days to earn what a chief executive makes in a single day. Finland's pandemic-era restrictions were effective and adhered to, according to health agency THL.",https://yle.fi/a/74-20212124,2.8,1
2026-02-24 12:46:47,Finland / Domestic,Finland shows slight improvement in record-high jobless rate,"The unemployment rate edged down from 10.7 to 10.3 percent in January, but remained higher than a year earlier. The number of employed men fell by 23,000 year-on-year while the number for women remained unchanged. Finland's unemployment rate fell slightly in January, Statistics Finland said on Tuesday. The picture remained dim for men and young jobseekers in particular. The trend of the unemployment rate fell to 10.3 percent in January, compared to 10.7 percent in December. The data covers people aged 15-74. The statistics bureau said that there were 295,000 unemployed people in January, which was 26,000 more than a year ago. There were 18,000 more unemployed men and 8,000 more unemployed women than a year ago. However, while the number of employed men declined by 23,000, the number of employed women was virtually unchanged compared to the beginning of 2025. Women also fared slightly better in an employment rate comparison. In January, the employment rate of men aged 20-64 fell by 1.8 percentage points to 74.1 percent while the employment rate of women slipped by just 0.3 percentage points to 75.4 percent from one year ago. Overall, there were 295,000 jobseekers, up by 26,000 from the start of 2025. About 56 percent of unemployed people were men. The figures also point to a dire employment picture for young people. In January, nearly 24 percent of unemployed jobseekers were aged 15-24, up by 3.6 percentage points from a year earlier. According to Eurostat, Finland had the EU's worst unemployment rate in December. Last month, Minister of Employment Matias Marttinen (NCP) insisted that the government was still committed to its target of creating 100,000 new jobs before its term ends next spring. The intelligence agency said it's seeking creative people with good interpersonal and teamwork skills, as well as an ability to withstand stressful situations. For a salaried employee, it takes an average of 46 days to earn what a chief executive makes in a single day. Finland's pandemic-era restrictions were effective and adhered to, according to health agency THL.",https://yle.fi/a/74-20212026,2.2,1
2026-02-24 12:07:58,Finland / Domestic,Poll: Majority of Finns support fur farming ban,"Many Finns support ending fur farming, both nationally and across the EU. More than half of Finns support a complete ban on fur farming. That's according to a survey commissioned by animal rights organisation Animalia through the European animal rights network Eurogroup for Animals, with around 1,000 Finnish respondents. Some 60 percent of those surveyed support a ban on fur farming in the EU, and a similar share favours a national ban in Finland. The wider survey included more than 18,000 respondents across roughly 20 countries. The European Commission is expected to respond to the Fur Free Europe citizens' initiative at the end of March. The initiative, signed by over 1.5 million EU citizens, calls for a union-wide ban on fur farming. So far, 22 European countries have passed bans on fur farming, with the last ones closing in Sweden last summer. Finland is Europe's largest producer besides Poland, which plans to phase out the industry by 2034. In 2023, there were about 400 fur farms in Finland, mostly in Ostrobothnia. The intelligence agency said it's seeking creative people with good interpersonal and teamwork skills, as well as an ability to withstand stressful situations. For a salaried employee, it takes an average of 46 days to earn what a chief executive makes in a single day. Finland's pandemic-era restrictions were effective and adhered to, according to health agency THL.",https://yle.fi/a/74-20212009,2.0,1
2026-02-24 09:32:14,Finland / Domestic,"Tuesday's papers: Finnish humility, protecting girls, and mysterious roof deaths","Four years into Russia's full-scale invasion, HBL notes that Finland has not tested its wartime readiness since 1945. Tuesday marks four years since Russia's full-scale invasion of Ukraine, prompting Hufvudstadsbladet to take a critical look at Finland's defence. The paper hears from war studies scholar Ilmari Käihkö, who argues that Finland has not tested its wartime readiness since 1945 and may need to show greater humility about its own capabilities. In his view, the worst possible outcome of the war in Ukraine would be one in which Russia felt it had prevailed. That's an outcome he told HBL would also be detrimental to Finland. He considers it likely that the conflict will continue, but at a lower intensity. How the war ends, Käihkö adds, will matter more for Finland than when it ends. Helsingin Sanomat shines a light on female genital mutilation (FGM) and how officials are trying to stop the practice. For years now, daycare centres in Espoo have operated under a city-wide directive: when a child's guardians come from a country in which female genital mutilation is practised, staff are required to initiate a discussion on the subject with them. This direct approach has led to Espoo being the most effective municipality in Finland in preventing female genital mutilation, according to Solomie Teshome of the Finnish League for Human Rights. These efforts to prevent FGM were started by educator Anita Vataja. Twenty years ago, she worked in Canada, where the risk was taken seriously. When she returned to Finland, the issue was hardly on anyone's radar. The human rights league estimates that approximately 10,000 girls and women in Finland have undergone the procedure, while between 650 and 3,080 girls may currently be at risk, according to public health authority THL. Four people have fallen to their deaths from the roof of a parking garage in Helsinki's Jätkäsaari neighbourhood. Residents are calling on the city to introduce structural safety measures and are now gathering signatures for a petition, according to Ilta-Sanomat. The most recent fatality at the parking garage occurred in the middle of this month when a person fell from the roof. Last July, two young girls fell to their deaths from the same roof, and in October, another person died after a fall. Authorities have remained tight-lipped about the circumstances surrounding these tragedies. In the case of the young girls, however, the police stated that neither crime nor accident was involved, leaving suicide as the only plausible explanation. The intelligence agency said it's seeking creative people with good interpersonal and teamwork skills, as well as an ability to withstand stressful situations. For a salaried employee, it takes an average of 46 days to earn what a chief executive makes in a single day. Finland's pandemic-era restrictions were effective and adhered to, according to health agency THL.",https://yle.fi/a/74-20211985,2.6666666666666665,1
2026-02-23 14:32:53,Finland / Domestic,False salmonella alarm cost farm €1m,"A lab error led to the culling of thousands of hens and losses exceeding one million euros. An organic poultry farm in Lappeenranta was forced to cull more than 4,000 hens the summer before last after salmonella was detected in a self-monitoring sample. It later emerged that the result was due to a laboratory error, and the sample had been contaminated in the lab. But authorities do not plan to amend the law to require confirmation of positive results with a second test. The Kuorttinen organic poultry farm received no compensation, and negotiations with the laboratory responsible for the mistake are still ongoing. A lawyer is still negotiating with the laboratory responsible for the error. ""That a farmer should be held liable for others' mistakes is outrageous. In what other line of work would someone be expected to pay, out of their own pocket, for errors they did not make?"" said the poultry farm's owner, Kaisa Rautakannel. Since the incident, industry groups have called on the agriculture ministry to install second checks to help prevent similar mistakes in the future. But no routine confirmatory testing is planned, as EU rules limit additional checks. Eveliina Palonen, an official at the agriculture ministry, said laboratories will in the future be required to consult the Finnish Food Authority if there is reason to suspect a false positive, a step not taken in the Kuorttinen case. The farmers, meanwhile, said they do not expect production to return to previous levels until the end of next summer. The intelligence agency said it's seeking creative people with good interpersonal and teamwork skills, as well as an ability to withstand stressful situations. For a salaried employee, it takes an average of 46 days to earn what a chief executive makes in a single day. Finland's pandemic-era restrictions were effective and adhered to, according to health agency THL.",https://yle.fi/a/74-20211878,2.25,1
2026-02-23 12:11:26,Finland / Domestic,Agency to heighten inspections of recreational tour firms at popular destinations,"The heightened checks of tour operators will begin in March, particulary in Northern Finland and Finnish Lapland. Finland's state forest management agency, Metsähallitus, has announced that it will carry out a period of heightened inspections of tourism firms at popular outdoor recreational areas. The enhanced supervision effort — aiming to clarify good practices to operators and prevent unauthorised tourism activities — will begin in March, according to a press release on Monday. Metsähallitus noted that tourism firms that bring customers to protected areas need to have signed cooperation agreements with the forest management agency. However, some operators are not yet familiar with those rules, while others do not comply, it said. According to the agency, tour operators that use hiking trails, rest areas or other facilities in areas that are managed by Metsähallitus, need to pay annual usage fees, based on the number of customers they have. The agency noted that the usage fees are based on law. Metsähallitus said that as of the end of last year, the agency had more than 700 tourism entrepreneurs on the books. About two-thirds of those entrepreneurs take clients on paid excursions to areas managed by the agency. The remaining tour providers offer other types of services — for example restaurant and accommodation guidance — near national parks and hiking trails. Those kinds of outdoor activities firms are growing the most in tourism centres of Northern Finland, according to the agency's senior tourism specialist Katja Blomberg. The agency is organising targeted monitoring visits at the country's most popular hiking and outdoor activity destinations, in collaboration with local wilderness and game officials. The first days of the heightened monitoring effort will take place in March in the areas of Northern Finland and Finnish Lapland, it said. The agency wants to ensure that tour operators are following the rules and have obtained the proper permits. Firms that want to operate at such locations need to have signed the agreement and paid fees in order to bring groups to the locations. The firms will not be able to operate in those areas if they do not comply with the rules, according to Metsähallitus. The intelligence agency said it's seeking creative people with good interpersonal and teamwork skills, as well as an ability to withstand stressful situations. For a salaried employee, it takes an average of 46 days to earn what a chief executive makes in a single day. Finland's pandemic-era restrictions were effective and adhered to, according to health agency THL.",https://yle.fi/a/74-20211823,2.8333333333333335,1
2026-02-23 09:58:19,Finland / Domestic,"Monday's papers: The end of free electricity, personal service wins, and Finland tightens driver's licenses","Negative spot electricity prices are losing their charge, according to Helsingin Sanomat. Finland's electricity market has become less prone to episodes of zero or negative prices, even as wind capacity has grown, reports Helsingin Sanomat. Free electricity is now fading, according to HS. That's because energy companies have installed electric boilers that switch on when prices approach zero, effectively soaking up excess supply and stabilising the market. The paper explains that energy firms have begun replacing combustion-based heat plants with electric boilers, often paired with heat pumps. Though uneconomic when power is expensive, they become viable as prices near zero. Storage is also playing a larger role. More storage capacity is being developed in Finland, designed to smooth price fluctuations during both the cheapest and the most expensive hours. According to Santeri Viljakainen at the utility Väre, negative prices are likely to become increasingly rare. Even when per-kilowatt-hour prices occasionally drop below the zero mark, customers still pay transmission fees and taxes on the electricity they use. Hufvudstadsbladet reports that customers are increasingly turning to smaller banks in search of personal service, including access to cash transactions. This kind of service is proving profitable, according to HBL. At Myrskylä Savings Bank's branch in Porvoo, cashiers continue to offer over-the-counter services. ""We can still meet customers face-to-face. Our advisers are readily available, and clients have direct phone numbers to staff,"" said Teemu Tuukkanen, CEO of Myrskylä Savings Bank. The savings banks are moving against the current. As large banks shutter branches, local ones are expanding, both in terms of customer numbers and business volumes, according to the Swedish-language daily. The government has submitted a bill to parliament to amend the driving licence law, with most changes set to take effect at the end of May. According to Kauppalehti, the reforms aim chiefly to improve road safety among young drivers. In particular, exemptions allowing 17-year-olds to drive would be tightened, according to the transport ministry. Driving lessons will also be expanded. All applicants for a passenger car license would face three additional hours of theory lessons and one extra hour of driving instruction. Further changes are planned for 1 October, when mandatory risk training is set to be introduced. The intelligence agency said it's seeking creative people with good interpersonal and teamwork skills, as well as an ability to withstand stressful situations. For a salaried employee, it takes an average of 46 days to earn what a chief executive makes in a single day. Finland's pandemic-era restrictions were effective and adhered to, according to health agency THL.",https://yle.fi/a/74-20211787,2.8333333333333335,1
2026-02-22 12:53:42,Finland / Domestic,EV registrations up by 22%; petrol and diesel share falls,"Nearly 60 percent of all last year's new cars were rechargeable, with less than 40 percent petrol-powered and just four percent diesel-powered. The number of new vehicle registrations in Finland has been declining year by year in the 2020s, and 2025 was another lacklustre year. Fewer than 72,000 new passenger cars were registered, three percent less than the year before. The number was the lowest figure so far in this century, Statistics Finland said on Friday. Imports of used vehicles decreased by four percent in 2025, totalling just over 41,000. The largest numbers were brought in from Sweden and Germany. Meanwhile the number of new trucks and busses on the road fell by 15 and 25 percent respectively. Last year, 37 percent of new passenger cars were fully electric cars, an increase of 22 percent from the year before. Meanwhile consumers shied away from plug-in hybrids, with new registrations slipping by two percent. Overall, the number of plug-in passenger cars rose by 12 percent from 2024. Meanwhile registrations of new petrol- and diesel-powered cars both fell by nearly one-fifth. Nearly 60 percent of all new cars were rechargeable, with less than 40 percent petrol-powered and just four percent diesel-powered. The data does not include registrations in the autonomous Åland Islands. The intelligence agency said it's seeking creative people with good interpersonal and teamwork skills, as well as an ability to withstand stressful situations. For a salaried employee, it takes an average of 46 days to earn what a chief executive makes in a single day. Finland's pandemic-era restrictions were effective and adhered to, according to health agency THL.",https://yle.fi/a/74-20211713,2.0,1
2026-02-25 14:11:06,Business,Wolt cutting jobs in Finland,"The delivery company says the redundancies will affect its international operations staff based in Finland. Helsinki-based delivery platform Wolt is launching redundancy talks with its international personnel in Finland. The company said on Wednesday that the negotiations are expected to impact approximately 30 job roles and the estimated total impact of the changes is a maximum of 45 job roles. Wolt has more than 15,000 employees in 30 countries, with some 1,500 of them working in Finland. The changes do not affect Wolt's approximately 10,000 couriers in Finland, the firm said. Wolt also announced that it will close down its operations in Japan and Uzbekistan as part of a ""strategic reassessment of its international business"". Earlier this month, Yle reported that Wolt is finally hiring couriers as direct employees – but with unusual contract terms. Also this month, the Financial Times reported that Uber Eats plans to enter the Finnish market this year, following the departure of Wolt competitor Foodora. The intelligence agency said it's seeking creative people with good interpersonal and teamwork skills, as well as an ability to withstand stressful situations. For a salaried employee, it takes an average of 46 days to earn what a chief executive makes in a single day. Finland's pandemic-era restrictions were effective and adhered to, according to health agency THL.",https://yle.fi/a/74-20212296,2.0,1
2026-02-23 16:31:59,Business,Finnish quantum computing firm IQM to be listed on US stock market,"The state-owned VTT Technical Research Centre of Finland and IQM completed work on the country's first quantum computer in 2021. Espoo-based quantum computing firm IQM Finland is set to be listed on the US stock market, the firm announced on Monday. In a press release, IQM explained that it has made an agreement with the ""special purpose acquisition company"" Real Asset Acquisition Corp, a Nasdaq-listed firm, to make the move. ""The transaction provides funding with the aim to accelerate IQM’s technology and commercial development towards fault-tolerance quantum computing, further advancing its position as a leading provider of quantum computers,"" the release said. At the same time, the company is set to receive around 330 million euros in additional funding. IQM said it is also considering a dual listing that would ""see the trading of IQM’s ordinary shares on the Helsinki Stock Exchange, which would be expected to take place following the completion of this transaction"". According to Reuters, the company is valued at an estimated 1.8 billion US dollars, or around 1.6 billion euros. The state-owned VTT Technical Research Centre of Finland and IQM completed work on Finland's first quantum computer in 2021. IQM's co-founder and CEO, Jan Goetz, said that from the start, the company was built with one purpose: ""to put quantum computers in the hands of the people who will use them to solve real problems"". ""Not someday. Now. Quantum computing is a science project no more. It is an industry where customers own, operate, and build on advanced quantum computers,"" Goetz said in the release. The intelligence agency said it's seeking creative people with good interpersonal and teamwork skills, as well as an ability to withstand stressful situations. For a salaried employee, it takes an average of 46 days to earn what a chief executive makes in a single day. Finland's pandemic-era restrictions were effective and adhered to, according to health agency THL.",https://yle.fi/a/74-20211908,2.5,1
2026-02-19 16:28:40,Business,Telia to shed 168 jobs in Finland as restructuring takes effect,"The changes will see the termination of a total of 251 positions at the company, while 83 new roles will be created. Nordic telecommunications giant Telia has announced the conclusion of restructuring talks concerning its operations in Finland. The changes will see the termination of a total of 251 positions at the company, while 83 new roles will be created. The talks were first announced in January, with a total of 2,000 positions under review. In a statement, the firm said that the talks were aimed at simplifying the organisational structure in Finland as a means of implementing its growth strategy. Telia's goal is to invest in customer experience and the store network, the statement added, as well as in mobile network development and cybersecurity solutions. The company also plans to increase its investment in the security and defence sector. Telia previously undertook a restructuring process in Finland in 2024, when 500 people lost their jobs. The intelligence agency said it's seeking creative people with good interpersonal and teamwork skills, as well as an ability to withstand stressful situations. For a salaried employee, it takes an average of 46 days to earn what a chief executive makes in a single day. Finland's pandemic-era restrictions were effective and adhered to, according to health agency THL.",https://yle.fi/a/74-20211353,3.0,1
2026-02-19 13:05:59,Business,Government grants €1m in aid to struggling news agency STT,"Founded in 1887, STT is one of the oldest news agencies in the world. The Ministry of Transport and Communications has announced it is preparing a one-time 1.05-million-euro aid package for the Finnish News Agency STT, which has been beset by financial struggles. A press release from the ministry announced the move in a press release concerning ""the current state, outlook and measures to boost the competitiveness of the domestic media sector"". Minister of Transport and Communications, Lulu Ranne, said the goal of the aid package is to enable STT to continue its operations. ""The aid will be conditional on the company and its owners committing to swift development of the Finnish News Agency’s operations,"" she said in the release. A survey last autumn found that very few parliamentary groups were interested in using public funds to help the company. STT is majority-owned by publishing giant Sanoma Media Finland (75.4%), which also owns the country's biggest daily, Helsingin Sanomat, among other titles. A number of other companies, including Yle (1.7%), also have minor holdings in STT. Sanoma has previously said it would be significantly reducing its use of the agency's news and photo services, and could potentially stop using them entirely. In a separate press release on Wednesday, STT announced that it would be transitioning to a new operating model in April. It said that following the conclusion of redundancy talks, a decision was made to cut the jobs of 13 workers. However, the total number of redundancies is 21, as eight expired employment contracts would not be renewed. Up to 25 job cuts were being considered ahead of the redundancy talks. The agency plans other savings measures, including changing employment terms, such as reductions in working hours or adjustments to job descriptions. It also plans to largely end using stories submitted by its assistant journalists. Earlier this month, it announced that it would end regularly ordering domestic, foreign and cultural stories from freelancers. It is also reducing the number of sports stories it commissions from freelancers. The company further plans to shift its bureau covering EU affairs in Brussels to Helsinki. Another measure will be to return its overnight news coverage to Sydney, Australia, where journalists can work during the day. ""By further increasing efficiency, we will be able to secure STT's competitiveness and seek new sources of income,"" STT's chief executive Kimmo Laaksonen said in the release. Founded in 1887, STT is one of the oldest news agencies in the world. Explaining its non-recurring financial assistance to the company, the ministry noted that domestic media outlets are now ""mainly competing with some of the largest companies in the world"". ""The advertising market in Finland has not seen significant growth since the year 2000. The growth of advertising revenues over the past few years has mainly flowed to multinational digital giants,"" it said. ""The media sector is currently facing many challenges. However, the competitiveness of the Finnish media sector cannot be based on significant or long-term aid structures. In these lean times, challenges must be met through cooperation and consensus,"" Minister Ranne said in the release. Edited at 13:45 on 19 February to add the ministry's justification for the financial aid. The intelligence agency said it's seeking creative people with good interpersonal and teamwork skills, as well as an ability to withstand stressful situations. For a salaried employee, it takes an average of 46 days to earn what a chief executive makes in a single day. Finland's pandemic-era restrictions were effective and adhered to, according to health agency THL.",https://yle.fi/a/74-20211277,3.0,1
2026-02-18 14:16:35,Business,"Finland aims to double trade with India, PM Orpo says","During his visit, Prime Minister Petteri Orpo (NCP) will also attend the India AI Impact Summit, alongside world leaders and billionaire executives. Finnish Prime Minister Petteri Orpo (NCP) is on an official four-day visit to India this week, joined by a delegation of business leaders aiming to boost trade between the countries. Following a meeting with Indian Prime Minister Narendra Modi on Wednesday, Orpo said the bilateral relationship between Finland and India is very good. Orpo said the half-hour meeting he held with Modi included discussions about India's relationship with the EU, as well as its bilateral relationship with Finland. The PM told Finnish news agency STT that he received a clear message that India wants to cooperate with Finland, particularly in the fields of artificial intelligence and digitalisation. According to Orpo, the goal is to double trade between Finland and India in the coming years. During his visit, Orpo will attend the India AI Impact Summit on Thursday, an event hosted by his Indian counterpart. The annual summit's fourth iteration is being held in India for the first time. It is expected to draw more than 250,000 visitors to New Delhi this week, including a number of AI executives, Silicon Valley billionaires, world leaders and more than 300 exhibitors, according to Reuters. The Finnish PM is also due to hold a number of high level meetings during his visit. Orpo's trip began on Tuesday, joined by a business delegation representing 22 Finnish firms. According to Gitta Perez, the Finnish Foreign Affairs Ministry's Middle East and India region head, Finnish companies see significant opportunities in India, especially in the areas of sustainable infrastructure and the green transition. Ahead of Orpo's trip, in a press release, the Finnish government said ""the summit gives an opportunity to strengthen the common understanding of the principles of global AI governance and to build international cooperation related to the theme"". Orpo said the trip would aim to ""highlight Finland's strengths in the fields of AI policy and innovation"". ""Finland has world-class expertise in AI and potential to lead the way in its use. At the same time, we will also promote the safe and responsible use of AI. Geopolitical and economic competition keeps growing, and Finland must be highly active in international technology issues. Besides cooperation among the like-minded countries, we must also seek a common understanding with other countries,"" Orpo said in the release. Orpo also attended the AI Action Summit last year, when it was held in Paris. The intelligence agency said it's seeking creative people with good interpersonal and teamwork skills, as well as an ability to withstand stressful situations. For a salaried employee, it takes an average of 46 days to earn what a chief executive makes in a single day. Finland's pandemic-era restrictions were effective and adhered to, according to health agency THL.",https://yle.fi/a/74-20211020,3.6666666666666665,1
2026-02-18 13:20:26,Business,Finnish fashion firm Voglia files for bankruptcy,"The family-run business with a history spanning more than 40 years has run into trouble. The Finnish women's fashion label Vogila, based in Hämeenlinna, has submitted its bankruptcy petition at the Kanta-Hämeen District Court. Voglia's online store is currently closed. The company's revenue has been declining in recent years, falling to just over one million euros in 2024 from more than two million euros two years earlier. Losses in 2022 approached 500,000 euros, nearly half of the company's turnover. Founded in 1983 by the Virtanen family, Voglia has most recently been led by the family's third generation, with Katriina Virtanen serving as CEO since 2019. The Finnish fashion sector has faced a string of setbacks recently. In October, Papu Design filed for bankruptcy, followed by the bagmaker Lovia at the end of the year. A record number of companies, more than 21,100, closed down operations in Uusimaa in 2025. The intelligence agency said it's seeking creative people with good interpersonal and teamwork skills, as well as an ability to withstand stressful situations. For a salaried employee, it takes an average of 46 days to earn what a chief executive makes in a single day. Finland's pandemic-era restrictions were effective and adhered to, according to health agency THL.",https://yle.fi/a/74-20210998,2.3333333333333335,1
2026-02-18 11:03:55,Business,"At least 15k customers in limbo after ordering from bankruptcy-hit Asko, Sotka","Up to 20,000 customers are still waiting for goods they ordered from the home furnishing chains before the bankruptcy filing. At least 15,000 customers who bought items from home furnishing companies Asko and Sotka will not receive those goods because the firms' owner recently filed for bankruptcy, news agency STT reports. The chains' owner, Indoor Group, filed for bankruptcy earlier this month. According to the firm's bankruptcy estate administrator, Tuomas Penttilä, up to 20,000 customers are still waiting for goods they ordered from the home furnishing chains before the bankruptcy filing. At least 15,000 of them will not likely receive the items, Penttilä told STT, noting that those customers have paid in full, or at least partially, for the items. If a product has been marked as sold to a particular customer, then it is likely it will still be delivered. According to Penttilä, this is the case for about 1,000 to 2,000 of the orders on file. Earlier this month, Yle News published an article offering advice to consumers who recently bought products from Asko and Sotka that haven't received them yet. The intelligence agency said it's seeking creative people with good interpersonal and teamwork skills, as well as an ability to withstand stressful situations. For a salaried employee, it takes an average of 46 days to earn what a chief executive makes in a single day. Finland's pandemic-era restrictions were effective and adhered to, according to health agency THL.",https://yle.fi/a/74-20210958,1.3333333333333333,1
2026-02-18 09:34:27,Business,"Wednesday's papers: A leftist rise, inaccessible pensions, and another Finnish firm departs","Voters' support for the opposition Left Alliance has reached a 15-year high, reports Helsingin Sanomat. Support for the ruling National Coalition Party has slipped below 18 percent, reports Helsingin Sanomat, citing its latest voter sentiment survey. For the NCP, falling below the 18 percent threshold marks its weakest showing of the entire tenure of Prime Minister Petteri Orpo's government. At the same time, support for the opposition Left Alliance rose to a 15-year high, reaching 10.4 percent Were a parliamentary election to be held now, Orpo's party would attract just 17.9 percent of eligible voters, the survey found. The opposition Social Democrats remain the most popular party, with support at 25.1 percent. Combined support for the governing coalition stands at 38.2 percent, down 0.6 percentage points from January, according to HS. Nordic cooperation stopped short when Finnish national Ruth Dammert retired and wanted to collect her Swedish pension. Hufvudstadsbladet explains how Dammert had a long career in both Finland and Sweden. But when she sought to draw the pension she had accrued in Sweden, she discovered she was locked out of accessing her pension information. The main problem was that, after two decades in Finland, she no longer holds a Swedish bank ID, a digital key required for almost all administrative interactions in Sweden, despite retaining her Swedish bank account. Dammert's predicament is, however, a familiar one. ""Nordic citizens who have worked across borders have unnecessary problems when it comes to their pensions,"" said Sweden's former ambassador to Finland, Anders Ahnlid, who now works at the Nordic Council, removing border obstacles. He told HBL that these types of pension problems have long been a priority for the council, which wants to make the Nordic region the world's most integrated by 2030. Smart ring maker Oura on Tuesday said that it will relocate the domicile of its parent company to the United States, specifically Delaware. The state is known for its business-friendly regulations and low taxation, features that ease the path to a stock market listing. Founded in Oulu, Oura has been regarded as a Finnish firm. Traditionally, a company's nationality has been defined by the location of its headquarters. In practice, however, Oura's leadership and main office have for years been based in the United States. Even so, roughly half of its 1,000 employees will continue to work in Finland. According to Kauppalehti, ownership is now largely in foreign hands, with American investors forming the most significant bloc. From Finland's perspective, the shift is a loss, KL writes. Finland continues to produce high-quality growth companies, but they seldom remain anchored at home. The business daily points to a shortage of private capital willing to bear risk to help explain why. The intelligence agency said it's seeking creative people with good interpersonal and teamwork skills, as well as an ability to withstand stressful situations. For a salaried employee, it takes an average of 46 days to earn what a chief executive makes in a single day. Finland's pandemic-era restrictions were effective and adhered to, according to health agency THL.",https://yle.fi/a/74-20210920,2.2857142857142856,1
2026-02-17 14:48:15,Business,"Finland sees more foreign visitors, overnight stays reach new high","Recent trends suggest that visitors are increasingly heading towards northern destinations, seeking out so-called 'coolcations', according to Visit Finland. Visits to Finland by foreign tourists grew significantly last year, according to the state-run Business Finland and tourism outfit Visit Finland. The growth in foreign tourism to the country was faster compared to the average in the rest of Europe, they said. The number of overnight hotel stays rose to an all-time high of 7.2 million. That reflected a 12 percent increase in overnight stays. Meanwhile, the rest of Europe and other Nordic countries saw growth of 11 percent, according to Visit Finland. ""The total number of foreign tourists rose to 5.1 million, an increase of five percent from the previous year. Growth was strongest among groups that bring the most economic value to the tourism industry — the number of leisure tourists increased by 15 percent and meeting and congress tourists grew by 13 percent,"" Visit Finland's Katarina Wakonen said in a press release on Tuesday. Tourism growth was particularly visible outside the high season. During the spring off-season, overnight stays increased by 16 percent nationwide and by 24 percent in the Helsinki metropolitan area. At the same time, year-round tourism also increased in Finnish Lapland, where overnight stays rose over the summer, which has been a goal, according to the tourism outfit. The winter season started earlier and lasted longer, with the highest growth rates seen in April and October. According to Visit Finland, foreign tourists spent around 3.7 billion euros in the country in 2025, or an average of 305 million euros per month. Most of that money went towards accommodation, restaurant meals, transportation, experiences and shopping. It noted that things like visitors' flight and ferry tickets are not included in the calculations. ""The growth in tourism over the past two years has come entirely from foreign tourists. Without foreign demand, the overall tourism market would be in decline, as domestic tourism has decreased,"" the release explained. According to Wakonen, the growth was particularly driven by long-distance markets. Among the countries with the largest growth were: Japan, China, India and Taiwan, as well as the United States and Australia. In terms of European visitors, the United Kingdom, Germany, Italy and France brought the most growth. Recent trends suggest that visitors are increasingly heading towards northern destinations, as travellers seek so-called 'coolcation' style trips, in regions with moderate climates. Visit Finland said that the country has benefited from its relatively cool summers, lots of wintertime activities and other positive qualities. The intelligence agency said it's seeking creative people with good interpersonal and teamwork skills, as well as an ability to withstand stressful situations. For a salaried employee, it takes an average of 46 days to earn what a chief executive makes in a single day. Finland's pandemic-era restrictions were effective and adhered to, according to health agency THL.",https://yle.fi/a/74-20210808,2.5714285714285716,1
2026-02-17 09:38:24,Business,"Tuesday's papers: The cost of convenience, unvisited America, and fossil fans","A now-bankrupt pizza chain says it struggled to give up a third of the pie. With Foodora exiting Finland and Uber Eats entering the market, Helsingin Sanomat explores the platform delivery business from a restaurant's perspective. Restaurants' mounting distress is being driven by a slump in consumer spending and the growing popularity of home delivery services, according to Jon Niklas Knut Engblom, a co-owner of the now-bankrupt Guido's Pizza in Kauniainen and Tapiola. HS reports that delivery platforms such as Wolt charge commissions of around a third of the price of each order, a burden for smaller operators, according to entrepreneurs. At the same time, restaurateurs are reluctant to abandon these types of platforms, as they have become an indispensable source of revenue. Engblom told the paper the fundamental problem with relying on Wolt is that it is ""incredibly expensive"" for restaurants. Guido's restaurants paid the platform commissions amounting to roughly a third of each order's price. These are sums that, Engblom said, ran into tens of thousands of euros annually. Hufvudstadsbladet explores Finns' cooling appetite for travel to the United States. The number of Finnish travellers fell by nearly nine percent in 2025 compared with the previous year. Tourism researcher Antti Honkanen suggested that, in light of tensions involving Greenland, the decline may deepen further this year, particularly among Danes. Tighter scrutiny by American border officials, including checks of travellers' social media activity, is also unlikely to improve sentiment. ""Some say it is still merely a threat. Others claim it has begun in earnest. Personally, I would be reluctant to hand over my accounts, even though I have nothing to hide,"" he told HBL. A story about diesel-powered cars' appeal is Kauppalehti's most popular story on Tuesday morning. Car manufacturing giant Stellantis is bringing diesel models back into its lineup, arguing that demand for the fuel has not disappeared. Its brands include Chrysler, Dodge, Jeep and Ram. According to Stellantis, there is a persistent market for diesel-powered vehicles, despite the industry's broader shift towards electric ones. The European-American carmaker had previously set itself a target of selling only fully electric vehicles in Europe by 2030, with electric models accounting for half of its sales in the US. According to the business daily, the shift is due to Chinese manufacturers not really competing in the diesel segment. In many European markets, diesel vehicles also remain cheaper than their fully electric counterparts. The intelligence agency said it's seeking creative people with good interpersonal and teamwork skills, as well as an ability to withstand stressful situations. For a salaried employee, it takes an average of 46 days to earn what a chief executive makes in a single day. Finland's pandemic-era restrictions were effective and adhered to, according to health agency THL.",https://yle.fi/a/74-20210696,2.3333333333333335,1
2026-02-16 12:45:03,Business,"Finland's employee numbers have declined for 2.5 years, business index finds","The only region where employee numbers grew was in Western Finland, increasing by 0.5 percent. The number of employees at Finland's companies has steadily declined for the past two and a half years, according to a business cycle index by the pension firm Ilmarinen. The index found that in January the number of employees had decreased by 0.6 percent, compared to the same month last year. In December, employee numbers shrank by 0.5 percent compared to the same month in 2024. The biggest growth in employees was seen in the transportation sector, with two percent growth. The largest employee number declines were seen in social and health care services, construction, as well as the communications and IT sectors. ""Unfortunately, the downward spiral in the number of employees in our index has now reached the two and a half year mark. However, I believe that by spring we will see positive growth,"" Ilmarinen researcher Jouni Vatanen said in a press release on Monday. He added that there were positive prospects in January, for example, in Western Finland, which regionally performed the best in the country last year. According to the index, the only region where employee numbers grew was in Western Finland, increasing by 0.5 percent. Ilmarinen's business cycle index measures the developments of more than 50,000 firms and entrepreneurs that employ more than half a million people. It has published the index since 2013. The intelligence agency said it's seeking creative people with good interpersonal and teamwork skills, as well as an ability to withstand stressful situations. For a salaried employee, it takes an average of 46 days to earn what a chief executive makes in a single day. Finland's pandemic-era restrictions were effective and adhered to, according to health agency THL.",https://yle.fi/a/74-20210553,2.75,1
2026-02-15 14:10:27,Business,"Uber Eats coming to Finland this year, Financial Times reports","The US delivery giant is expanding its operations to seven European countries, including Finland. The US food delivery firm Uber Eats is expanding its operations in Europe, which include plans to enter the Finnish market. According to the Financial Times newspaper, the company will launch its service in seven European countries, including Finland, during this year. The delivery giant estimates that the expansion will lead to an additional one billion dollars in sales over the next three years. Spokesperson Susan Anderson told the FT that the company is relishing entering markets where established competitors are already present. ""We think it’s time to raise the bar, shake things up, and offer better value for money across the entire industry,"" Anderson said. The news of Uber Eats' intentions comes in the wake of Foodora announcing plans to wind down its operations in Finland, saying it will instead focus on countries where it can become the market leader. Finnish firm Wolt controls the lion's share of the delivery market in Finland. Uber Eats meanwhile has grown to become one of the largest food delivery services in the world since it was launched by ride-hailing company Uber in 2014. The intelligence agency said it's seeking creative people with good interpersonal and teamwork skills, as well as an ability to withstand stressful situations. For a salaried employee, it takes an average of 46 days to earn what a chief executive makes in a single day. Finland's pandemic-era restrictions were effective and adhered to, according to health agency THL.",https://yle.fi/a/74-20210427,3.25,1
2026-02-13 14:37:43,Business,Finnish government invests €65m in state firm's rare earth elements project,"The government characterised Lapland's Sokli deposit as ""one of Europe's most significant sources of rare earth elements"". Prime Minister Petteri Orpo's (NCP) government has announced plans to invest 65 million euros in the state-owned Finnish Minerals Group to develop mining at the Sokli deposit in Savukoski, Lapland. It characterised the deposit as ""one of Europe's most significant sources of rare earth elements"". At first, the financing will be used towards a feasibility study from this year until 2028. That effort will involve construction of a pilot mine and pilot concentrator at Sokli. ""The project aims to produce phosphate and iron concentrates between 2027 and 2029 and examine the potential for producing vermiculite, niobium and rare earth elements. The planned annual production volumes are 15,000 tonnes of phosphate concentrate and 2,500 tonnes of iron concentrate,"" a government press release explained. Minister for European Affairs and Ownership Steering Joakim Strand (SPP) characterised Sokli as an ""exceptionally valuable deposit"". ""If this project moves forward, it will make a real difference to Europe’s mineral security. We are committed to advancing responsible mining and processing in Finland,"" Strand said in the release. According to the government, Sokli's main output will be phosphate, which is used in both fertilisers and e-vehicle batteries. It cited current estimates that the deposit's reserves could meet up to 20 percent of the EU's current demand for the crucial chemical compound. The environmental permit process will start with an impact assessment, to be launched this year. The company has applied for another permit for the pilot operations. A decision on that application is expected this summer. The intelligence agency said it's seeking creative people with good interpersonal and teamwork skills, as well as an ability to withstand stressful situations. For a salaried employee, it takes an average of 46 days to earn what a chief executive makes in a single day. Finland's pandemic-era restrictions were effective and adhered to, according to health agency THL.",https://yle.fi/a/74-20210142,3.4,1
2026-02-13 13:42:26,Business,Foodora is leaving Finland,"After 27 February, the courier company will no longer operate in the country. Food and retail goods delivery firm Foodora is leaving the Finnish market at the end of February, according to a company press release. The app-based courier service said it will continue operations normally until 27 February. After that, it will no longer offer its services in the country. The company announced the news following the completion of redundancy talks with employee representatives that began on 12 January. At the start of those talks, the company said it was considering withdrawing from the Finnish market. The decision to leave Finland affects around 80 local employees and thousands of independent couriers. According to market analysis website PitchBook, Foodora's staff in Finland includes more than 2,800 people. In May of last year, Finland's Supreme Administrative Court ruled that food couriers are employees, not self-employed entrepreneurs. The case on appeal before the court concerned couriers operating on the platform of the food delivery company Wolt, Foodora's main competitor. On Friday, Foodora said that it has separately informed other parties affected by the decision, including its restaurant and retail partners as well as the couriers that make the deliveries. According to the company, the decision to leave Finland was based on a strategy focused on investing in markets with opportunities to become the clear market leader, and to build a strong, long-term brand in Europe. Foodora began its operations in Finland in 2015, and currently has operations in more than 100 cities and municipalities across the country. Founded in Munich, Foodora's headquarters moved to Berlin, Germany in 2015 and was subsequently acquired by Delivery Hero. Apart from Finland, the company has operations in Sweden, Norway, Austria, Czech Republic, and Hungary. The intelligence agency said it's seeking creative people with good interpersonal and teamwork skills, as well as an ability to withstand stressful situations. For a salaried employee, it takes an average of 46 days to earn what a chief executive makes in a single day. Finland's pandemic-era restrictions were effective and adhered to, according to health agency THL.",https://yle.fi/a/74-20210163,2.2,1
2026-02-13 10:57:47,Business,"Posti posts improved profits, but lower turnover in Q4","While sending letters by mail continues to decline, the national postal service says parcel deliveries increased. National mail company Posti reported improved profitability in the latter part of last year, though its turnover dropped. Its adjusted earnings before interest and taxes (EBIT) grew to 30 million euros in Q4, compared to nearly 22 million euros during the same quarter in 2024. But its turnover fell by 3.3 percent in the final quarter to 390 million euros. Over the entire year, Posti's turnover fell by 4.8 percent — to around 1.45 billion euros. Posti, which debuted on the stock exchange in the autumn, said its board of directors proposed a dividend of 0.84 euros per share, to be paid in two instalments. In a stock exchange release on Friday, the company's CEO, Antti Jääskeläinen, described Q4 as a success. ""In fact, our relative profitability – adjusted EBITDA [Earnings Before Interest, Taxes, Depreciation, and Amortisation] and adjusted operating profit margin – rose to their highest level in over a decade in the last quarter of the year,"" he said in the release. Posti reported that it delivered 7.8 million packages and 8.9 million holiday cards over the Christmas season. However, overall, the revenue decline was due to a roughly 20 percent drop in letter deliveries. At the same time, parcel volumes grew by more than 11 percent, due to increased popularity of consumer-to-consumer sales of second-hand goods. As life is becoming increasingly digital in nature, Jääskeläinen said he expects that sending letters in the mail will decrease even more rapidly than it already has. He said this trend will be reflected in Q1. ""Postal volumes are expected to continue declining due to digitalisation. Posti has continued to develop its delivery models for paper mail and offers digital mail solutions to support customers in their transition to digital services,"" Jääskeläinen said in the release. ""In 2026, legislation introducing the digital priority of official government letter mail will come into effect, further negatively impacting addressed letter volumes,"" he continued. According to Posti, the operating environment in the logistics sector will continue to be challenging this year. It said subdued consumer confidence and uncertainty is limiting growth in trade and industry. The intelligence agency said it's seeking creative people with good interpersonal and teamwork skills, as well as an ability to withstand stressful situations. For a salaried employee, it takes an average of 46 days to earn what a chief executive makes in a single day. Finland's pandemic-era restrictions were effective and adhered to, according to health agency THL.",https://yle.fi/a/74-20210102,2.1666666666666665,1
2026-02-12 14:59:36,Business,Grocery giant S Group reports higher profits despite consumer caution,"The S Group, which operates Prisma, Alepa and Sokos stores, saw profits rise by nearly 22 percent last year. Finland’s biggest retailer, the S Group, reported rising sales in the final quarter of last year. For the whole year, retail sales increased by 1.5 percent from the year before, totalling 14.5 billion euros. Operating profit improved by nearly 22 percent from the previous year, partly thanks to the sale of its ownership share of the Mylly shopping centre in Turku. ""The result remained at a good level despite the weak economic situation and consumer caution. Price competition was very intense,"" CEO Hannu Krook said in a press release on Thursday. In the grocery space, the group reported stronger sales of readymade meals and other ready-to-eat products, as well as fruit and vegetables, as well as increased spending on festive foods. The group invested 683 million euros on expanding its offerings in 2025. In addition to opening more locations, major investments focused on expanding online stores and the ABC chain’s electric vehicle charging network. Vehicle charging revenues rose by almost 150 percent compared with 2024. Sales at the S Group’s hotels and restaurants also rose to about 838 million euros, although ""consumer caution and higher costs continued to weigh on the sector,"" the company said. Looking forward to this year, ""the economic turnaround appears to have taken place, purchasing power is improving and inflation is expected to remain at a moderate level. It is now important to strengthen consumer confidence. It must also be kept in mind that many Finns genuinely do not have extra money to spend. It is therefore imperative to refrain from VAT increases,"" Krook urged. The intelligence agency said it's seeking creative people with good interpersonal and teamwork skills, as well as an ability to withstand stressful situations. For a salaried employee, it takes an average of 46 days to earn what a chief executive makes in a single day. Finland's pandemic-era restrictions were effective and adhered to, according to health agency THL.",https://yle.fi/a/74-20209896,3.4,1
2026-02-12 12:33:23,Business,Wolt finally hires couriers as employees – with exceptional terms,"According to a labour law expert, it is unusual for a Finnish firm not to reimburse workers for the use of their own tools. Finnish delivery firm Wolt has hired its first food couriers as employees, in accordance with a Supreme Administrative Court decision handed down last year. However, the terms of employment are exceptional by Finnish legal standards. Under the terms, Wolt couriers will only be paid for time spent actually transporting deliveries, not the time they spend awaiting orders – and they must use their own vehicles without compensation. According to labour law expert Keijo Kaivanto, Finnish firms usually either provide workers with equipment or reimburse them for the use of their own tools. In May, the Supreme Administrative Court ruled that food couriers should be considered employees rather than independent entrepreneurs. Wolt has filed an appeal, seeking to overturn that decision. Wolt's Chief Operating Officer for Northern Europe, Joel Järvinen, tells Yle that the Helsinki-based firm plans to hire 100 couriers by the end of March. The first group of about 20 employees started work in mid-January. Yle has seen a courier's employment contract, which Wolt has confirmed as genuine. Järvinen says that employees can decide on their own working hours. He explains that performance-based pay is adjusted according to factors such as the estimated time and distance required for work. Järvinen adds that courier workers must use their own vehicle and phone to do their work. ""At this point, the courier has the freedom to choose the tool. In this employment relationship, the salary is performance-based, i.e. based on completed deliveries. Since we don't have any equipment, couriers can apply for the kilometre allowance deductions in their own taxation. We do not pay separate kilometre allowances,"" Järvinen says. He adds that hiring employees is an opportunity for Wolt to try out how employment and entrepreneurship can work side by side in platform work. He says that Wolt ensures that employees receive at least 12 euros per hour of actual delivery time, but not for time spent waiting for assignments. Meanwhile, Wolt co-founder Mikko ""Miki"" Kuusi has been Finland's highest earner for the past three years, with income of more than 80 million euros last year. The intelligence agency said it's seeking creative people with good interpersonal and teamwork skills, as well as an ability to withstand stressful situations. For a salaried employee, it takes an average of 46 days to earn what a chief executive makes in a single day. Finland's pandemic-era restrictions were effective and adhered to, according to health agency THL.",https://yle.fi/a/74-20209883,3.0,1
2026-02-12 10:54:11,Business,Finland opens Europe's first lithium mine,"The long-planned project will create about 350 jobs and offers Europe’s only production chain of its kind, reducing reliance on Chinese imports. Mining firm Keliber has begun lithium mining in Kaustinen, western Finland, as Europe's first battery-grade lithium processing operation starts up in the Kokkola area. The long-planned project will create approximately 350 jobs, and offers Europe’s only production chain of its kind. On Wednesday, invited guests and reporters witnessed a historic event in bitterly cold weather as the first spodumene veins were blasted out of the rock at the Syväjärvi open pit mine in Kaustinen. These boulders will eventually produce Europe's first battery-grade lithium. The mining area sprawls across three municipalities: Kaustinen, Kokkola and Kronoby, with the Syväjärvi quarry located within Kokkola city limits. ""This is a celebration,"" said CEO Hannu Hautala. Keliber was established 25 years ago, following the discovery of the deposit by a local farmer more than 60 years ago. Lithium-ion batteries are used in mobile phones, electric toothbrushes, EVs, buses and rail transport backup power systems. In future, it is expected to be used increasingly for large industrial energy storage systems. A lack of funding threatened to derail the project several times. It was finally secured in late 2022 with an investment by the South African firm Sibanye-Stillwater. However the price of lithium has plunged since then. When Sibanye-Stillwater invested, the price was 10 times higher than last summer’s low. It has since rebounded somewhat, but remains below the five-year average. However, Hautala insists that production will now be profitable. Sibanye-Stillwater owns 80 percent of Keliber. The remaining 20 percent is held by the Finnish Minerals Group, which is wholly owned by the Finnish state. Keliber's in-house production chain is unique in Europe. Portugal has large lithium reserves but no refining, so it sells lithium as raw ore and concentrate. Serbia also has lithium deposits, but in November mining giant Rio Tinto put that project on hold. There are currently factories using lithium hydroxide in Germany, Poland and Hungary, and another is under construction in Kotka, southeast Finland. ""We’ll be the first to introduce European production, and of course it is a competitive advantage due to the shorter delivery distance compared to imports from China,"" said Hautala. Once the boulders removed from Syväjärvi have been crushed, they are transported a couple of kilometres away to the Päiväneva enrichment plant. From there, the concentrate is transported by truck to a plant in Kokkola, where it is refined into lithium hydroxide for sale to battery manufacturers. The construction of the quarry, concentrator and chemical plant, as well as the start of production, will cost approximately 800 million euros. The Päiväneva concentrator will begin operations this spring, followed by the Kokkola chemical plant towards the end of the year. In addition to the Syväjärvi open pit mine, Keliber plans to open six other mining areas in the Kaustinen, Kokkola and Kronoby areas. The main mining areas of Syväjärvi and Rapasaari alone are estimated to have enough resources to last for 18 years – and the company is still actively prospecting for new deposits. The intelligence agency said it's seeking creative people with good interpersonal and teamwork skills, as well as an ability to withstand stressful situations. For a salaried employee, it takes an average of 46 days to earn what a chief executive makes in a single day. Finland's pandemic-era restrictions were effective and adhered to, according to health agency THL.",https://yle.fi/a/74-20209826,3.5,1
2026-02-12 10:21:20,Business,Helsinki Shipyard signs icebreaker deal with US Coast Guard,"The first icebreaker will be delivered from Helsinki to the United States as early as 2028. The American shipbuilder Davie Defense, which belongs to the same group as the Helsinki Shipyard, has signed a deal with the United States Coast Guard to build five icebreakers. Yle understands that the first two vessels will be built at the Helsinki Shipyard, and the remaining three in Texas. The first icebreaker will be delivered from Helsinki to the United States as early as 2028, the shipbuilder said in a statement. The announcement comes in the wake of a similar deal, signed in December, between the US Coast Guard and Rauma Marine Constructions (RMC) to build two icebreakers at the facility on Finland's west coast. ""The confirmation of the icebreaker order for the Helsinki Shipyard is excellent news,"" Finland's Minister of Economic Affairs Sakari Puisto (Finns) wrote in a press release. ""This agreement, together with the one that was concluded with the Rauma shipyard earlier, will have a significant positive impact on the Finnish maritime industry. In international comparison, Finland’s combination of shipyards and a broad network of subcontractors and partners is quite unique,"" he added. In its own press release, Davie Defense noted that Finland’s icebreaker expertise and technical know-how will also play a central role in the ships built in the US. ""The proven excellence of Helsinki Shipyard’s icebreaking solutions, combined with world-class design and shipbuilding expertise and Pori’s steel production, enables an exceptionally fast delivery schedule,"" Mika Heiskanen, CEO of Davie’s Finnish shipyards, said. The Helsinki Shipyard is a world leader in the design and construction of icebreakers, with about half of the world’s operational icebreakers having been built at the yard. The deal signed with the US Coast Guard provides a big, and much-needed, jobs boost for the capital region. The total employment impact in Helsinki of building the vessels estimated to be around 5,000 person-years, a HR term that measures the amount of work done by one person in a year. ""This contract is already the second significant icebreaker order for Helsinki within a year and continues Finland’s long tradition as a supplier of world-class Arctic vessels,"" noted Kim Salmi, CEO of the Helsinki Shipyard. Finnish President Alexander Stubb's so-called 'golf diplomacy' — which has seen him build a close relationship with his US counterpart Donald Trump — has been credited with paving the path for the Finland-US icebreaker deal. The intelligence agency said it's seeking creative people with good interpersonal and teamwork skills, as well as an ability to withstand stressful situations. For a salaried employee, it takes an average of 46 days to earn what a chief executive makes in a single day. Finland's pandemic-era restrictions were effective and adhered to, according to health agency THL.",https://yle.fi/a/74-20209835,3.8333333333333335,1
2026-02-11 16:51:42,Business,Finnair reports best final quarter ever,"The flag carrier's comparable operating profit soared by 29%, but revenues declined on US routes. Finnair's share price soared by more than 14 percent on Wednesday after CEO Turkka Kuusisto said the company had the best final quarter in comparable history. ""Since the pandemic, we have seen that even though consumer confidence indices have been low, people still have money available. And in our view, it is being used more and more for experiences and travel,"" Kuusisto said. Based on that stronger travel demand, the company forecast higher earnings this year. Finnair's turnover only grew by about one percent, but its comparable operating profit surged by 29 percent to around 62 million euros, up from 48 million a year earlier. Demand grew briskly, especially in Asia and Europe. The company has increased flights to Japan and, according to Kuusisto, is the largest operator in European connecting traffic with 25 weekly flights. ""However, international conflicts, global political instability and the threat of trade wars cause uncertainty in the operating environment,"" the CEO said. Kuusisto pointed to North America as a softer spot. Finnair has added routes there – but revenue has decreased. However, Finnair still sees the US market as important in the long term. ""Naturally, we are following the development of this market area with particular attention,"" he said. Finnish tourism to the US fell by one quarter last year, according to the Association of Finnish Travel Industry. Due to Russia’s war of aggression in Ukraine, Finnair is not flying over Russian airspace – but a Chinese rival plans to do so. China Southern Airlines aims to fly between Beijing and Helsinki, which would give it a clear competitive advantage over Finnair. ""It is obvious that flying over Siberia saves many hours and tens of tons of kerosene. This competitive imbalance is significant. We should consider at the EU level what to do about this – especially if Russia's war of aggression in Ukraine continues,"" said Kuusisto. ""However, I personally think that there are no shortcuts when it comes to value choices,"" he added. The intelligence agency said it's seeking creative people with good interpersonal and teamwork skills, as well as an ability to withstand stressful situations. For a salaried employee, it takes an average of 46 days to earn what a chief executive makes in a single day. Finland's pandemic-era restrictions were effective and adhered to, according to health agency THL.",https://yle.fi/a/74-20209721,2.6,1
2026-02-10 16:43:12,Business,Valmet Automotive gears up to build electric buses in Finland,"Valmet Automotive's CEO says the electric bus deal is another step in advancing the firm's strategy of expanding into new industries. Valmet Automotive is planning to begin mass production of electric buses at its factory in Uusikaupunki, on Finland's west coast. Announcing the plan on Tuesday, the company said it has signed an agreement with Jeti Industries, a Finnish firm specialising in the design, development and production of electric buses and other vehicles. The agreement means that Valmet Automotive's factory in Uusikaupunki will manufacture electric city and regional buses on a contractual basis. In mid-December, Valmet Automotive announced plans to assemble military vehicles for Sisu Auto at the Uusikaupunki facility. The firm also announced plans in October to partner with Finnish defence vehicle firm Patria in manufacturing efforts. The plant underwent major redundancy talks in the autumn, after a manufacturing contract with Mercedes-Benz came to an end. Following those talks, in November the company announced that it would cut a maxiumum of 235 jobs and furlough up to 860 workers. According to Valmet Automotive's CEO, Pasi Rannus, the electric bus deal is another step in advancing the firm's strategy of expanding into new industries. ""Given our history in car manufacturing, producing zero-emission electric buses for next-generation mobility is a logical step for us and a continuation of our long-standing expertise in manufacturing electric vehicles. Jeti Industries has developed an excellent product innovation with an existing, international market. We are excited to participate in the development of novel mobility solutions and to enable the serial production of a Finnish high-tech product,"" Rannus said in a press release on Tuesday. Negotiations on the deal's final agreements are underway, the release said. The intelligence agency said it's seeking creative people with good interpersonal and teamwork skills, as well as an ability to withstand stressful situations. For a salaried employee, it takes an average of 46 days to earn what a chief executive makes in a single day. Finland's pandemic-era restrictions were effective and adhered to, according to health agency THL.",https://yle.fi/a/74-20209458,3.2,1
2026-02-10 15:40:24,Business,What to do if you bought a sofa from Asko or Sotka before bankruptcy filing,"In Finland, a consumer's options in a bankruptcy situation depend largely on how they paid for their purchase. Indoor Group, the owner of Finnish furniture retailers Asko and Sotka, filed for bankruptcy on Monday after a prolonged period of financial difficulties. The filing has left many Asko and Sotka customers wondering about their consumer rights, and whether they will get the products they paid for or their money back. According to Juha Beurling-Pomoell, Secretary General of the Consumers' Union of Finland, a consumer's options in a bankruptcy situation depend largely on how they paid for their purchase. If, for example, the payment was made by credit card and the product has not been delivered, the consumer can contact their credit card company directly and request a refund. Credit card firms can usually refund the money quickly, Beurling-Pomoell noted, whereas consumers who paid by debit card must try to claim their money back from the bankruptcy estate. ""Unfortunately, [reclaiming money from a bankruptcy estate] is usually a very long and difficult process. Consumers are generally in a relatively weak position when a company goes bankrupt,"" he said. Beurling-Pomoell added that consumers should always consider using a credit card when purchasing a product that they do not immediately receive. ""The risk then lies with the credit card company that issued the card,"" he said. People holding an unused Asko or Sotka gift card may also be left disappointed by the parent company's bankruptcy, as the estate ""has a right to refuse"" to honour the voucher. A spokesperson for the Finnish Competition and Consumer Authority meanwhile noted that while it cannot assist customers in bankruptcy situations, the authority has compiled guidelines on how consumers can take action in those kinds of situations. The intelligence agency said it's seeking creative people with good interpersonal and teamwork skills, as well as an ability to withstand stressful situations. For a salaried employee, it takes an average of 46 days to earn what a chief executive makes in a single day. Finland's pandemic-era restrictions were effective and adhered to, according to health agency THL.",https://yle.fi/a/74-20209419,2.2,1
2026-02-10 11:31:32,Business,"Flight delays, cancellations top Finns' list of complaints to European Consumer Centre","The European Consumer Centre (ECC) helps people with problems related to cross-border trade. The European Consumer Centre (ECC) saw a nine-percent increase in the number of complaints from consumers in Finland last year compared to 2024. The ECC is a network of 29 independent, national offices that aims to help consumers with problems related to cross-border trade. It is funded by the European Commission as well as by member governments. In a press release, the centre noted that the most common complaint it received from people in Finland last year related to flights. In total, it received some 2,748 contacts from Finnish consumers, of which one in five were related to air travel — usually in connection with flight cancellations or delays. The next most-complained-about category was online services, with the centre handling complaints about, for example, consumers receiving invoices they were not expecting in relation to health assessments or CV services. Nearly 850 cases, of the overall total, proceeded to mediation — a 17 percent increase on the figure for 2024. Of the mediation cases concerning Finnish consumers that were completed in 2025, the ECC noted that 51 percent ended in full settlements and five percent in partial settlements. ""In 30 percent of the cases, no resolution was reached, because the trader did not accept the consumer's claim, did not respond to the request for a reply, or could not be reached,"" the centre said, adding that a further four percent of cases were settled independently. The intelligence agency said it's seeking creative people with good interpersonal and teamwork skills, as well as an ability to withstand stressful situations. For a salaried employee, it takes an average of 46 days to earn what a chief executive makes in a single day. Finland's pandemic-era restrictions were effective and adhered to, according to health agency THL.",https://yle.fi/a/74-20209352,2.25,1
2026-02-10 10:42:44,Business,Electric shock risk prompts Ikea to recall some Nymåne lamps,"The furniture retailer has warned customers to stop using the affected lamps immediately — and to tell others about the recall if they have given away or sold the items. Swedish home furnishing giant Ikea has warned customers to stop using some of its Nymåne-branded light fixtures, due to the risk of electrical shock. The company advised people who own the affected models to stop using them and to contact Ikea's customer service department. The shock risk was caused by a manufacturing error, according to the company. The recall affects the following models, if they have manufacturing dates (numbers shown in week-year format) from: 2217 to 2520 — with a supplier ID number of 23241: The lamp fixtures manufactured before or after the affected period — or ones with a different ID number — are not subject to the recall, Ikea said. The date stamp on the wall and reading lamp are on a sticker inside the lamp shade visible when there is no bulb in the unit. In the double wall lamp, the date stamp and supplier ID number can be found on stickers on the back of the fixture. Ikea also encouraged customers to warn others about the recall, especially if they have gifted, sold or loaned the items. The intelligence agency said it's seeking creative people with good interpersonal and teamwork skills, as well as an ability to withstand stressful situations. For a salaried employee, it takes an average of 46 days to earn what a chief executive makes in a single day. Finland's pandemic-era restrictions were effective and adhered to, according to health agency THL.",https://yle.fi/a/74-20209329,1.5,1
2026-02-09 16:47:36,Business,Finnish retailers raise price of plastic bags to discourage use,"The use of plastic bags decreased last year, the S and K groups report. Finland’s two biggest retail chains, the S and K stores, are raising the price of plastic bags to 50 cents this month. The aim of the price increase is to reduce the use of plastic bags. Previously, a plastic bag cost 35 euros at a K-Citymarket, for example. Both grocery chains say that people bought fewer plastic bags last year. Now only about 20 percent of shoppers buy a plastic bag on a typical visit. Both major retailers raised the price of plastic bags last spring, after which their sales clearly decreased. The use of plastic bags decreased by almost 10 percent last year, the S group says. Correspondingly, demand for paper bags has grown strongly. Since the price of plastic bags rose in the spring, sales of paper at S and K stores rose by almost 50 percent from a year earlier. The EU's target is that each consumer should buy no more than 40 plastic bags per year. There is still some way to go to achieve that goal in Finland, where the average resident still buys around 60 plastic bags annually. According to the EU, lightweight plastic carrier bags with a thickness of less than 50 microns are among the top 10 littered items in Europe. It points out that while they are often only used once, they take centuries to fully degrade in the natural environment. Before that, they are frequently ingested by animals or break up into microplastics. Either way, they end up in the human and animal food chain. According to a recent study by the Finnish Environment Institute (Syke), re-using ordinary plastic bags may be a better alternative than using so-called biodegradable plastic ones. The intelligence agency said it's seeking creative people with good interpersonal and teamwork skills, as well as an ability to withstand stressful situations. For a salaried employee, it takes an average of 46 days to earn what a chief executive makes in a single day. Finland's pandemic-era restrictions were effective and adhered to, according to health agency THL.",https://yle.fi/a/74-20209212,2.5,1
2026-02-09 12:40:00,Business,Finnwatch calls out private healthcare firms' tax planning,"The NGO's review included Mehiläinen, Terveystalo, Attendo, Pihlajalinna, Coronaria and Esperi Care. Finnish healthcare firms dodge taxes using a variety of methods, according to a report by Finnwatch, a group focusing on corporate social responsibility. A common tactic for them is to purchase medical services through doctors' own companies, converting wages into more lightly taxed dividends. The NGO's review included Mehiläinen, Terveystalo, Attendo, Pihlajalinna, Coronaria and Esperi Care. While private Finnish healthcare companies have steered clear of aggressive international tax planning, they do reduce their tax bills by using employee funds and converting earned income into dividend payouts. Twenty percent of any withdrawal from an employee fund is tax-free. According to Tero Määttä at the Finnish Tax Administration, this reduces tax revenue, but even so, the companies are complying with the law. Finnwatch noted these firms often purchase physicians' services through the doctors' own limited companies, thereby reducing personal taxation Määttä noted that such arrangements are nothing new. According to Finnwatch, highly paid doctors can sharply reduce their tax rate by invoicing their work through a limited company. The tax office did not comment on any moral dimension or on whether the actions of the healthcare giants are fair from the perspective of lower-paid healthcare staff. Yle News' All Points North podcast asked if private health insurance has become necessary in Finland today. The intelligence agency said it's seeking creative people with good interpersonal and teamwork skills, as well as an ability to withstand stressful situations. For a salaried employee, it takes an average of 46 days to earn what a chief executive makes in a single day. Finland's pandemic-era restrictions were effective and adhered to, according to health agency THL.",https://yle.fi/a/74-20209129,1.75,1
2026-02-09 09:21:44,Business,"Monday's papers: Cold snap chills spot prices, quenching AI's thirst, and selfish Europeans","Helsingin Sanomat explains why spot electricity isn't always cheaper. Cold weather and low winds have pushed spot electricity prices sharply higher this year, briefly topping 80 cents per kilowatt-hour on 3 February. At more than twice their recent average, such prices have favoured households on fixed-rate contracts over those exposed to the market, Helsingin Sanomat explains. The paper compared electricity bills in three households under spot-priced contracts and fixed-rate contracts. Last year, spot pricing proved cheaper in every case, according to HS. However, in early 2026, fixed-rate contracts gained the upper hand, as elevated wholesale prices punished those exposed to the market. Customers on spot contracts say they try to use power when it's cheapest, but that isn't always practical. In households with kids, such optimisation has turned out to be easier promised than practised, according to HS. The data centres that power today's AI services consume vast quantities of water for cooling. That poses a growing threat in regions already short of it. In parts of the United States and Latin America, these facilities now compete directly with residents for drinking water. Finland, by contrast, is swimming against the current, reports Hufvudstadsbladet. Although water is plentiful here, Finnish data centres are designed to minimise its use. At Telia's data centre in Pitäjänmäki, much of the excess heat is fed into the district heating network rather than cooled with drinking water. ""Finland is undoubtedly one of the best places to build data centres, and they are constructed far more sustainably here,"" Erkki Mervaala, a researcher at the Finnish Environment Institute (Syke), told HBL. ""That does not, however, eliminate all the problems associated with them."" Kauppalehti suggests that barriers within the EU's single market inflict far greater economic damage than any tariffs imposed on the bloc by outside countries. EU leaders meet this week to shore up the single market in a fraught geopolitical and economic landscape. A fresh report on the bloc’s internal market offers an unflattering picture. Europe is falling behind just as America and China accelerate their economic lead on almost every measure. Trade in goods between member states accounted for 23.5 percent of GDP in 2023. By 2024, that share had slipped to 22 percent. The real question, according to KL, is whether Europe's largest countries — chiefly Germany — are prepared to surrender national interests that stand in the way of the continent’s industrial renewal. The intelligence agency said it's seeking creative people with good interpersonal and teamwork skills, as well as an ability to withstand stressful situations. For a salaried employee, it takes an average of 46 days to earn what a chief executive makes in a single day. Finland's pandemic-era restrictions were effective and adhered to, according to health agency THL.",https://yle.fi/a/74-20209068,2.5,1
2026-02-07 11:23:23,Business,Economic strain pushes more Finns towards charity,"Financial strain is increasingly affecting a broader segment of the population. Food banks in Finland are seeing a new kind of visitor: people who own their homes, drive cars and hold down jobs. According to the Church Resources Agency (Kirkkopalvelut), the number of people seeking church-run charitable assistance rose by 40 percent last year. Anita Salonen, a diaconal expert at the Church Council, said demand for economic assistance has risen markedly since changes to the social security system came into force at the start of 2024. The distribution of food aid by the Church's diaconal services increased most sharply at the end of last year. Last December, diaconal organisations handed out more than 40,000 food parcels — twice as many as in December 2024. A new development is that food aid is increasingly being sought by people who own their homes, drive cars and hold down jobs. Many have struggled for a long time to keep up with loan repayments before turning, often reluctantly, to charitable help. ""There are working families, working people living alone, and then those who have been reliant on social benefits for a longer period. The number of new clients is rising steadily. It's a trend seen across Finland,"" said Mari Kulmala of the Savonlinna Evangelical-Lutheran Parish. Kulmala said she believes that people are increasingly aware of the assistance offered by church-run services. When individuals share their financial difficulties on social media, others are quick to advise them to seek help from their local parish. Alongside the Church's diaconal work, financial aid and food assistance are also provided by organisations such as the Finnish Red Cross, Hope and a range of other charities. The intelligence agency said it's seeking creative people with good interpersonal and teamwork skills, as well as an ability to withstand stressful situations. For a salaried employee, it takes an average of 46 days to earn what a chief executive makes in a single day. Finland's pandemic-era restrictions were effective and adhered to, according to health agency THL.",https://yle.fi/a/74-20208896,2.6,1
2026-02-25 12:23:36,Economy,Left Alliance rejects plan to cut €8-11bn during next government's term,"The agreement requires the next government to make billions of euros in cuts and tax, regardless of its political composition. All but one of the parties in the Finnish Parliament have agreed on calculations for how much public finances must be tightened during the next four-year legislative term, beginning in 2027. The parliamentary groups have committed to a general framework of 8–11 billion euros in adjustments, to be made through an unspecified combination of spending cuts and increases in revenue, i.e. tax hikes. The plan, dubbed 'the debt brake' was published by a multiparty working group on Wednesday. The opposition Left Alliance was the only party not to sign on to the deal. ""All of the parliamentary groups, except one, were able to commit to common goals,"" the group’s chair, MP Ville Valkonen (NCP), said on Wednesday. The adjustment measures aim to reduce the state and local government deficit to 2–2.5 percent of GDP by 2031. According to a Finance Ministry forecast, next year's public finance shortfall will be around 4.5 percent. The Left Alliance filed a dissenting opinion, arguing that it does not make sense to set a common goal before next spring's elections. ""The goal is to unnecessarily limit the room for manoeuvre,"" said MP Hanna Sarkkinen (Left). She said that the Left would be prepared to accept a deficit target of 2–3 percent and the adjustments demanded by the European Commission late last year. The party plans to announce its own adjustment targets before the parliamentary elections. MP Joona Räsänen of the main opposition Social Democratic Party – which polls suggest could well lead the next government – told Yle that he does not understand the Left Alliance's position. ""It seems that they just don't want to admit what their commitment means and tell people about it before the elections,"" Räsänen said. According to Sarkkinen, opting out of the adjustment target will not automatically sideline the Left Alliance in the upcoming government negotiations. Räsänen also declined to take a direct stance on the Left Alliance's prospects as a government partner. The two parties have often been in coalitions together. The working group's report does not go into detail on how the adjustments should be implemented. It merely states that adjustments should be carried out in a way that hinders economic growth and sustainable social development as little as possible. Markus Lohi of the opposition Centre Party called on the current government to abandon its plan to reduce corporate tax by two percentage points. The SDP has also proposed cancelling the corporate tax decision and demanded that the current government implement the 1.4 billion euro savings next year. The need for adjustment in the upcoming legislative term may be significantly steeper than the working group's proposal calls for if the EU does not grant Finland additional time and requires it to reimpose spending discipline within four years instead of seven years. Finland's adjustment needs in the coming years are primarily determined by the EU's deficit procedure. The deficit target for 2031 set by the working group is only about 0.1 percentage points tighter than the figure currently required by the EU. Valkonen's working group is to agree on a specific estimate of the needed adjustments by December. Advance voting for the next Parliament begins on 7 April 2027. The intelligence agency said it's seeking creative people with good interpersonal and teamwork skills, as well as an ability to withstand stressful situations. For a salaried employee, it takes an average of 46 days to earn what a chief executive makes in a single day. Finland's pandemic-era restrictions were effective and adhered to, according to health agency THL.",https://yle.fi/a/74-20212238,1.875,1
2026-02-20 11:14:56,Economy,Finland's job vacancies down by half since 2022,"The number of vacancies listed during Q4 was the lowest quarterly figure since 2016, Statistics Finland reports. The number of open job vacancies in Finland dropped sharply last year, according to figures published on Friday by Statistics Finland. There were a total of 34,100 open positions last year, which represents a 22 percent decrease on the figure for 2024 (43,700). In addition, the agency's senior statistician Matti Lahdenmäki noted in a press release that the tally for 2025 is down by half compared to 2022. Last year was an especially difficult year for Finland's jobseekers, as the country ended the year with the worst unemployment rate in the EU. The number-crunching agency's data now reveals that there were only about 22,700 open positions available in Q4 of last year, which is down 31 percent year-on-year, and the lowest quarterly figure registered since 2016. The decline particularly hit part-time positions, which had fallen by half compared to the same period of 2024. Regionally, Western Finland saw the largest drop in job vacancies, which were down by 34 percent year-on-year. The change in the Helsinki region was less severe, with 17 percent fewer positions. Among the different industries, the construction sector has been hardest-hit by the downturn — with open positions in construction down by 47 percent year-on-year and now standing at one-third of the level in 2022. An Yle investigation last year revealed that the same position is often posted multiple times, artificially inflating the number of open positions. The intelligence agency said it's seeking creative people with good interpersonal and teamwork skills, as well as an ability to withstand stressful situations. For a salaried employee, it takes an average of 46 days to earn what a chief executive makes in a single day. Finland's pandemic-era restrictions were effective and adhered to, according to health agency THL.",https://yle.fi/a/74-20211450,2.0,1
2026-02-13 14:32:17,Economy,People are retiring later in Finland – and the change has been faster than expected,"The average retirement age last year was 63.2, according to the Finnish Centre for Pensions (ETK). Over the past decade and a half, Finnish governments have sought to encourage people to remain in the workforce longer – and now that long-term goal has been achieved ahead of schedule. The retirement age has risen faster than targeted, while the employment rate of older people has continued to rise. In 2009, the government agreed with labour market organisations that the average retirement age should be raised from 59.4 years to at least 62.4 years. They agreed to reach that target by 2025 at the latest. The goal was surpassed last year, with workers in Finland retiring at an average age of 63.2, almost a year later than originally expected. The positive development strengthens the financing of earnings-related pension security and the tax revenues of the state and municipalities, says Mikko Kautto, CEO of the Finnish Centre for Pensions (ETK). In a press release, he attributed the development to several changes in pension rules, including the abolition of the unemployment pension, delayed retirement and raising the retirement age for old-age pensions. Meanwhile changes in working life and improvements in educational levels and work ability have reduced the number of people taking disability pensions. Kautto points out that people receive higher pensions if they delay retirement and work longer. Jari Kannisto, Development Manager at ETK, says that the employment rate of people over 60 has increased significantly since the 2017 pension reform. ""Raising the retirement age has had a significant impact on the number of older workers. It has increased by almost 100,000 over the past decade,"" he said on Friday. Employment among older people continued to rise last year, even though employment among the entire population declined. ""In the future, an increasingly important labour reserve will be formed by people over the age of 65. In a country with an aging population, more and more of them are already participating in working life,"" Kannisto said. The target of raising the retirement age was set by the Centre-led Matti Vanhanen government in 2009. This goal was reiterated by the government of Jyrki Katainen (NCP) in 2013 and in the 2017 pension reform. The intelligence agency said it's seeking creative people with good interpersonal and teamwork skills, as well as an ability to withstand stressful situations. For a salaried employee, it takes an average of 46 days to earn what a chief executive makes in a single day. Finland's pandemic-era restrictions were effective and adhered to, according to health agency THL.",https://yle.fi/a/74-20210157,3.5,1
2026-02-08 15:27:19,Economy,Centre Party calls for restoration of home maintenance tax credit,"The opposition party's leader has criticised the tax credit reforms as one of the government's most short-sighted decisions. According to the leader of the opposition Centre Party, Antti Kaikkonen, Finland needs to restore a tax break for household maintenance costs to its original form. Last year, Prime Minister Petteri Orpo's (NCP) government reformed the tax credit arrangement, reducing its maximum amount, while increasing its non-deductible share. Taxpayers can receive the credit for things like home renovations, child care and cleaning work that is carried out by hired help. Among other things, Kaikkonen said the reform has particularly hurt small entrepreneurs and worsened unemployment. In a press release, he characterised the move as one of the government's most short-sighted decisions. Kaikkonen said that restoring the household maintenance tax break to their original form would be a quick way to support small businesses and promote employment. However, the party did not specify how such a move would be financed. In early 2021, a study by the Institute for Economic Research (VATT) and the Labour Institute for Economic Research (PT) found that the tax credit was not working as intended and disproportionately benefiting high-income earners. The intelligence agency said it's seeking creative people with good interpersonal and teamwork skills, as well as an ability to withstand stressful situations. For a salaried employee, it takes an average of 46 days to earn what a chief executive makes in a single day. Finland's pandemic-era restrictions were effective and adhered to, according to health agency THL.",https://yle.fi/a/74-20208997,3.0,1
2026-02-06 09:12:28,Economy,"Friday's papers: Nuclear deterrence, an exploding ship, and going for gold","Even as gold retreats from record highs, Finns continue cashing in on the precious metal. In an interview with Helsingin Sanomat, EU foreign policy chief Kaja Kallas said Europe should begin a discussion about developing its own nuclear deterrent. She argued that nuclear deterrence could feature in future debates, given the current security environment and the reality that nuclear weapons remain the only effective deterrent. At the same time, HS noted, Kallas spoke cautiously and stressed the risks associated with nuclear proliferation. Within Europe, only France and Britain have nuclear weapons, while several countries are bound by treaties aimed at limiting their spread. Kallas, a former Estonian prime minister, was in Finland on Thursday. An explosion struck a cargo ship, MSC Giada III bound for St Petersburg in the Gulf of Finland on Wednesday, reports Ilta-Sanomat, citing The Moscow Times and the investigative site Insider. The Liberian-flagged vessel was travelling from Antwerp to St Petersburg and carried a crew of 22. The captain is Russian, while the rest of the crew are from Myanmar. Vans touring Finland to buy scrap gold are an increasingly common sight, even in small towns. Markus Rasimus, Lapland regional manager at Suomen Kultareservi, told Maaseudun Tulevaisuus that supplies show little sign of drying up, with sellers offering up everything from dental gold to bullion. Gold prices, which have risen steadily, briefly hit a record $5,600 an ounce last Thursday before falling 12 percent the following day. Typical sellers are women over 50, though younger people — often cashing in inherited jewellery — are also active. Individual transactions now commonly fetch 1,500–3,000 euros, as fewer young Finns choose to wear gold jewellery, preferring the cash instead. Correction 20.2.2026 at 9.55am: The article previously stated that the MSC Giada III is part of Russia's shadow fleet, citing Ilta-Sanomat and Ukrainian media outlet United24. The article has now been updated to remove this reference. The intelligence agency said it's seeking creative people with good interpersonal and teamwork skills, as well as an ability to withstand stressful situations. For a salaried employee, it takes an average of 46 days to earn what a chief executive makes in a single day. Finland's pandemic-era restrictions were effective and adhered to, according to health agency THL.",https://yle.fi/a/74-20208675,2.6,1
2026-02-05 13:40:44,Economy,Finland's exports grow by 3% in 2025,"The value of last year's exports reached more than 74 billion euros. The value of Finland's exports grew by three percent last year, amounting to a total of around 74.3 billion euros, according to Finnish Customs' preliminary data. The year saw growth in exports outside the EU. Meanwhile, exports to European countries were roughly at the same level seen in 2024, accounting for just over 56 percent of exports. ""The development of exports to countries outside the EU is particularly pleasing, with an increase of 7.3 percent. Finland is still an island in terms of foreign trade, as 95 percent of it is carried out by sea,"" Finnish Customs' statistics chief Olli-Pekka Penttilä said in a press release on Thursday. In monetary terms, last year's sea exports amounted to 82.5 percent of all exports, which was a slight decrease compared to 2024. There was a larger share of sea-carried imports compared to exports, the agency said. Finland's exports to the Middle East saw significant growth, particularly to the United Arab Emirates, Saudi Arabia and Israel. Customs said that exports to the United States also grew, mostly due to the delivery of a large cruise ship. There was also export growth to a number of South American countries. Regarding Europe, Finland saw growth in exports to Switzerland, the UK and Norway. Finland's biggest export markets in 2025 included Sweden, the US and Germany, with those countries accounting for nearly one third of all Finnish exports that year. Year-on-year exports to Germany declined last year, making the US Finland's second-largest export market, according to the agency. The intelligence agency said it's seeking creative people with good interpersonal and teamwork skills, as well as an ability to withstand stressful situations. For a salaried employee, it takes an average of 46 days to earn what a chief executive makes in a single day. Finland's pandemic-era restrictions were effective and adhered to, according to health agency THL.",https://yle.fi/a/74-20208530,2.5,1
2026-02-04 16:19:49,Economy,Posti announces 121 redundancies following restructuring talks,"Over 170 jobs were initially on the line, but some employees were able to find other positions within the company. Finland's national mail carrier Posti has announced the conclusion of restructuring negotiations, with the firm set to make 121 workers redundant. In a press release, Posti noted that 172 jobs had been on the line when the talks started at the beginning of January, but some employees were able to find other positions within the company — reducing the number of redundancies. When announcing the launch of restructuring talks, Posti said that job cuts would be necessary as the firm adapts to changes ""driven by the overall transformation of the postal market"". ""Customer needs and the broader societal operating environment are changing and evolving faster than before. This requires us to renew our operations,"" Production Director Mikko Hoikkala said. In addition to the redundancies, Posti also announced in January that it will also close its own stores in three locations in Helsinki, as well as in Espoo and Jyväskylä. The services of these five Posti-owned stores will be transferred to partner companies. Posti currently employs about 15,000 people. The intelligence agency said it's seeking creative people with good interpersonal and teamwork skills, as well as an ability to withstand stressful situations. For a salaried employee, it takes an average of 46 days to earn what a chief executive makes in a single day. Finland's pandemic-era restrictions were effective and adhered to, according to health agency THL.",https://yle.fi/a/74-20208365,3.0,1
2026-02-04 09:58:34,Economy,Finland's inflation rate growth slows significantly in January,"There was a slight increase in the prices of food and alcohol last month, but almost all other price categories were stable. The year-on-year change in consumer prices stood at 1.0 percent in January 2026, according to figures published by Statistics Finland on Wednesday. This is down from the 1.7 percent inflation rate seen in December. The slight rise in prices was driven in particular by an 11-percent increase in education services. Food prices were also up, by two percent, as well as alcoholic beverages and tobacco, by just over three percent. However, these increases were mitigated by stabilised prices in sectors such as transportation, health, and housing. The Harmonised Index of Consumer Prices (HICP), which is compiled by Statistics Finland, allows for comparisons between EU member states. The index however does not include certain price categories, such as mortgage interest rates. Therefore, the recent decrease in mortgage interest rates Finland has seen does not affect the inflation measured according to EU rules. The intelligence agency said it's seeking creative people with good interpersonal and teamwork skills, as well as an ability to withstand stressful situations. For a salaried employee, it takes an average of 46 days to earn what a chief executive makes in a single day. Finland's pandemic-era restrictions were effective and adhered to, according to health agency THL.",https://yle.fi/a/74-20208223,2.6666666666666665,1
2026-02-03 14:47:06,Economy,More people in Finland aim to delay retirement,"With older workers now staying healthier, the average planned retirement age has risen faster than the minimum pension age, a new survey reveals. Increasing numbers of workers in Finland are planning to retire later, according to a study published on Tuesday by the Finnish Centre for Pensions. In 2023, workers over age 50 said they planned to retire at an average age of 65 years and five months. That was 10 months later than in the previous poll, conducted in 2018. During the intervening time period, Finland has raised the minimum retirement age by about seven months. According to Satu Nivalainen, an economist at the Finnish Centre for Pensions, it is good news for the financial sustainability of the pension system if the intended retirement age outpaces the minimum retirement age. Previous research indicates that retirement intentions predict actual retirement age quite reliably. Nivalainen noted that two factors explain why Finns want to continue working after their minimum retirement age. ""People who are approaching retirement age are increasingly healthier. They’re also more educated than before,"" she told Yle. More workers would postpone their retirement if their employers were more supportive, the poll suggests. Only a third of those approaching retirement age said that they see their workplace as supportive of older workers. Nivalainen points out that around the turn of the millennium, only about 10 percent of the workforce was over 55. Today, the corresponding figure is almost a quarter. She also notes a growing trend of older workers who would like to reduce their working hours before reaching pension age. Nivalainen urges such people to discuss this with their employers well in advance – and for employers to listen more closely to workers’ wishes. The pension centre's report is based on data from a Statistics Finland survey that is conducted every five years, in which the agency asks respondents aged 50 or over about their retirement plans. The intelligence agency said it's seeking creative people with good interpersonal and teamwork skills, as well as an ability to withstand stressful situations. For a salaried employee, it takes an average of 46 days to earn what a chief executive makes in a single day. Finland's pandemic-era restrictions were effective and adhered to, according to health agency THL.",https://yle.fi/a/74-20208044,3.0,1
2026-02-19 09:32:17,Society,"Thursday's papers: Finns Party minister switch, gender-free dressing room plans, and electricity prices spike again","""If it happens, I might not swim here anymore,"" a frequent user of the public pool in Lohja told Hufvudstadsbladet about the gender-neutral changing room plans. About a week ago, Finland's Minister of Social Affairs and Health Kaisa Juuso (Finns) unexpectedly resigned from her post. When announcing the news, Finns Party's chair Riikka Purra told reporters that Juuso would also be going on sick leave. Later, Juuso said on social media that her work at the health ministry had been trying. On Wednesday evening Purra revealed the party's pick to replace Juuso as successor as social affairs and health minister: Wille Rydman, who has been serving as economic affairs and employment minister. Many news outlets, including paper Helsingin Sanomat, reported that the Finns Party's parliamentary group and party made the decision at a meeting ahead of the announcement. ""Wille Rydman has proven to have perservered through difficulty, and there will undoubtedly be more [difficulty] in this position,"" Purra said at a press conference. HS noted that his party considers Rydman to be a ""skilled and broad-minded"" politician. However, during more than a decade in parliament, he has never served on the Social Affairs and Health Committee. The ""difficulty"" Purra referred to, according to HS, is imminent. The government plans to decide on more than 200 million euros in savings within the social affairs and health care sector as it hammers out a slimmed-down budget this spring. Therefore, the paper noted, Rydman ""has a lot to do right away"". But Rydman, 40, pushed back on suggestions of inexperience. At the press conference, he noted that he has dealt with major social and health reforms while serving on Parliament's Constitutional Law Committee. A number of years ago, Rydman endured scrutiny after Helsingin Sanomat reported about allegatiions suggesting he used his political position to harass young women when he was still a member of the National Coalition Party. But police found no such evidence, and the prosecutor dropped the case. On Thursday, HS reported that Rydman also survived two votes of confidence, in 2023 and 2024. In 2023, Rydman announced that he was leaving the NCP to run in the parliamentary elections as a Finns Party candidate in Helsinki. Swedish-language daily Hufvudstadsbladet (HBL) reports about a public swimming hall that's planning to unify its dressing rooms into a gender-free space for use by everyone. The Neidonkeidas recreational swimming hall, in the southern municipality of Lohja, already permits bathers to use the sauna while in their swimsuits — a practice that is usually banned at public facilities on sanitation grounds. Jukka Vienonen, the managing director of Lohjan Liikuntakeskus, the company that manages the pool, told HBL that it is a question of inclusivity. He said that when kids start reaching their teenage years, they often stop coming to the swimming hall. ""This is a problem. We want young people to exercise and move around, but then they would have to want to come to the gym. We have asked young people — and the answer is that they don't want to be naked with others,"" Vienonen explained. Vienonen acknowledged that the issue is divisive, but for him, it's all a question of accessibility. The paper noted that the unisex changing facilities will not be an open space where everyone will be exposed. Instead, it would feature private shower stalls and changing spaces. ""The poor man's version would be shower curtains, but an optimal solution is spacious, lockable shower cabins where you can wash yourself properly in peace and quiet,"" he explained. But not everyone is pleased about the plans for a gender-free dressing room, according to the paper, and they have caused a good deal of conversation on social media as well. HBL also spoke with a regular user of the facility, Helena Tapiola. ""If it happens, I might not swim here anymore,"" she told the paper. Electricity spot prices spiked to nearly 60 cents per kilowatt-hour (kWh) on Thursday morning, Iltalehti reported. The VAT-inclusive price hit a peak of 59.90 cents/kWh at 9:15am on Thursday, a near-record high for this year. On 1 February, the spot price hit 61.20 cents/kWh, the paper explained. Grid operator Fingrid's unit manager Maarit Uusitalo told Iltalehti that electricity prices are high across Northern Europe, including in the Nordics and the Baltics. ""Presumably the increased price of electricity on the exchange is again related to the colder weather. In addition, wind power forecasts show that wind power has declined,"" Uusitalo told the paper. For comparison, IL noted that the average price for electricity in January was nearly 15 cents/kWh, while in December it stood at about 4.5 cents/kWh. Over the two months before that, the average price was just over six cents per kilowatt-hour. The intelligence agency said it's seeking creative people with good interpersonal and teamwork skills, as well as an ability to withstand stressful situations. For a salaried employee, it takes an average of 46 days to earn what a chief executive makes in a single day. Finland's pandemic-era restrictions were effective and adhered to, according to health agency THL.",https://yle.fi/a/74-20211189,2.090909090909091,1
2026-02-18 15:58:23,Society,Estonia: Nato would strike 'deep inside Russia' if Putin hits Baltics,"Russia is reinforcing its western frontier, including its border with Finland. Speaking to UK newspaper The Telegraph, Estonian Foreign Minister Margus Tsahkna said the Baltic states would repel any invasion by Moscow and then launch a devastating counter-attack on Russia. Tsahkna told The Telegraph that Nato will launch strikes deep inside Russia if it dares to invade the Baltic states. ""We know exactly what to do,"" Tsahkna told the newspaper. Article 5, Nato's mutual defence clause, outlines that an attack on one alliance member is considered an attack on all of its members. The paper noted that the Baltic states have massively increased their defence spending. ""This is our plan because there is no other plan. We cannot let Russia into the Baltic States and [only] then fight back,"" the Estonian minister said. Russia has stepped up its military buildup along its western frontier, including the border facing Finland. The Baltic states have responded to the growing threat from Russia by raising defence spending to five to six percent of GDP. The intelligence agency said it's seeking creative people with good interpersonal and teamwork skills, as well as an ability to withstand stressful situations. For a salaried employee, it takes an average of 46 days to earn what a chief executive makes in a single day. Finland's pandemic-era restrictions were effective and adhered to, according to health agency THL.",https://yle.fi/a/74-20211059,2.3333333333333335,1
2026-02-18 11:57:13,Society,Flu season in 8th week — with no end in sight,"Influenza season started ahead of Christmas and was expected to peak at the beginning of the year. But that didn't happen. This winter's influenza season has lasted longer than usual, according to Asko Järvinen, chief physician at HUS, the Helsinki and Uusimaa Hospital District. He said the flu season has continued for eight weeks now and that there is no end in sight, as case numbers of the upper respiratory illness are still high. ""The season started before Christmas and it was expected that the peak would have been around the turn of the year, but case numbers are continuing at the same rate,"" Järvinen told Yle on Wednesday morning. The flu variant currently circulating around Finland has changed to such an extent that it has also infected people who were vaccinated, according to Hanna Nohynek, chief physician at the Institute for Health and Welfare (THL). The problem, she explained, is that the virus is always six months ahead of the vaccines. ""The World Health Organization tells us which viruses should be represented in the vaccine, but the virus mutates all the time. The evolution is so rapid, and in this case too, the virus has somehow evaded the immunity provided by the vaccine,"" she said. Nohynek also suggested that the vaccines could be made more effective. ""Perhaps stronger vaccines, with four times the amount of [the active ingredient], would offer better protection,"" she said. Such possibilities are being studied, but she said another consideration is what that would cost. ""THL needs to conduct a cost-effectiveness assessment of these, examining what kind of benefits can be obtained — in relation to the financial input that has to be made in vaccine procurement,"" Nohynek said. However, the current flu vaccine does provide partial protection, and getting the jab is a better option than not, she explained. HUS' Järvinen noted that in addition to influenza, various digestive tract illnesses are also rampant in Finland — including norovirus. ""[Such cases] are especially being seen in young children and to some extent also at elder care homes, where they can cause epidemics,"" Järvinen said. Notably, there was a recent outbreak of norovirus among members of the Finnish women's ice hockey team at the Olympics. Norovirus is extremely contagious, with symptoms including vomiting, diarrhoea, cramping abdominal pain, as well as fever. Järvinen said that in addition to those, there are the ""usual 200 or so"" respiratory viruses, and they are active to some extent at this time of year. ""So, yes there will still be a period of illness like this,"" he said. He said that Covid cases still continue, but the actual number is unknown as authorities no longer carry out coronavirus tests as they did during the pandemic. The Covid situation is calm, but it still can be encountered in Finland, as well as abroad, according to Järvinen. He said there are always a few patients at HUS hospitals with Covid infections, but they are rarely in the hospital because of the illness itself. According to Järvinen, due to past Covid vaccinations and infections, the illness no longer poses a serious threat to otherwise healthy people, unlike it was in the past. But, Covid infections can still cause severe symptoms in some people. ""However, for someone with many risk factors, advanced age or serious illnesses, it can be life-threatening,"" Järvinen said. The intelligence agency said it's seeking creative people with good interpersonal and teamwork skills, as well as an ability to withstand stressful situations. For a salaried employee, it takes an average of 46 days to earn what a chief executive makes in a single day. Finland's pandemic-era restrictions were effective and adhered to, according to health agency THL.",https://yle.fi/a/74-20210977,2.875,1
2026-02-17 16:09:58,Society,Finland moves to tighten Kela's home care allowance for newcomers,"The law proposal still needs approval by the legislature. Prime Minister Petteri Orpo's (NCP) coaltion government has reached an agreement on restricting Kela's home care allowances for immigrants. As first reported on Tuesday by newspaper Iltalehti, the benefit would no longer be paid to a child's guardian who has lived in Finland for less than three years after the guardian turned 16. The restriction would apply only to the parent who has migrated. The three-year residency requirement could also be met through residence in an EU or European Economic Area country, or in Switzerland. Earlier plans were more stringent, requiring both parents to have lived in Finland or elsewhere in the EU or EEA for at least three years. That proposal drew criticism for potentially breaching the principle of equal treatment, not least by excluding some Finnish citizens from the benefit based on their family circumstances. The proposal is now out for consultation, before heading to parliament later in the spring. The intelligence agency said it's seeking creative people with good interpersonal and teamwork skills, as well as an ability to withstand stressful situations. For a salaried employee, it takes an average of 46 days to earn what a chief executive makes in a single day. Finland's pandemic-era restrictions were effective and adhered to, according to health agency THL.",https://yle.fi/a/74-20210817,2.6666666666666665,1
2026-02-17 12:38:08,Society,Purra wants immigrants to work for benefits,"With election season approaching, Yle's political correspondent Marica Paukkeri says politicians' statements should be treated with caution. In recent days, Finance Minister Riikka Purra's (Finns) comments about tying immigrants' social benefits to free labour have been making the rounds in the Finnish media. ""In Denmark, social welfare — especially last-resort support — is tied to a 37.5-hour weekly work requirement,"" Purra told Finns Party publication Suomen Uutiset. ""The obligation applies especially to foreigners and involves simple tasks, such as cleaning or gathering twigs, which do not displace any actual jobs,"" she added. Yle political journalist Marica Paukkeri noted that Finns Party leader Purra's comments come as parties start gearing up for the next general elections, which are now a year away. Across social media, Purra's remarks have been interpreted as downplaying the work of cleaners. The criticism has been echoed by the main opposition party, the Social Democrats (SDP). According to Paukkeri, the core message of Purra's remarks — making unpaid labour a condition for receiving social benefits — should be understood primarily as a signal to her own supporters and as campaign rhetoric. That said, the government is pressing ahead with tightening social welfare rules that will affect immigrants, but the ideas suggested by Purra have not been agreed in the coalition programme. There is no consensus among the governing parties. At the same time, the parliamentary term has already reached its final stretch. Finland's Constitution is another hurdle to Purra's suggestion. Paukkeri noted that constitutionally, everyone is guaranteed a basic livelihood, and no one may be treated differently without a legitimate reason, including one based on origin or language. This spring, the government is expected to present parliament with proposals to restrict children's home care allowances for immigrants living in the country for fewer than three years, and to introduce a language supplement within integration support. ""It is clear that in the coming months, representatives of the governing parties — including ministers — are likely to make statements that reflect not the government's collective intent, but rather the individual priorities of their parties,"" Paukkeri said in her analysis of the situation. Generally, a government's term unfolds with the most difficult decisions tackled early on, clearing the way for the remainder of the parliamentary period. The intelligence agency said it's seeking creative people with good interpersonal and teamwork skills, as well as an ability to withstand stressful situations. For a salaried employee, it takes an average of 46 days to earn what a chief executive makes in a single day. Finland's pandemic-era restrictions were effective and adhered to, according to health agency THL.",https://yle.fi/a/74-20210771,3.0,1
2026-02-17 12:38:03,Society,Helsinki school finds unique solution for Ramadan-fasting students,"""We noticed that the fasting middle school students didn't enjoy sitting in the cafeteria with all the food, drinks and smells there,"" the principal explained. Muslims around the world started observing Ramadan this week, a period of worship, service, communal gathering and fasting. The peroid involves days of abstaining from food and drink — as well as not talking about others behind their backs, using foul language or lying. About 100 of the pupils at Eastern Helsinki's Itäkeskuksen peruskoulu, which serves pupils in grades 1-9, are followers of Islam. Those include ninth-graders Bechir Mezzi and Altin Gubetini, who say they are pleased how the school has accommodated the religous tradition. This year, Ramadan began on Tuesday, a period when adherents are not supposed to eat or drink between sunrise and sunset. School staff had noticed that fasting students had been joining their classmates in the cafeteria at lunchtime — but they wouldn't eat, according to principal Jutta-Riina Karhunen. ""We noticed that the fasting middle school students didn't enjoy sitting in the cafeteria with all the food, drinks and smells there,"" she explained. So staff set up an area for the fasting youths in the school's lower lobby, away from the lunchroom. Because classes eat lunch on a rotating basis, a maximum of 40 students can gather there at a time. Overall, Itäkeskuksen peruskoulu has around 160 middle school students. ""We read books there, talk, and have fun,"" Mezzi explained. However, the City of Helsinki does not recommend fasting for primary school children, and the Itäkeskus school follows those guidelines. ""We hope that elementary school pupils would not fast at school yet, but instead practice fasting on weekends and days off,"" Karhunen said. According to her, fasting at school tires out younger kids, but by the time they're in middle school, the ritual has already become an important part of their religious lives. ""[Fasting during Ramadan] is such a big part of their identity that we think it's important to facilitate it and take it into account at school,"" she said. Karhunen also approves of the other rules over Ramadan, like not being allowed to argue or fight, being expected to speak kindly to, and help others. ""As principal, this is what I encourage our community to do every day,"" she said, noting that fasting is also part of other religions, including Christianity. Ninth-graders Mezzi and Gubetini told Yle that they began practicing fasting at home on weekends, for a couple hours at a time, at first. Mezzi was seven years old when his father said he could begin fasting during Ramadan. ""Dad told me that it is part of our religion and Ramadan is our holy month,"" Mezzi said. Both Mezzi and Gubetini began fasting at school after reaching the seventh grade. ""Little by little, I learned, and now I can fast all day long,"" Mezzi said. However, the ninth graders do not recommend fasting at school for elementary pupils. ""It is very important for us that the principal took us into consideration,"" Gubetini said. The intelligence agency said it's seeking creative people with good interpersonal and teamwork skills, as well as an ability to withstand stressful situations. For a salaried employee, it takes an average of 46 days to earn what a chief executive makes in a single day. Finland's pandemic-era restrictions were effective and adhered to, according to health agency THL.",https://yle.fi/a/74-20210767,3.0,1
2026-02-16 14:51:46,Society,"Librarian finds €2,000 in returned book","Someone returned a book in Espoo with twenty 100-euro notes tucked between the pages. When sorting books at Espoo's Sello library, Olli Myyrä discovered 2,000 euros in cash hidden between the pages of a returned book. The incident took place in April last year. Myyrä said he had been going through books returned the previous day, a routine check to assess their condition before shelving them or sending them on to another library. Inside a non-fiction book, he found 100-euro notes tucked between the pages. He counted twenty in total. After realising what he had found, Myyrä said he went to work tracking down the last person who had borrowed the book. Library staff can access records of the two most recent borrowers, so they contacted the last person who had checked the book out. The borrower was asked whether anything might have been left between the pages — and, if so, what it could be. ""The patron was quite surprised when I called,"" laughed Myyrä. The borrower was able to give a credible account of what had been lost and was asked to come to the library with identification. ""The customer came quite quickly to collect the money,"" said Myyrä's colleague Antero Pertamo. The book containing the cash sat unsorted on a return shelf overnight after being dropped off shortly before closing. This means another customer could easily have borrowed it, according to Myyrä. Why the money was tucked inside the book remains unclear. Was it simply used as a bookmark? For privacy reasons, the librarians would not reveal the explanation, even though the customer told them. ""But it wasn't there as a bookmark — it was there for another reason. That much I can reveal,"" Myyrä said. This was not the first time cash has been found inside books at the Sello library, though such large sums are rare. ""That said, we can't be sure we've found all the money. Some books with cash in them may have been checked out by the next patron,"" Myyrä added. In such cases, the return of the money would depend on the honesty of whoever finds it. The intelligence agency said it's seeking creative people with good interpersonal and teamwork skills, as well as an ability to withstand stressful situations. For a salaried employee, it takes an average of 46 days to earn what a chief executive makes in a single day. Finland's pandemic-era restrictions were effective and adhered to, according to health agency THL.",https://yle.fi/a/74-20210594,2.2,1
2026-02-15 08:57:58,Society,"""Finnish is my native language, yet people still speak to me in English"" – How international adoptees feel marginalised in Finland","International adoptees in Finland want their voices to be heard in discussions about Finnish identity, immigration, and working life. Sadhi Luokomaa has lived in Finland all her life. She speaks perfect Finnish, follows Finnish customs and traditions, and raises her two teenage sons the same way. Yet she often feels like an outsider. ""I have lived most of my life in Hämeenlinna, yet still people speak to me in English at first,"" Luokomaa said. This is because she was adopted at 11 months old and brought to Finland from the Indian city of Chennai. Luokomaa's experiences are not unique. Many international adoptees report feeling 'othered' in Finland because of how they look. Othering is defined as a process that labels individuals or groups as fundamentally different from, and inferior to, a dominant societal group. Anu-Rohima Mylläri, an advocate for adoptees, told Yle that many people adopted from abroad feel sidelined and frustrated as they would want to participate in discussions about Finnish identity, immigration, and working life. Myllari was herself adopted from Bangladesh in 1980, when she was two years old. She wrote a book about her experiences, called ""Adoptoitu"" (Adopted) in 2006, which deals with themes such as abandonment, prejudice, and racism. Tampere University researcher Anna Rastas welcomes the calls for a wider societal discussion in Finland about key issues such as the concept of family, children's rights, and racism — with international adoptees as participants, not just the subject matter. ""Adoptees have a kind of sharper radar for noticing structures and phenomena that often go unnoticed by the majority population,"" Rastas noted. ""They have a special understanding of, for example, how Finnishness is discussed and how differences can be handled. They recognise the times when Finnishness is defined narrowly."" However, many adopted adults feel their Finnishness is neither recognised nor accepted. Instead, there is a hierarchy of which people are accepted and which are not. ""Adoptees concretely show that language skills do not determine inclusion or exclusion, but rather a lack of acceptance of difference, and often outright racism,"" Rastas added. Previous studies have shown that applicants with foreign-sounding names have a much harder time being called to a job interview than people with Finnish-sounding names, even if their CV's are identical. According to University of Helsinki Professor Suvi Keskinen, there is a problem in Finnish society: the definition of Finnishness is tied to whiteness, and belonging to Finland is interpreted based on appearance and skin colour. ""The problem is in the narrow definition of Finnishness. Only certain types of families and people of a certain appearance fit into it,"" Keskinen said. She pointed to the example of Denmark, where international adoptees are more often included in discussions about national identity. Sadhi Luokomaa told Yle that she often encounters situations where she is expected to be grateful for being able to come to Finland. The same sentiment also comes up during discussions about immigrants. ""I have thought that this should already be a thing of the past, this old-fashioned thinking, but yes, I still encounter it sometimes,"" she said. Luokomaa is one of the first generation of adoptees to Finland, and she has developed her own coping strategies for how to deal with these incidents of othering. ""The first question is always, where are you from? When I was younger, I always answered, but now as an adult, I have learned to set boundaries. I am not accountable to tell my story to everyone,"" she said. According to Anna Rastas, societal discussion in Finland has become too polarised and exclusionary, especially as the Finnish government continues to tighten legislation about who can become Finnish — and who cannot. ""This is a big concern, and this discussion needs everyone, including adoptees and immigrants,"" Rastas said. The All Points North podcast recently asked if Finland is making integration too difficult. Listen to the episode via this embedded player, on Yle Areena, via Apple, Spotify or wherever you get your podcasts. The intelligence agency said it's seeking creative people with good interpersonal and teamwork skills, as well as an ability to withstand stressful situations. For a salaried employee, it takes an average of 46 days to earn what a chief executive makes in a single day. Finland's pandemic-era restrictions were effective and adhered to, according to health agency THL.",https://yle.fi/a/74-20210321,2.888888888888889,1
2026-02-14 10:14:36,Society,Finland celebrates friendship and community on 14 February,"A survey last year found that Finnish people have an average of four close friends and a total average of 11 friends. While 14 February is exclusively reserved for people in romantic relationships in many other countries, Finland takes a different tack. Since 1987, the date — known in Finnish as ystävänpäivä (literally ""Friend’s Day"") — has instead been considered a celebration of friendship and close community. This means that many people in Finland exchange messages and even gifts with their close friends on 14 February. In addition, 'ystävänpäivä' events have become increasingly popular in recent years, with groups gathering together for activities such as bowling, downhill sledding or — of course — going to the sauna. A survey commissioned by the Family Federation of Finland NGO last year found that Finnish people have a total average of 11 friends, with four of that number being 'close friends'. However, a more recent poll found that a growing number of people in Finland report feelings of loneliness, with younger age groups (16-24 and 25-34) particularly susceptible. The intelligence agency said it's seeking creative people with good interpersonal and teamwork skills, as well as an ability to withstand stressful situations. For a salaried employee, it takes an average of 46 days to earn what a chief executive makes in a single day. Finland's pandemic-era restrictions were effective and adhered to, according to health agency THL.",https://yle.fi/a/74-20210318,3.0,1
2026-02-12 11:31:30,Society,"""As a society, we can do better"" — Study finds people in Finland feel increasingly lonely","The study revealed that loneliness leads to a multitude of mental health problems — especially among students, low-income earners, and people who speak languages other than Finnish as their mother tongue. A growing number of people in Finland report feelings of loneliness, according to the results of a survey carried out by the Finnish Red Cross. The NGO's so-called Loneliness Barometer found that 65 percent of respondents said they experienced loneliness at least sometimes, up from the previous poll's findings of 59 percent. The survey also found that the loneliest people in Finland are those aged 16–24 and 25–34. Regular feelings of loneliness — meaning a few times a month or more often — was reported by as many as 59 percent of 16–24-year-olds and 57 percent of 25–34-year-olds. In a statement, the Red Cross said the survey results reflect Finland's poor economic situation and an increase in mental health problems. The most common reason people gave for feeling lonely was a sense that they are outsiders and different from others. ""More than one in 10 respondents said they don’t have a single close friend with whom they can share things. As a society, we can do better,"" Maaret Alaranta, the NGO's social welfare coordinator, wrote in a press release. The results also revealed that loneliness leads to a multitude of mental health problems — especially among students, low-income earners, and people who speak languages other than Finnish as their mother tongue. Some respondents belonged to two or three of these groups at the same time. The data used in the Loneliness Barometer was collected by pollster Verian during December 2025. Over 1,400 people responded to the survey via an online questionnaire, and the respondents were representative of wider population demographics. The margin of error is +/- 2.6 percentage points. The intelligence agency said it's seeking creative people with good interpersonal and teamwork skills, as well as an ability to withstand stressful situations. For a salaried employee, it takes an average of 46 days to earn what a chief executive makes in a single day. Finland's pandemic-era restrictions were effective and adhered to, according to health agency THL.",https://yle.fi/a/74-20209846,1.8,1
2026-02-09 15:36:48,Society,Finnish women travelling to Sweden to treat birthing injuries,"Many women say that their complaints are not taken seriously in Finland. An increasing number of Finnish women are travelling to Sweden for treatment of injuries sustained during childbirth, according to a report by Yle's Swedish-language unit. Svenska Yle interviewed nearly 30 women injured during vaginal delivery. In Sweden, birth injuries are more routinely treated with pelvic floor surgery. Finnish gynaecologists take a more cautious view of this kind of surgery. Some doctors worry that operations are performed too readily in Sweden. At the same time, many women in Finland say their symptoms are not taken seriously. Finnish gynaecologist Päivi Karjalainen said Sweden is a pioneer in the treatment of childbirth injuries, both compared with Finland and internationally. She works at Hospital Nova in Jyväskylä, where she regularly treats women injured during childbirth. In her view, Sweden leads the field in perineal repair surgery. According to her, perineal injuries have received less attention in Finland and elsewhere because their significance has long been poorly understood. Karjalainen said Finland has taken a more cautious approach to the surgical treatment of childbirth injuries. She believes this reflects an outdated view that perineal repair surgery does more harm than good. Tomi Mikkola, chief physician and head of gynaecological surgery at Helsinki University Hospital, meanwhile, said the Swedish way of describing the procedures is misleading. He argued that it is simplistic to suggest that surgeons simply identify a muscle, stitch it and repair the damage. In practice, Mikkola said, individual muscles cannot be repaired in isolation. Surgical procedures instead aim to reattach larger structures, in the process also restoring the muscles. His position is that there is no major difference between the Swedish and Finnish approaches in the treatment of birthing injuries. The intelligence agency said it's seeking creative people with good interpersonal and teamwork skills, as well as an ability to withstand stressful situations. For a salaried employee, it takes an average of 46 days to earn what a chief executive makes in a single day. Finland's pandemic-era restrictions were effective and adhered to, according to health agency THL.",https://yle.fi/a/74-20209171,2.4,1
2026-02-11 14:10:43,Education,Working for the common good and learning to learn — Finland's vision for the schools of 2045,"Education in Finland faces significant challenges, including declining PISA results, growing disparities in the classroom, and increased mental health issues among young people. An expert group working under the leadership of the Finnish education ministry has published its vision of what Finland's schools should look like in 2045. Under the title, ""Comprehensive Schools 2045: The vision for life"", the report outlines the importance of teaching the children of the future to work together for a better world. ""The task of comprehensive schools is to increase competence and the willingness to use knowledge to advance the common good. Sound knowledge and basic skills are combined with ethical, social and flexible thinking skills, as well as the ability to guide one’s own learning,"" the report states. The panel was established by the education ministry as concerns grow in Finland about declining PISA results, growing disparities in the classroom, and increased mental health issues among young people. In addition to the above, the working group noted that the climate crisis as well as technological advancements will also bring significant challenges to education institutions of the future. To meet these challenges, it proposes fostering a deeper link between learning and wellbeing in the classrooms of 2045, while also encouraging schools to build stronger connections with parents. ""The aim is the psychological, social and physical wellbeing of the entire school community, which also sustains schoolchildren’s wellbeing,"" the report notes. With the advent of AI a growing point of discussion, the group urged schools to embrace technology, rather than reject it. ""Technology can be used to deepen human interaction and to enable better guidance, learning that is more equal, and knowledge-based leadership,"" the report stated. In a press release, Minister of Education Anders Adlercreutz (SPP) described Finland's schools as ""the most important institution for the future of society"". ""There is no need to reinvent comprehensive school, but it needs to be updated to meet today's requirements and challenges,"" Adlercreutz wrote. ""The vision takes a strong stand on the fact that, in the midst of the changed operating environment, there is an increasing demand to reinforce not only basic skills but also our ability to work together,"" he added. The committee compiled its vision over the course of two years, drawing on the views of over 5,000 people in Finland as well as on the findings of Finnish and international research. The intelligence agency said it's seeking creative people with good interpersonal and teamwork skills, as well as an ability to withstand stressful situations. For a salaried employee, it takes an average of 46 days to earn what a chief executive makes in a single day. Finland's pandemic-era restrictions were effective and adhered to, according to health agency THL.",https://yle.fi/a/74-20209671,3.1666666666666665,1
2026-02-09 13:03:34,Education,Language teachers worried about focus on English,"According to teachers, the popularity of many traditionally important languages, such as Swedish, German, French and Russian, is slowly fading. The Federation of Foreign Language Teachers in Finland (Sukol) warns that Finland's future competitiveness is at risk due to students’ heavy focus on English and declining interest in other languages In a statement on Monday, the organisation said that exam data from the past decade ""reveal a worrying trend"" with languages ​​besides English losing ground. ""This is not just a detail of educational policy, but a question concerning the future competitiveness of Finland as a whole,"" Sukol said. It referred to Finnish Matriculation Examination Board statistics dating back to 2017. Since last year alone, the number of students opting for the advanced English exam has increased from 38,000 to over 44,000. While ""proficiency in English is certainly essential, problems will arise if other language skills are not built alongside it,"" the federation said in a press release. Sukol notes that the popularity of many traditionally important languages, such as Swedish, German, French and Russian, is slowly fading. Regarding Finland’s second official language, participation in the intermediate-level Swedish exam remains high, but its popularity has declined over the past decade. The number of candidates taking the Swedish exam has decreased by around 3,000 to around 12,000. This suggests that Swedish proficiency is increasingly seen as just something that must be achieved, rather than a language that people want to master properly, Sukol said. The popularity of basic exams in German, French and Russian has also slumped. The number of students choosing the German exam has dropped from over 1,600 to around 1,200, while the number of French examinees has dropped from about 1,000 to less than 700. Russian — once a crucial skill for business and tourism in eastern Finland, for instance — has fallen by more than half from around 630 candidates to less than 300 in the past few years. Trade with Russia ground to a halt after its full-scale invasion of Ukraine nearly four years. The association points out that these are not marginal languages, as Germany is Europe's dominant economic power, French is a key language in the EU, and Russia remains Finland's largest neighbour. Meanwhile, Sukol points to growing interest in Spanish among high school students. ""The number of participants in the advanced Spanish test has multiplied over the past decade, and basic-level Spanish has also remained popular,"" it noted. As Sukol sees it, the problem is not the strengthening of English, but the loss of proficiency in other languages. ""For a small country, diverse language skills are a necessity, not a luxury,"" the group argues. Sukol was established in 1957 and has about 3,000 members. The intelligence agency said it's seeking creative people with good interpersonal and teamwork skills, as well as an ability to withstand stressful situations. For a salaried employee, it takes an average of 46 days to earn what a chief executive makes in a single day. Finland's pandemic-era restrictions were effective and adhered to, according to health agency THL.",https://yle.fi/a/74-20209123,2.5714285714285716,1
2026-02-06 14:23:43,Education,Students mark 'Vanhat Day' in style,"The school tradition celebrates eleventh graders' status as the new seniors. On Friday, upper secondary schools across Finland celebrated the Seniors' Ball, where eleventh graders don elegant ball gowns and black ties to mark their rise as the school's new seniors, stepping into the spotlight as the graduating class readies for their matriculation examinations. Vanhat Day dances (or dances of the old) are a long-standing Finnish high school tradition, marking who's now ""on top"" of the school hierarchy. The dances are choreographed ahead of the big day and typically feature classical ballroom styles. Finland's twelfth graders on Thursday meanwhile tossed candy from trucks to celebrate their last days of school before getting time off to study for their final exams this spring. The intelligence agency said it's seeking creative people with good interpersonal and teamwork skills, as well as an ability to withstand stressful situations. For a salaried employee, it takes an average of 46 days to earn what a chief executive makes in a single day. Finland's pandemic-era restrictions were effective and adhered to, according to health agency THL.",https://yle.fi/a/74-20208766,4.0,1
2026-02-05 15:32:54,Education,Finland's high school seniors celebrate 'penkkarit',"It's that time of year again: students are donning costumes and tossing candy to passers-by. High school seniors across the country celebrated their last days of school on Thursday before getting time off to study for their final exams this spring. It's a century-old tradition known as penkkarit when upper secondary school seniors enjoy their last hurrah — the end of formal classes — before they take a break to prepare for their matriculation exams. The tradition took off after 1919, when the first set of matriculation exams were held at the University of Helsinki. Back then, students from all over the country travelled to the capital for the final test. The intelligence agency said it's seeking creative people with good interpersonal and teamwork skills, as well as an ability to withstand stressful situations. For a salaried employee, it takes an average of 46 days to earn what a chief executive makes in a single day. Finland's pandemic-era restrictions were effective and adhered to, according to health agency THL.",https://yle.fi/a/74-20208582,3.6666666666666665,1
2026-02-04 12:38:06,Education,Finland announces €20m education support project for Ukraine,"The project will start this year and it is set to continue until 2029. Finland is increasing its support of efforts to reform Ukraine's education system, the Finnish foreign affairs ministry has announced. The project, called Learning2gether2, is a 20-million-euro investment in ""Ukraine’s EU approximation, reconstruction and long-term education reform"", the ministry said in a press release on Wednesday. The project will start this year and it is set to continue until 2029. According to the ministry, Ukraine asked Finland for assistance in developing its educational system. ""This project will accelerate Ukraine’s extensive New Ukrainian School reform, with a particular focus on developing general upper secondary education,"" the ministry said. The project's goals include improving learning outcomes, strengthening education of teachers and ensuring ""that high-quality education is available to everyone in Ukraine regardless of their background or where they live"". According to the ministry, Ukraine's educational sector has endured increasing pressure from Russia's ongoing invasion, as well as during the Covid pandemic. ""Making sure that young people have access to education is one way of supporting Ukraine's reconstruction and is an investment in the country’s future. Education builds hope and will boost Ukraine’s productivity and competitiveness,"" Ville Tavio (Finns), the Minister for Foreign Trade and Development, said in the release. Development consulting firm Niras Finland will be responsible for the project's technical assistance requirements, according to the ministry. The intelligence agency said it's seeking creative people with good interpersonal and teamwork skills, as well as an ability to withstand stressful situations. For a salaried employee, it takes an average of 46 days to earn what a chief executive makes in a single day. Finland's pandemic-era restrictions were effective and adhered to, according to health agency THL.",https://yle.fi/a/74-20208291,3.0,1
2026-02-02 10:55:25,Education,"Bullying of LGBTQ+ youth in Finnish schools has increased, says rights group","According to Seta, the proportion of what it refers to as ""rainbow youth"" who were targeted by school bullying – including harassment, discrimination and violence – rose slightly between 2023 and last year. Bullying of LGBTQ+ youth at Finland’s school has increased, says Seta, the country’s main NGO representing members of sexual and gender minorities. In a press release on Monday, the human rights group cited the latest school health survey published by Finland's public health authority THL, which shows few changes in the wellbeing of 8th and 9th grade LGBTQ+ youth between 2019 and 2025. According to Seta, the proportion of what it refers to as ""rainbow youth"" who were targeted by school bullying – including harassment, discrimination and violence – rose slightly between 2023 and last year. Some 22 percent of 8th and 9th graders belonging to gender minorities and 16 percent of those belonging to sexual minorities reported that they had been bullied at school at least once a week during the school year. In response, Seta has called for targeted actions to improve the well-being of children and youth who belong to sexual and gender minorities. As measured in the School Health Survey published in late January, young people belonging to these groups experienced all forms of school bullying at two to three times the rate of other young people. The most common experiences were name-calling and shaming, facial expressions and gestures, spreading of lies and offensive language, as well as exclusion. ""It is truly alarming that rainbow youth's experiences of harassment, discrimination and violence in schools have become even more common,"" Seta youth work advocacy expert Teija Ryhtä said in the statement. Ryhtä pointed out that bullying can also be life-threatening, while at the same time, hate speech, discrimination and harassment have become more prevalent in Finnish society in general in recent years. Seta also points to a more positive trend in the THL study: a slight decrease in reported experiences of loneliness among LGBTQ+ youth between 2023 and last, as well as gradual improvement in general life satisfaction. Last year, 46 percent of sexual-minority youth and 40 percent of gender-minority youth who responded to the survey said they were satisfied with their lives, up from 42 and 35 percent two years earlier. The intelligence agency said it's seeking creative people with good interpersonal and teamwork skills, as well as an ability to withstand stressful situations. For a salaried employee, it takes an average of 46 days to earn what a chief executive makes in a single day. Finland's pandemic-era restrictions were effective and adhered to, according to health agency THL.",https://yle.fi/a/74-20207765,2.5,1
2026-02-26 11:52:04,Crime,Appeals court tightens Kivimäki's sentence in psychotherapy centre hacking case,"In terms of the number of victims, in the tens of thousands, the Vastaamo investigation and trial is the biggest criminal case in Finnish history. Helsinki's Appeals Court on Thursday raised the prison term of Aleksanteri Kivimäki, the man convicted of hacking the psychotherapy centre Vastaamo more than five years ago. In 2024, the city's district court sentenced Kivimäki to six years and three months after finding him guilty of hacking sensitive patient data of more than 30,000 of the centre's clients. On Thursday, the appeals court raised the sentence to six years and 11 months, one month short of the maximum seven years allowed by law. During the initial trial, the district court heard how Kivimäki hacked into the firm's database, containing the personal information of an estimated 33,000 people, in autumn 2018. A couple of years later he attempted to extort money from both Vastaamo and its clients. During the district court trial, a lawyer representing some of the affected patients told the court that a number of the victims had died by suicide after their patient records had been stolen and used in extortion attempts. In the appeals court, the prosecutor demanded that Kivimäki serve a seven-year prison term, the maximum penalty that law permits. Throughout the legal process, Kivimäki has claimed he is not guilty of the charges. He brought the district court's ruling to the appeals court, aiming to have the charges dismissed. In terms of the number of victims, the Vastaamo investigation and trial is the biggest criminal case in Finnish history. He was convicted of aggravated data breach, almost 9,600 counts of aggravated invasion of privacy related to the dissemination of information, more than 21,300 counts of attempted aggravated extortion and 20 counts of aggravated blackmail. In its decision on Thursday, the appeals court said a harsher prison sentence was justified because of the magnitude of the case and that Kivimäki had carefully planned the crimes in efforts to avoid being caught. The appeal court noted that Kivimäki's crimes caused significant suffering to an exceptionally large number of vulnerable people. It said that a maximum seven-year sentence ""would in principle have been a fair punishment for the crimes"". But citing mitigating circumstances, the appeal court justified handing Kivimäki a slightly shorter sentence, noting that Kivimäki has already agreed to civil settlements with several of the victims. Kivimäki was released from prison in September 2025, over concerns that he would be imprisoned too long — and then be able to demand compensation from the state. Kivimäki is considered a first-time offender because his past criminal convictions happened years ago, so he would only end up serving half of his six-year sentence. Even though the district court's verdict was still not final, the time he spent in prison counted towards his eventual final sentence. Therefore, at the time of his release in September, Kivimäki would have already served half of the initial sentence within a few months. The defendant's lawyer, Peter Jaari, told Yle that the increased sentence will result in Kivimäki being sent back to prison. The appeal court's verdict is not final, as both Kivimäki and the prosecution still have the opportunity to take the case to the Supreme Court. Kivimäki's lawyer Jaari told Yle that he spoke to his client after the court extended his sentence. ""He is hugely disappointed,"" Jaari said. ""We didn't expect the sentence to be harsher. We expected the district court's sentence to be overturned,"" he said. The attorney explained that he asked Kivimäki where he was, but said that he refused to reveal his whereabouts. ""He didn't tell me. I asked him,"" Jaari said. According to the attorney, Kivimäki is ""somewhere abroad"". ""He is not in Finland at the moment,"" Jaari told Yle. The lawyer said that he expects Kivimäki will still have to serve out the remainder of his sentence, estimating it would be for a period of a few months. Edited at 13:27 on 26 February 2026 to add Peter Jaari's comments. The intelligence agency said it's seeking creative people with good interpersonal and teamwork skills, as well as an ability to withstand stressful situations. For a salaried employee, it takes an average of 46 days to earn what a chief executive makes in a single day. Finland's pandemic-era restrictions were effective and adhered to, according to health agency THL.",https://yle.fi/a/74-20212466,1.5555555555555556,1
2026-02-21 17:21:51,Crime,"Police officer stabbed, suspect shot in Kalajoki","Both the police officer and the stabbing suspect have been hospitalised with serious injuries, Iltalehti reports. Police shot a knife-wielding man on Saturday morning in Kalajoki on Finland’s west coast. Officers were responding to a domestic disturbance report. When the police patrol arrived, a man in the apartment attacked one of the officers with a bladed weapon. ""Police had to use a firearm to carry out the detention,"" the National Bureau of Investigation (NBI) said in a statement on Saturday afternoon. According to the tabloid Iltalehti, both the police officer and the stabbing suspect were seriously injured in the incident and have been taken to hospital. Kalajoki is in Northern Ostrobothnia, about 130km southwest of Oulu. Detective Inspector Jarmo Katila from the Oulu NBI unit told the newspaper that according to current information, neither of their injuries were life-threatening. The middle-aged man who stabbed the officer is suspected of attempted murder. Katila declined to comment on any other possible criminal charges, or whether anyone else was present in the flat at the time. The preliminary investigation is being conducted by the Oulu branch of the NBI. ""The investigation is in its early stages and more information will be provided later,"" it said on Saturday. Because police discharged a weapon during the incident, the Prosecutor General's Office is also investigating the case. Such cases are comparatively rare in Finland. The intelligence agency said it's seeking creative people with good interpersonal and teamwork skills, as well as an ability to withstand stressful situations. For a salaried employee, it takes an average of 46 days to earn what a chief executive makes in a single day. Finland's pandemic-era restrictions were effective and adhered to, according to health agency THL.",https://yle.fi/a/74-20211657,2.25,1
2026-02-20 12:11:47,Crime,"Finnish police use new law to launch first probes into suspected FGM cases, paper says","Finland introduced a specific law banning the practice and preparation of female genital mutilation (FGM) at the beginning of last year. Police in different parts of Finland have launched separate preliminary investigations into suspected cases of female genital mutilation (FGM). The investigations are the first of their kind, according to Helsingin Sanomat, since a specific law banning the practice and preparation of FGM was introduced at the beginning of 2025. Previously, FGM was only punishable under law as assault or aggravated assault. According to Helsingin Sanomat's information, the first investigation is taking place in the Kuopio region, where police suspect the mutilation has already occurred. In a separate case, police in Tampere have investigated suspicions that a woman or girl was being prepared for an FGM procedure. Although the exact details of the case are not currently known, this could mean the victim is being forced or coerced into being mutilated, or they are being taken abroad for the purpose of having the procedure carried out. Both acts are now illegal under Finnish law. Finland's Minister of Education, Anders Adlercreutz (SPP), said earlier this year that he wants to investigate whether girls are being taken out of the country to undergo FMG procedures, and to see how common the practice might be. His comments followed an Yle investigation which uncovered evidence that some Somali parents in Finland have sent their children to disciplinary institutions in Somalia. Once there, the report revealed, they are subjected to severe treatment — including physical abuse and being locked in chains. The intelligence agency said it's seeking creative people with good interpersonal and teamwork skills, as well as an ability to withstand stressful situations. For a salaried employee, it takes an average of 46 days to earn what a chief executive makes in a single day. Finland's pandemic-era restrictions were effective and adhered to, according to health agency THL.",https://yle.fi/a/74-20211474,1.0,0
2026-02-19 15:53:28,Crime,"Finland aims to outlaw unauthorised possession, import of radio signal jammers","Incidents of suspected GPS interference have risen sharply in Finland over recent years, especially around airports and in the Baltic Sea region. Finland's government wants to legislate against the unauthorised possession and import of devices intended for deliberate radio interference, commonly known as jammers. The proposal relates to equipment that jam or spoof radio communications networks, such as GPS. In a press release, the Ministry of Transport and Communications noted that unauthorised use of the devices is already banned under Finnish law, but this proposed amendment would allow for their confiscation. ""Criminalising the unauthorised possession of jammers would improve the authorities’ possibilities to intervene in the unauthorised possession and import of such devices,"" the press release said. The number of incidents of suspected GPS interference has risen sharply in Finland over recent years, especially around airports and in the Gulf of Finland. The government's proposal on this issue was submitted to Parliament on Thursday, with the changes scheduled to enter into force from July. The intelligence agency said it's seeking creative people with good interpersonal and teamwork skills, as well as an ability to withstand stressful situations. For a salaried employee, it takes an average of 46 days to earn what a chief executive makes in a single day. Finland's pandemic-era restrictions were effective and adhered to, according to health agency THL.",https://yle.fi/a/74-20211337,1.6666666666666667,1
2026-02-14 09:40:44,Crime,"Drunk Swedish man steals courier's car, tries to drive across Finnish-Russian border","The suspect faces a slew of potential charges, including a border violation, aggravated drunk driving, and payment fraud. Finnish border authorities have detained a Swedish national on suspicion that he stole a car, drove it while under the influence of alcohol, and then attempted to illegally cross the border into Russia. Investigators believe the saga began when the man stole a food courier’s vehicle in Rovaniemi last Sunday. The courier's bank card was in the car, which it is understood the man used to make small purchases at a local gas station. On Monday, the suspect arrived at a temporarily closed border crossing near the town of Salla, on the Finnish-Russian border, and attempted to climb over a gate into the restricted access zone between the two border checkpoints. He was apprehended by a border patrol while trying to scale the fence. The border guard then performed a breathalyzer test, which showed the man had a blood alcohol level exceeding the limit for aggravated drunk driving. He was handed over to Finnish police, and he underwent a blood test to more accurately determine his fitness to drive. The man also informed the border guards that his intention was to enter Russia. He now faces a slew of potential charges, including a border violation, aggravated drunk driving, unauthorised use of a motor vehicle, and payment fraud. The case is being investigated by the Lapland Police Department and the Lapland Border Guard. The intelligence agency said it's seeking creative people with good interpersonal and teamwork skills, as well as an ability to withstand stressful situations. For a salaried employee, it takes an average of 46 days to earn what a chief executive makes in a single day. Finland's pandemic-era restrictions were effective and adhered to, according to health agency THL.",https://yle.fi/a/74-20210310,2.0,1
2026-02-09 11:13:27,Crime,Russian neo-Nazi mercenary appeals Ukraine war crimes convictions in Finland,"Last year, Helsinki District Court handed Voislav Torden a life sentence for atrocities against Ukrainian soldiers in 2014. Russian neo-Nazi militant Voislav Torden is back in court, appealing a life sentence handed down last year by Helsinki District Court for war crimes in Ukraine. The Helsinki Court of Appeal began hearing the case on Monday. Last March, the District Court found Torden guilty of four war crimes. They stemmed from an ambush in the Luhansk region of eastern Ukraine in September 2014 and the events that followed. Twenty-two Ukrainian soldiers were killed in the attack. Torden has denied all charges. According to the district court, Torden (formerly known as Yan Petrovsky) served as deputy commander of the Rusich militant group. Rusich was fighting in eastern Ukraine alongside Russian troops and pro-Moscow separatists. The BBC describes Rusich as a subunit of the Wagner group, while the New York Times calls it a neo-Nazi militia group. According to the prosecutor, Rusich soldiers deceived Ukrainian soldiers in September 2014 by hanging a Ukrainian flag at a checkpoint. When the Ukrainians stopped, Rusich fighters opened fire, the indictment says. According to the district court, it was clear that Rusich participated in the armed attack against the Ukrainian soldiers. However, according to the court, it was not proven that it was Rusich who was behind the ambush. The court noted that there were other groups and individuals at the scene. According to the prosecutor, Torden led the actions of Rusich's soldiers when they shot at least four wounded Ukrainian soldiers after the ambush. The district court said there was evidence that the Rusich combatants had killed at least one soldier, but that there was insufficient evidence regarding the others. Torden was also convicted on charges including the mutilation of a wounded Ukrainian soldier and the distribution of ""degrading"" images of a dead soldier. Torden has denied holding a leadership position within Rusich. According to his defence, Torden had no military training. It claims that his main tasks were creating propaganda and recruitment videos and obtaining humanitarian aid. Torden said he went to Luhansk in 2014 because he had heard that the Russian-speaking population there was being oppressed. Last spring, the Russian Embassy in Helsinki alleged the verdict Torden's conviction had been politicised, and that the ""show trial"" was part of Western hybrid warfare against Russia. Russia's news agency, Tass, reported that Russian diplomats in Finland ""are closely monitoring the situation and are prepared to protect Torden's rights"". Earlier Russia’s Federal Agency for the Commonwealth of Independent States Affairs, Compatriots Living Abroad, and International Humanitarian Cooperation said it was ""outraged by the hostile and illegal actions of the Finnish authorities"" in the case. Torden arrived in Finland from Russia in July 2023 by car via the Vaalimaa border crossing point. Shortly after crossing the border, the Border Guard found out that he had been previously known as Jan Petrovsky and that he had an entry ban imposed by Norway and the Czech Republic for the entire Schengen area. The next day, Torden was detained at Helsinki Airport just before boarding a flight to Nice, France. At first, Finnish authorities investigated him for violating the entry ban, but then found him on an EU sanctions list. In late 2023, the Finnish Supreme Court ruled that Torden could not be extradited to Ukraine due to the country's poor prison conditions. It ruled that he should be tried in Finland for war crimes based on international treaties signed by Finland. Finnish courts have previously prosecuted cases relating to massacres in Iraq and Rwanda. In late 2024, Rusich claimed that it had an agreement with the Russian Border Guard to carry out intelligence and surveillance tasks along the Finnish border near the Saimaa Canal. The intelligence agency said it's seeking creative people with good interpersonal and teamwork skills, as well as an ability to withstand stressful situations. For a salaried employee, it takes an average of 46 days to earn what a chief executive makes in a single day. Finland's pandemic-era restrictions were effective and adhered to, according to health agency THL.",https://yle.fi/a/74-20209080,1.6666666666666667,1
2026-02-05 10:03:26,Crime,"Thursday's papers: A Microsoft boss reassures Finland, a Christian Democrat in DC, and a Tokmanni clerk's bad bets","Microsoft Finland's governmental affairs chief played down risks of the US cutting off European web services. There is no magic button that the United States could push that would cut Europe off from the internet. That's what Heidi Nystedt, Microsoft Finland's governmental affairs director, told newspaper Hufvudstadsbladet. Some Finnish agencies and at least one ministry have plans to begin using US-based cloud services. But due to increasing uncertainty in Europe's relationship with the United States, some may be reconsidering the move. Some observers, including Finnish cybersecurity expert Petteri Järvinen, have warned that Europe has left its information systems at the mercy of American companies. Finnish MEP Aura Salla (NCP) has warned of risks that the US could swiftly cut Europe off from American web services, Svenska Yle recently reported. But according to Microsoft's Nystedt, that is not the case. ""There is no 'kill switch',"" Nystedt told the paper, saying that claims there is some method to cut off a region through a politically motivated decision in a short period of time are just not true. In theory, the only way that could happen would be via an executive order, followed by a long legal process, Nystedt explained. Furthermore, Microsoft's contracts include clauses that say the corporation would challenge such orders in court, the paper noted. So, even if a court would agree with that kind of executive order, it does not mean that Europe would be technologically thrown back to the 1990s. Additionally, there are already backup plans in place with European service providers, if such a scenario were to take place. The background of this topic stems from an incident surrounding the International Criminal Court. According to Politico, an Associated Press report last spring alleged that Microsoft had ""cancelled"" the email of a prosecutor who ""was directly targeted by a February executive order by US President Donald Trump that claimed the court had 'engaged in illegitimate and baseless actions' against the US and Israel."" But Microsoft's President, Brad Smith, said it was not involved in cutting off service to the ICC, ""in any way"", Politico reported. Nystedt echoed such sentiments. ""Microsoft has never shut down any service due to political pressure. We have no backdoors and Trump does not have rule over Microsoft,"" she said. Another worry stems from concerns that the US could access Europeans' emails — but that would also require a court order. ""No one can just call and ask for data. There must be a legal basis, regardless of whether it is the US or a European country that is asking. We can also challenge requests in court, and we have done so many times, both against Trump and [former US president Barack] Obama, On Wednesday Finland's Christian Democrat MP Päivi Räsänen appeared before a House Judiciary Committee hearing at the US Congress in Washington DC. She was invited to speak about having faced incitement to hatred charges in Finland, over a number of statements she made about homosexuality. The US judiciary's website said the hearing would ""highlight how European online censorship laws, such as the European Union's (EU) Digital Services Act (DSA) and the United Kingdom's (UK) Online Safety Act (OSA), threaten Americans' right to speak freely online in the United States"". ""I love my country. Finland is a democracy that is built on the rule of law and fundamental freedoms. These values matter deeply to me as a European and as a Christian,"" Räsänen said at the hearing, according to Helsingin Sanomat. ""More than six years ago, in 2019, I expressed my Christian beliefs about marriage and sexuality in a Twitter post. I directed my post to my church, the Evangelical Lutheran Church of Finland, in response to their decision to participate in a parade — 'Pride' — which I believe contradicts our Christian faith,"" she continued. ""I added a picture of some scripture verses with the post that guided my perspective on this issue. I did so peacefully, without targeting or insulting anyone. For this exercise of my free speech, I was investigated by the police, I was interrogated for more than 13 hours, and I was charged with criminal hate speech,"" she said in a clip posted by the daily. Her charges have been dismissed by two lower courts, but the case is still pending at Finland's Supreme Court, HS noted. As he introduced her at the hearing, Republican US representative and committee chair, Jim Jordan, called Räsänen a ""victim of European censorship"", the paper noted. Räsänen's case has also received full-throated support from the Christian organisation Alliance Defending Freedom International, which among other things, raised funds for her legal defence. The international organisation has roots in Arizona, where it was founded more than 30 years ago. It opposes divisive issues including abortion, euthanasia, same-sex marriage and the criminalisation of speech. It has contended that hate speech laws are aimed at targeting people who do not share the state's views on those issues. HS pointed out that the House Judiciary Committee is unable to make legally binding decisions or influence legislation in other countries. However, the body's hearings and recommendations are politically significant and can influence US foreign policy as well as debates about freedom of expression and human rights. While not a newspaper, an article by commercial broadcaster MTV was among the most-read on Thursday morning. It recounted crimes by an apparent gambling-addicted checkout clerk at the discount department store chain Tokmanni. The female clerk, who worked at one of the chain's outlets in North Savo, was found guilty of using more than 122,000 euros of the store's money on various forms of gambling. She confessed to the crimes and apologised, claiming that her gambling problem was obsessive and addictive in nature. The woman, who is in her mid-50s, had worked at Tokmanni for the past 20 years, and was in charge of the outlet's Veikkaus services, even as she dealt with her gambling addiction, MTV explained. The company found out about the crimes after noticing peculiarities with its Veikkaus games. The retailer linked the woman to the crimes through the use of video surveillance, among other things. According to MTV, the company handed police around 300 video recordings showing the woman operating the lottery ticket machine when there were no customers. The firm's security chief testified that the woman made dozens of bets a day. Based on the woman's personal Veikkaus account, she had lost more than 114,000 euros on the bets, and just barely made a profit of around 1,000 euros. After finding her guilty of aggravated embezzlement, the local district court handed the woman a one-and-a-half-year suspended sentence and ordered her to 40 hours of community service. She was also ordered to return 122,100 euros to Tokmanni. MTV reported that the court's decision is final. The intelligence agency said it's seeking creative people with good interpersonal and teamwork skills, as well as an ability to withstand stressful situations. For a salaried employee, it takes an average of 46 days to earn what a chief executive makes in a single day. Finland's pandemic-era restrictions were effective and adhered to, according to health agency THL.",https://yle.fi/a/74-20208445,1.8666666666666667,1
2026-02-04 11:32:38,Crime,Finns lost over €70m to scammers last year,"These types of crimes increased significantly compared to 2024. Using various schemes, criminals swiped a total of around 70 million euros from victims in Finland in 2025, according to Finance Finland (FFI). FFI represents the financial interests of the country's financial sector. According to FFI, phishing scams were the most common method criminals used in bilking people out of their money, stealing around 22 million that way. In total, there were attempts to defraud people in the country of around 150 million euros last year. However, banks managed to claw back or block payments that were headed to the criminals, FFI noted. These types of crimes have increased significantly compared to 2024, when there were attempts to defraud people in Finland of around 107 million euros. That year, banks were able to retrieve or block around 40 percent of the payments. There are ways to avoid getting caught up in a scam, including: The intelligence agency said it's seeking creative people with good interpersonal and teamwork skills, as well as an ability to withstand stressful situations. For a salaried employee, it takes an average of 46 days to earn what a chief executive makes in a single day. Finland's pandemic-era restrictions were effective and adhered to, according to health agency THL.",https://yle.fi/a/74-20208254,2.0,1
2026-02-03 13:20:47,Crime,Finland's paramedics increasingly face violent attacks by patients,"A newly released study has found that the risk of violence was especially heightened if any or all of the following factors were met: a weekend night, an urban area, an intoxicated male patient, and/or mental health problems. Paramedics working in Finland encounter some form of violence at a rate of about one in every 100 emergency call-outs. That's according to the results of a two-year-long research project conducted jointly by Turku University of Applied Sciences, the Southwest Finland Emergency Department, and the University of Turku. In the study, violent incidents were defined as being physical, verbal or sexual violence. The rate of violence was 0.7 per 100 calls. ""Not all cases of violence are reported, so the figure does not give a complete picture, but this is a significant problem,"" according to Jani Paulin, a senior lecturer at Turku University of Applied Sciences. The study found that the risk of violence was especially heightened if any or all of the following factors were met: a weekend night, an urban area, an intoxicated male patient, and/or mental health problems. The perpetrator of the violence was usually the patient, although paramedics have also reported suffering violent attacks at the hands of other people present at a scene, such as family members. The most common location for a violent attack was the patient's own home, although incidents were also reported inside ambulances, care facilities or in public places. According to the results of the study, more than 30 percent of people who violently attacked an on-duty paramedic were under the influence of alcohol at the time. ""Police resources are limited, and in emergency care it is still not defined how to act in certain threatening situations,"" Paulin noted. The study therefore calls for clearer procedures, proactive risk identification and more organisational support for paramedics. Last year, an average of 7,300 calls were made to emergency services every day — the lowest level for about two decades. In total, Finland's Emergency Response Centre Agency handled just under 2.7 million emergency calls throughout 2025, down from nearly 2.8 million the previous year. ""Although the total number of emergency calls has decreased, the share of tasks assigned to authorities increased by about two percent,"" the agency's quality manager Emma Paasonen wrote in a press release. The calls were answered within an average of about six seconds, the agency's release added, with about half of the 2.7 million contacts passed on to the relevant authorities. Of that number, about 700,000 calls were forwarded to emergency medical services and just over a third to the police, while seven percent were handed over to social care or crisis services. Separately, the Emergency Response Centre Agency noted that it has handled an increasing number of calls in foreign languages over recent years. This has led to a growing need for interpreters, the agency noted. For example, a total of 595 emergency calls were made in Ukrainian last year. ""The need for interpretation in emergency calls has increased significantly due to the war in Ukraine,"" the agency says in a statement. In total, some 1,844 emergency calls required an interpreter last year, covering over 40 different languages. Most of the interpreted calls were for Russian, with Ukrainian the second most common language and Arabic in third. The intelligence agency said it's seeking creative people with good interpersonal and teamwork skills, as well as an ability to withstand stressful situations. For a salaried employee, it takes an average of 46 days to earn what a chief executive makes in a single day. Finland's pandemic-era restrictions were effective and adhered to, according to health agency THL.",https://yle.fi/a/74-20208046,1.875,1
2026-02-03 11:09:18,Crime,Ex-minister Hanna Kosonen will not seek re-election,"The third-term opposition MP said she wants to leave politics because she is frustrated by the policies of the current government, which she describes as having features of ""Trumpism"". Member of Parliament Hanna Kosonen of the opposition Centre party has announced that she will step down from parliament at the end of this term, and also retire from politics. In an interview with Helsingin Sanomat, the Savonlinna MP said she is quitting politics because of her frustration with the current right-wing government — which she says displays features of ""Trumpism"". ""This atmosphere, which has been created by all this scissors-clipping [referring to the government's austerity measures], certainly does not build trust or make economic growth possible,"" she told the daily. She also cited the current nature of public debate as another reason why she is stepping away from politics, noting that she does not want to become cynical, as she considers the work of an MP to be very meaningful. Kosonen is a third-term MP. She served as Minister of Science and Culture in 2019 and 2020, first under PM Antti Rinne (SDP) and then under his replacement, Sanna Marin. The intelligence agency said it's seeking creative people with good interpersonal and teamwork skills, as well as an ability to withstand stressful situations. For a salaried employee, it takes an average of 46 days to earn what a chief executive makes in a single day. Finland's pandemic-era restrictions were effective and adhered to, according to health agency THL.",https://yle.fi/a/74-20208019,2.0,1
2026-02-03 10:39:57,Crime,Four detained on Russian border amid suspicions of human trafficking,"The case came to authorities’ attention when a foreign woman sought refuge in a shop in Oulu. Two men were formally placed under arrest on Tuesday. Four foreign nationals attempted to illegally cross the border from Finland to Russia near Imatra on Friday. The Southeast Finland Border Guard detained the group after being alerted to the attempted illegal crossing by a technical surveillance device near the border fence. The detainees are suspected of state border crimes, among other offences. During the preliminary investigation, it emerged that the individuals were connected to a suspected human trafficking and procurement case uncovered by the police in the northern city of Oulu the day before. On Tuesday, two Romanian men born in the 1980s were remanded in custody on suspicion of aggravated human trafficking. A woman in her 20s is also suspected of aiding and abetting aggravated human trafficking. She has been placed under a travel ban. In addition to human trafficking, they are suspected of pimping three women in Oulu and Helsinki in January. The case came to authorities’ attention on Thursday, when a foreign woman sought refuge in a shop in central Oulu and asked for help. She told police that she had been forced to sell sex in an Oulu apartment. That evening, police detained one person during an operation on Rautatienkatu in the city centre. The four others were taken into custody as they tried to leave the country the following morning. According to the police, all those involved are foreign nationals. An interpreter has been required during interrogations, which is slowing down the investigation, they added. 5.02pm: Updated with remand decisions, other details. The intelligence agency said it's seeking creative people with good interpersonal and teamwork skills, as well as an ability to withstand stressful situations. For a salaried employee, it takes an average of 46 days to earn what a chief executive makes in a single day. Finland's pandemic-era restrictions were effective and adhered to, according to health agency THL.",https://yle.fi/a/74-20207984,2.0,1
2026-02-16 11:44:18,Technology,"'Drawing lessons from Ukraine', Finland's 112 app could get airborne threat alerts","The effort has received funding from the EU. The Ministry of the Interior wants to give the Emergency Response Centre Agency's 112 Suomi smartphone app the ability to issue alerts about airborne threats. ""Finland is drawing on lessons learned from Ukraine in its development work, while also offering its strong civil defence expertise to Ukraine. This work has shown that Finland needs a more multi-channel warning system. In Ukraine, various mobile apps have been utilised, for example, to warn the population,"" the ministry explained in a press release. In Finland, issuing public warnings about airborne threats falls under the purview of rescue authorities. In recent years, in collaboration with the Finnish Air Force, the ministry said it has led the development of the warning system for those kinds of threats. The Emergency Response Centre agency debuted the 112 Suomi app about six years ago. It currently has around two million active users, ""and it is already used for different kinds of emergency warnings as well as other official communications"", the ministry said. The app's development project, which is scheduled to continue until the end of 2027, has received funding from the EU's 'Technical Assistance for Disaster Risk Management' funding instrument. ""Finland has a long tradition of preparedness, and its development and maintenance are part of normal security work. Finland is not currently facing a military threat,"" the ministry noted. The intelligence agency said it's seeking creative people with good interpersonal and teamwork skills, as well as an ability to withstand stressful situations. For a salaried employee, it takes an average of 46 days to earn what a chief executive makes in a single day. Finland's pandemic-era restrictions were effective and adhered to, according to health agency THL.",https://yle.fi/a/74-20210534,4.0,1
2026-02-02 11:37:35,Technology,"Young people follow daily news more actively than before, survey finds","TikTok remains the primary source of news for the majority of young people in Finland, with about half of the survey's respondents saying they use the social media platform to follow news updates. Young people in Finland are following the news more actively than previously, according to the results of a study carried out by the Uutismedia news group. The survey was conducted during December by Kantar Media on behalf of Uutismedia. Nearly 800 young people aged 13–18 responded to the poll. Some 40 percent of respondents to the poll said they follow the news on a daily basis, a figure that is up by five percentage points from a similar survey in December 2024. TikTok remains the primary source of news for the majority of teenagers, the survey found, with about half of respondents saying they use the Chinese-owned social media platform to follow news updates. ""It is important that young people encounter reliable journalistic content in their daily TikTok use. Through TikTok, news media can reach young audiences and make their own media and journalism more familiar to them,"" Hanna Romppainen, the group's media education specialist at the News Media Association, noted in a press release. TikTok has been the number-one news channel for young people in Finland since 2023. The latest survey found that Instagram is now the second most popular news channel. The All Points North podcast probes plans for Finland to introduce a similar ban on social media as in Australia. You can listen to the episode via this embedded player, on Yle Areena, via Apple, Spotify or wherever you get your podcasts. The poll also revealed the topics that young people are most interested in, with a growing interest in local news reports. Teenagers are also interested in news topics related to their own lives, the survey found. While interest in these topics has increased, young people have been turning away from major news events — both from Finland and abroad. ""When there is turmoil in the world, interest in topics related to one’s own life and home region clearly increases. Close-to-home and local topics can bring a sense of security in the midst of crisis reporting,"" Romppainen noted. The intelligence agency said it's seeking creative people with good interpersonal and teamwork skills, as well as an ability to withstand stressful situations. For a salaried employee, it takes an average of 46 days to earn what a chief executive makes in a single day. Finland's pandemic-era restrictions were effective and adhered to, according to health agency THL.",https://yle.fi/a/74-20207798,3.8,1
2026-02-23 13:45:46,Foreign policy,Finland sending Ukraine €20m in humanitarian aid,"The tranche for Ukraine is part of a broader 72-million-euro humanitarian aid effort for other crises-hit regions of the world. Finland is sending a 20-million-euro humanitarian aid package to Ukraine, according to the foreign affairs ministry. It said the package is part of broader aid packages for the refugee crises in Africa and the humanitarian situation in the Middle East. ""Humanitarian needs are record high at the same time as global funding is declining,"" the ministry said in a press release on Monday. The 20 million euros pledge for Ukraine will be channeled through UN humanitarian agencies, as well as the International Committee of the Red Cross (ICRC). The ministry noted that Finland has provided humanitarian aid to Ukraine throughout Russia's war of aggression and is committed to continuing this support. Russia's attacks on the country have impacted Ukraine's energy infrastructure, leaving millions without access to essential services like heating, electricity and water, according to the ministry. It said that civilians in frontline regions and major cities face particularly desperate conditions. Russia's military strikes are making it ""significantly more difficult"" for people in the war-torn country to survive winter, according to Finnish Minister for Foreign Trade and Development, Ville Tavio (Finns). ""It is now essential to help supply energy and heating in the face of the acute needs for Humanitarian support. By stepping up our assistance we are meeting people's basic needs. Finland stands by Ukraine,"" Tavio said in the release. Since Russia began its full-scale invasion nearly four years ago, Finland has provided Ukraine with four billion euros in various forms of aid, including defence, development and humanitarian assistance. Finland is providing substantial humanitarian support across multiple crisis regions, according to the ministry. This includes three million euros for UNHCR operations in the Horn of Africa and Great Lakes, two million euros through the UN's World Food Programme (WFP) to address famine in Sudan, and two million euros for ICRC activities in the Sahel. In the Middle East, Finland is contributing seven million euros total to assist Palestinians through the UN's Office for the Coordination of Humanitarian Affairs (OCHA) and the ICRC. Additional support is being directed to Myanmar and Rohingya refugees in Bangladesh via UNHCR and OCHA, and to Haiti's hunger crisis through WFP. Finland is also allocating six million euros for disability inclusion through various UN agencies and funds, so that humanitarian aid reaches people with disabilities. Additionally, four million euros is being provided to WFP's school meals program, which provides critical nutrition to children during humanitarian emergencies. The intelligence agency said it's seeking creative people with good interpersonal and teamwork skills, as well as an ability to withstand stressful situations. For a salaried employee, it takes an average of 46 days to earn what a chief executive makes in a single day. Finland's pandemic-era restrictions were effective and adhered to, according to health agency THL.",https://yle.fi/a/74-20211849,2.4285714285714284,1
2026-02-22 17:00:10,Foreign policy,Stubb and Macron discuss Ukraine peace efforts ahead of grim 4th anniversary,"The two presidents meet ahead of a flurry of events commemorating the fourth anniversary of Russia’s full-scale invasion of Ukraine. President Alexander Stubb heads to Paris on Monday to meet with his French counterpart Emmanuel Macron at the Élysée Palace. Among other issues, they will discuss the status of talks aimed at ending Russia’s war of aggression against Ukraine. Tuesday marks the fourth anniversary of Moscow’s unprovoked full-scale attack on its neighbour. The latest round of talks between Russia, Ukraine and the US ended without a breakthrough on Wednesday in Geneva. On Saturday, the main US negotiator suggested that talks could resume ""in the next three weeks"". Meanwhile, EU foreign ministers will convene for a meeting of the Foreign Affairs Council in Brussels on Monday. Finland will be represented at the meeting by Political Secretary of State Pasi Rajala rather than Foreign Minister Elina Valtonen (NCP). The meeting is to focus on how the EU can promote Ukraine’s peace efforts, increase support for Ukraine and step up sanctions against Russia. ""Russia’s ruthless attacks on civilian targets show that Russia does not really want peace,"" Rajala said in a ministry press release on Friday. ""Ukrainians can counter Russia’s advance, but they will need strong support from the EU for a long time to come. The EU’s next, 20th sanctions package will further erode Russia’s ability to continue its war of aggression and thus strengthen the chances for peace. It is important for Finland that the EU adopts the package without delay and that the package includes a maritime services ban on Russia’s shadow fleet,"" he went on to say. Finland has provided more than four billion euros in support to Ukraine since 2022, including defence materiel, development cooperation assistance and humanitarian assistance. As of Sunday, it remained unclear whether Valtonen would take part in a two-day Council of Europe meeting on Ukraine that begins in Strasbourg on Tuesday. In Helsinki that day, the government will show solidarity with Ukraine by flying the Finnish and Ukrainian flags, while many of the city's landmark buildings will be illuminated in the blue-and-yellow colours of the Ukrainian flag. A ‘Light for Ukraine’ event will take place at the capital’s Senate Square on Tuesday at 5pm to show solidarity with Ukraine and commemorate the victims of the war. Speakers will include Minister of Education Anders Adlercreutz (SPP) and Minister of Science and Culture Mari‑Leena Talvitie (NCP). The intelligence agency said it's seeking creative people with good interpersonal and teamwork skills, as well as an ability to withstand stressful situations. For a salaried employee, it takes an average of 46 days to earn what a chief executive makes in a single day. Finland's pandemic-era restrictions were effective and adhered to, according to health agency THL.",https://yle.fi/a/74-20211721,2.6666666666666665,1
2026-02-21 13:38:54,Foreign policy,"Finnish foreign minister on Trump's second term: ""We’ve learned not to be shocked by minor things""","Foreign Minister Elina Valtonen (NCP) also claimed that recent racism scandals have not affected Finland’s international image ""at all"". Foreign Minister Elina Valtonen (NCP) has welcomed the US Supreme Court’s decision on Friday that stripped President Donald Trump of his right to freely impose import tariffs using the pretext of a state of emergency. ""It’s important that the rule of law also functions in the United States. When the president makes decisions that potentially violate the law, this can at least be stated,"" Valtonen said on Yle TV1's Ykkösaamu talk show on Saturday. Tariffs have been a cornerstone of Trump's foreign and economic policies. On Friday, he responded to the ruling by imposing a 10 percent global import tariff, based on different legislation. On Saturday, the president said that tariff would be raised to 15 percent. Valtonen downplayed the impact of the new tariff. ""From the point of view of Finland and our companies, it’s important to note that there’s actually not much difference here from the situation we have been in up until now,"" she declared. Valtonen pointed out that a large number of Finnish companies have been doing business in the US for a long time, and that many have moved more strongly into the US market. ""I believe that the potential there is really great, regardless of what the US administration's tariff decisions are in the coming months or years,"" the minister said. She acknowledged that the first year of Trump's second term has been exceptional in terms of trade, foreign and security policy – and said she expects more ups and downs. ""But over the past year, we’ve learned not to be shocked by minor things,"" Valtonen added, stressed that Finland's trade policy is part of the larger EU trade policy. In recent weeks, the US has concentrated military power in the Middle East and threatened Iran with military action. Valtonen does not believe that the US will risk a ground attack, but says it could launch air strikes. She said that Finland does not support an attack on Iran, instead calling for a negotiated solution. On the other hand, she agrees that the current Iranian regime is almost certainly seeking to develop a nuclear weapon. ""The most important thing would be to get a regime in Iran that primarily seeks to optimise the wellbeing of its people, rather than this kind of power politics and intimidation,"" Valtonen said. She noted that the EU has recently added Iran's Revolutionary Guard to its list of terrorist organisations, calling this ""a safe way to exert influence"". On Saturday afternoon, the Foreign Ministry updated its travel advisory to Finnish citizens in Iran. ""The security situation in Iran may continue to deteriorate rapidly. Consider the necessity of your stay in Iran and actively seek alternatives to leaving the country. Rapid changes in air traffic are possible,"" it said in a statement. ""While in the country, make sure that you have sufficient food and water supplies and, if traveling by car, that you have enough fuel,"" the advisory continued. Viewers had an opportunity to ask Valtonen questions during the programme. The nation’s top diplomat was asked how the various racist incidents during the government's term have affected Finland's image around the world. ""Not at all. In fact, Finland has a really good reputation all over the world,"" Valtonen replied. In December, Prime Minister Petteri Orpo issued a rare apology over the latest round of racist social media posts by Finns Party politicians, with a Finnish MEP declaring that the furore had been ""harmful to Finland's image and trade relations"". The nativist Finns Party is the NCP's main governing partner. Valtonen was also asked whether she intends to challenge Orpo for leadership of the National Coalition Party next summer, to which she answered simply ""no"". Orpo has led the party for nearly a decade. 21 Feb, 4.43pm: Updated with Foreign Ministry statement. 22 Feb, 9.11am: Updated with new 15% tariff. The intelligence agency said it's seeking creative people with good interpersonal and teamwork skills, as well as an ability to withstand stressful situations. For a salaried employee, it takes an average of 46 days to earn what a chief executive makes in a single day. Finland's pandemic-era restrictions were effective and adhered to, according to health agency THL.",https://yle.fi/a/74-20211635,2.3333333333333335,1
2026-02-19 10:26:32,Foreign policy,CNN: Trump expects Finnish representative at 'Peace Board' meeting,"Finland has also been asked to attend but has not accepted the invitation. US President Donald Trump's Board of Peace is set to meet for the first time on Thursday in Washington DC. Citing a Trump administration source, US cable news channel CNN has reported that the US president expects a large number of countries to join the meeting, either by sending representatives or as observers. Finland has also been asked to attend, but has not accepted the invitation. On Thursday afternoon the Finnish president's office confirmed that President Alexander Stubb will not take part in the Board of Peace meeting. However, it said that Finland would take part at the diplomatic level, as an observer. ""Finland supports efforts to achieve a lasting peaceful solution in Gaza in accordance with the UN Security Council Resolution 2803,"" the office told Yle. ""The Board of Peace is an international organisation, the joining of which would require a proposal from the Finnish government and the approval of Parliament,"" the office said. CNN published a list of the countries that have been invited to the Board of Peace summit. About 20 countries have accepted, with Hungary and Bulgaria the only EU countries that have agreed to attend. CNN has previously reported that the board, ""indefinitely chaired by Trump"", was initially meant to address the reconstruction of the Gaza Strip, which was destroyed during a two-year war with Israel. Now, however, the board aims to address conflicts around the world. According to CNN, Trump expects participating countries to send their heads of state. However, some will be sending prime ministers instead. This is partly because some Middle Eastern countries are observing the holy month of Ramadan. Edited at 14:38 on 19 February 2026 to add that the Finnish president would not be joining the meeting. The intelligence agency said it's seeking creative people with good interpersonal and teamwork skills, as well as an ability to withstand stressful situations. For a salaried employee, it takes an average of 46 days to earn what a chief executive makes in a single day. Finland's pandemic-era restrictions were effective and adhered to, according to health agency THL.",https://yle.fi/a/74-20211207,2.2,1
2026-02-16 16:26:11,Foreign policy,Rovaniemi chosen as site for Nato's Forward Land Forces HQ,"Once established, the Multinational Staff Element will become Nato's Forward Land Forces' permanent presence in the region. Defence Minister Antti Häkkänen (NCP) has chosen Finnish Lapland's capital of Rovaniemi as the location of Nato's Forward Land Forces (FLF) headquarters, according to a ministry press release on Monday. Once established, the FLF's Multinational Staff Element (MNSE), will become a permanent presence in Northern Finland, Häkkänen said in the release. ""The focus of FLF Finland’s battlegroup activities will be in Northern Finland and, largely supported by Rovaniemi and Sodankylä. Considering the synergies and the ability to support the activities, Rovaniemi is the best location for a permanent FLF Staff Element in Finland,"" he said in the release. According to the defence ministry, the structure of the MNSE will evolve in coming years. ""The peacetime strength of the MNSE will reach the same level as the Multi Corps Land Component Command in Mikkeli. This is a step towards strengthening Nato's deterrence and defence in the High North and the Arctic region. The MNSE should eventually have a few dozen employees. Together with the Allies contributing to FLF Finland, we are enhancing readiness across the Alliance and building even better interoperability,"" Häkkänen said. The FLF are part of the defence alliance's peacetime activities, the ministry explained. Under normal circumstances, they train and exercise with national defence forces. According to the ministry, troops will be in Finland for exercises as well as when the security situation requires. ""The FLF are part of Nato’s operations planning. Should the security situation change, the FLF presence could be scaled up to brigade size. Allies also exercise their ability to increase the land forces in peacetime,"" the ministry's release read. Around half of the tasks at the multinational headquarters will be carried out by Finnish and Swedish personnel, while the other half will be done by other Nato countries. According to Heikki Autto, a National Coalition Party MP from Lapland and chair of the parliamentary defense committee, the headquarters will be located in Rovaniemi's garrison area — and planning can start now. Rovaniemi's mayor, Ulla-Kirsikka Vainio, said she was pleased to hear about the decision, noting the city has been waiting a long time for the news. She said the city is prepared to welcome international troops and their family members. As an example, Rovaniemi offers English-language primary and upper-secondary education programmes — as well as daycare services. Vainio said she thinks that the city can also provide jobs for Nato personnel members' spouses. The intelligence agency said it's seeking creative people with good interpersonal and teamwork skills, as well as an ability to withstand stressful situations. For a salaried employee, it takes an average of 46 days to earn what a chief executive makes in a single day. Finland's pandemic-era restrictions were effective and adhered to, according to health agency THL.",https://yle.fi/a/74-20210621,3.8333333333333335,1
2026-02-16 10:38:08,Foreign policy,Valtonen to Israeli FM: Finland supports two-state solution,"""I reaffirmed Finland's support for regional stability and securing a path towards the two-state solution,"" Foreign Minister Elina Valtonen (NCP) said. Following a meeting with her Israeli counterpart, Finnish Minister for Foreign Affairs Elina Valtonen (NCP) reaffirmed Finland's support for stability in Gaza and the West Bank and ""securing a path towards a two-state solution"". Valtonen made the comments in a post on X on Sunday, after meeting with Israel's Foreign Minister, Gideon Sa'ar, in Jerusalem. ""We discussed our bilateral relations based on decades of exchanges at all levels, from decision-makers to citizens. We also discussed regional security, Gaza and the West Bank,"" Valtonen said in the post. ""I emphasized the urgent needs of the civilian population in Gaza and the importance of unhindered access of humanitarian aid. I reaffirmed Finland's support for regional stability and securing a path towards the two-state solution,"" Valtonen continued. At least 11 people died in Israeli strikes on Gaza on Saturday night, according to Reuters, among other news outlets. Valtonen's visit to Israel and the occupied Palestinian territory is set to continue on Monday. ""Finland's long-term policy is to support a two-state solution to achieve a lasting and peaceful solution between Israel and the Palestinians. The discussions in Israel and the Occupied Palestinian territory will support this goal and strengthen our bilateral dialogue with both Israel and the Palestinian Authority,"" Valtonen said in a press release on Sunday. She is scheduled to meet with Israeli President Isaac Herzog in Jerusalem and Palestinian Authority Prime Minister Mohammad Mustafa in Ramallah. Valtonen is also to meet members of Palestinian civil society and visit the World Holocaust Remembrance Center, Vad Vashem. The intelligence agency said it's seeking creative people with good interpersonal and teamwork skills, as well as an ability to withstand stressful situations. For a salaried employee, it takes an average of 46 days to earn what a chief executive makes in a single day. Finland's pandemic-era restrictions were effective and adhered to, according to health agency THL.",https://yle.fi/a/74-20210508,4.0,1
2026-02-15 11:01:59,Foreign policy,FM Valtonen begins visit to Israel and the Palestinian territories,"Finland supports a two-state approach to achieving a ""lasting and peaceful solution between Israel and the Palestinians"", foreign minister Elina Valtonen said prior to her trip. Finland's Foreign Minister Elina Valtonen (NCP) began a two-day trip to Israel and the Palestinian territories on Sunday. Valtonen is scheduled to meet Israeli President Isaac Herzog and Minister for Foreign Affairs Gideon Sa'ar in Jerusalem, as well as Prime Minister of the Palestinian Authority Mohammad Mustafa in Ramallah. According to a press release from the foreign ministry, the discussions will focus on Finland’s bilateral relations with Israel and the Palestinian Authority as well as the Israeli-Palestinian conflict. ""Finland’s long-term policy is to support a two-state solution to achieve a lasting and peaceful solution between Israel and the Palestinians,"" Valtonen said in the press release. ""The discussions in Israel and the Palestinian territory will support this goal and strengthen our bilateral dialogue with both Israel and the Palestinian Authority."" During her visit, the minister will also meet Palestinian civil society actors and pay a visit to the World Holocaust Remembrance Center Yad Vashem. Prior to her trip, Valtonen attended the Munich Security Conference this weekend, where she was part of the Finnish delegation alongside Finnish President Alexander Stubb and Defence Minister Antti Häkkänen (NCP). After meeting with President Stubb on the sidelines of the conference, US Secretary of State Marco Rubio thanked Finland for ""pushing our Allies on defense spending commitments"" in a post on social media platform X. Valtonen had earlier welcomed Rubio's comments on the importance of the relationship between the United States and Europe, which the secretary of state made during his address to the conference on Saturday afternoon. The intelligence agency said it's seeking creative people with good interpersonal and teamwork skills, as well as an ability to withstand stressful situations. For a salaried employee, it takes an average of 46 days to earn what a chief executive makes in a single day. Finland's pandemic-era restrictions were effective and adhered to, according to health agency THL.",https://yle.fi/a/74-20210405,3.8,1
2026-02-14 13:25:08,Foreign policy,Finland welcomes Marco Rubio's comments on transatlantic unity,"The US Secretary of State spoke of the importance of US-European relations during his speech at the Munich Security Conference on Saturday. Finland's political leaders have welcomed comments by US Secretary of State Marco Rubio on transatlantic unity during his speech at the Munich Security Conference on Saturday. ""In a time of headlines heralding the end of the transatlantic era, let it be known and clear to all that this is neither our goal nor our wish, because for us Americans, our home may be in the western hemisphere, but we will always be a child of Europe,"" Rubio said. Finnish foreign minister Elina Valtonen (NCP) told reporters that Rubio's speech was ""exactly what has been needed both in Europe and in the United States"", adding that it was a welcome change in tone compared to the rhetoric at the World Economic Forum (WEF) in Davos last month. ""Now there was a clear gesture of outreach; this is a good basis on which to continue,"" Valtonen said, noting that Rubio repeatedly used the word ""together"". News agency Reuters reported however that Rubio's speech was ""notably short on specifics"", as he did not mention Russia once during his half-hour address nor did he specifically refer to Nato by using the alliance's name. Finnish President Alexander Stubb is also attending the conference, and he is due to meet with Rubio later on Saturday. The pair encountered each other briefly as Stubb was leaving The Economist's on-site studio at the summit, just as Rubio was arriving. Altogether nearly 50 heads of state and government are attending this year's annual conference, which aims to promote conflict resolution via improved international cooperation and dialogue. The intelligence agency said it's seeking creative people with good interpersonal and teamwork skills, as well as an ability to withstand stressful situations. For a salaried employee, it takes an average of 46 days to earn what a chief executive makes in a single day. Finland's pandemic-era restrictions were effective and adhered to, according to health agency THL.",https://yle.fi/a/74-20210324,2.6,1
2026-02-14 09:19:53,Foreign policy,USU: Finns losing confidence in Nato security guarantees,"Distrust towards the current US administration has undermined Finns' overall confidence in Nato, according to one foreign policy specialist. Fewer than half of Finns say they have faith in the Nato military alliance, according to the results of a survey commissioned by the Uutissuomalainen (USU) news group. Some 46 percent of respondents to the poll said they trust the alliance, while 32 percent said they do not. One in five meanwhile preferred not to give their opinion. The survey also found that men were more likely to have faith in Nato, with 55 percent expressing that view, compared to just 37 percent for women. In addition, supporters of the Finnish coalition government's two biggest parties — National Coalition Party and the Finns Party — also placed far more trust in the alliance, polling around 70 percent for both groups. The least amount of trust was found to be among Left Alliance voters, at just 18 percent, with 63 percent of that cohort saying they did not believe that Nato would guarantee the security of Finland and Europe. Iro Särkkä, a Senior Research Fellow at the Finnish Institute of International Affairs, told USU that distrust of the current US administration has undermined Finns' overall confidence in Nato. The survey was conducted by Iro Research on behalf of USU between 20 and 28 January 20. A total of 1,000 people responded to the poll and the margin of error is 3.1 percentage points in either direction. The intelligence agency said it's seeking creative people with good interpersonal and teamwork skills, as well as an ability to withstand stressful situations. For a salaried employee, it takes an average of 46 days to earn what a chief executive makes in a single day. Finland's pandemic-era restrictions were effective and adhered to, according to health agency THL.",https://yle.fi/a/74-20210302,2.0,1
2026-02-12 07:10:35,Foreign policy,Migri deportation order quashes Venezuelan couple's dream of safe life in Finland,"Despite President Nicolás Maduro's removal from power last month, organisations such as Amnesty International say Venezuelan citizens still face the threat of imprisonment and persecution. The Finnish Immigration Service (Migri) has denied asylum to a Venezuelan couple on the grounds that they are not prominent political figures and their participation in past protests is no longer relevant. However, if returned to Venezuela, Deylin Anzola and Luis Zapata have revealed to Yle News that they could face prison terms of up to 20 years under a series of new laws introduced over the past two years that have further tightened government control over civil society and political opposition. Anzola and Zapata left Venezuela for Peru in 2018 because of the political climate in their home country and the suppression of any form of protest. However, life for Venezuelans in Peru has become increasingly challenging in recent years due to economic hardships, restrictive integration policies and increasing levels of anti-Venezuelan sentiment. In 2025, they applied for asylum in Finland. ""We were looking for somewhere to feel safe,"" Anzola explains. ""We wanted to live in a place where we could trust the government and the police. We didn't have that back in our country."" In January 2026 however, Migri rejected their application. They now face the prospect of being deported back to Venezuela at a time of huge political and social upheaval in the South American country. Although Venezuela's erstwhile President Nicolás Maduro was removed from the country by US special forces earlier this year and brought to New York to face drug trafficking charges, his regime remains very much in power. Maduro had ruled Venezuela by decree since 2015, quashing public opposition and silencing or imprisoning critics. He secured a third term in office in 2024, despite international observers widely reporting that he had lost the vote. After Maduro's detention by US forces on 3 January, the ousted president's deputy, Delcy Rodríguez, was sworn in as his replacement. However, as human rights organisation Amnesty International pointed out in a report published last week, evidence of widespread repression, including ""arbitrary detentions, enforced disappearances and extrajudicial executions"" by the Maduro regime have been well-documented over the past decade. ""The state machinery responsible for those crimes is still firmly in place, now supported by the US authorities’ involvement,"" Amnesty International Secretary General Agnès Callamard stated. This spells trouble for any Venezuelan citizen who has ever dared to criticise the regime, whether headed by Maduro or Rodríguez. ""Just by talking freely like this, we will probably be now considered an enemy of the Venezuelan state, because this is what they hate the most, that people want to tell the truth,"" Zapata says. In the video below, Luis Zapata outlines why he and his girlfriend Deylin Anzola fear for their safety and liberty if they are deported to Venezuela. Despite Maduro's removal from power last month, reports from inside the country indicate that very little has yet changed for the people of Venezuela. The highly-publicised release of hundreds of political prisoners by the Venezuelan government in recent weeks, for example, has been dismissed by critics of the regime as a ploy to appease Trump. In an interview with the BBC, Ramón Guanipa, the son of opposition leader Juan Pablo Guanipa, warned Trump ""not [to] be fooled"" by the government's tactics, adding that if Trump ""thinks this is going alright, it is not"". Against this backdrop, Deylin Anzola says that a culture of fear and distrust of authorities still hangs over the country, and this makes her fearful of what will happen to her if she is forcefully returned to Venezuela. ""I participated in protests in 2017 because I was against the government and all these things that were happening,"" Anzola explains, adding that she also posted ""memes and that kind of content"" on her Facebook and Instagram accounts following the widely disputed election result of 2024. ""After that, the government published a law that said if you share that kind of thing you are against the government. They said it's a hate crime,"" she says. The punishments for such actions could be up to 20 years in prison, Anzola adds. Zapata meanwhile points out that aside from political statements, merely complaining about a lack of basic necessities in Venezuela could be considered seditious under the terms of the government's draconian laws. He cites as an example the water that flows into his mother's home. ""It's brown. You cannot cook with it. You cannot clean with it. You cannot do your laundry,"" he says. Yet complaining about the quality of the water could potentially land someone in prison, due to the regime's new laws. ""That's treason [to complain]. How can that be treason?"" Zapata asks. ""But this is the reality of life for people in Venezuela. They have to keep their mouths shut."" The concerns Anzola and Zapata carry about the consequences and hardships they might face in Venezuela are well-founded. Yle's veteran foreign correspondent Pertti Pesonen has covered events in Venezuela extensively over the past two decades, including the production of a documentary in 2018 that was censored by the Venezuelan government. He tells Yle News that not much has changed in the years since. ""There are about nine million Venezuelans who have left Venezuela, and they leave it for a reason, in most cases because life there is impossible,"" he says, adding that as ""there's no rule of law in Venezuela"", people can be arrested and detained for spurious reasons. Finnish diplomat Eija Rotinen agrees with Pesonen's assessment that the situation in Venezuela is uncertain and unpredictable. Rotinen has served as Finland's ambassador to Colombia since late last year, and should also be the Finnish head of mission in Venezuela. However, her attempts to receive accreditation from the Venezuelan government have been complicated by the disputed nature of the 2024 election results. Rotinen has not been able to visit Venezuela since beginning her post in Bogotá last September, but she has heard from the Finnish consulates about conditions inside the country since Maduro's removal from office. ""I also hear that it's a totalitarian system, so it's not dependent on one person at all, it's the whole machinery with the Collectivos [pro-government paramilitary groups] and the military, and so the Venezuelan people themselves have been quite careful about expressing any joy for the departure of Maduro, because so many others are still there,"" she explained. In her view, Finland should ""wait and see"" how the situation in Venezuela develops before making any decision about deporting people back to the country. ""My view is that it's not necessarily a safe country to return,"" she says. ""It might be one day, but at the moment I would dare say that things haven't changed that much."" Pesonen meanwhile added that, given his knowledge of the country's judicial system and its close ties with the regime, he would not recommend that Finland deport a Venezuelan citizen back to the country. ""I think the rule is that the country has to be considered safe in order to deport somebody, and Venezuela definitely is not a country that can be considered safe with 100 percent certainty,"" he says. Yet this is exactly what Migri plans to do. In the decision handed down by Migri to Anzola and Zapata, as seen by Yle News, the agency notes that the couple are afraid they would be imprisoned for anti-government activities if they were returned to Venezuela. Migri's document also states that the couple have given consistent and honest accounts of the events they have participated in and their fears of the consequences. However, their application for asylum was rejected. Migri's Special Senior Administrative Officer Teija Savolainen acknowledged in an email to Yle News that the ""social, political, and humanitarian situation in Venezuela is difficult"" but noted that there is no ongoing war or internal armed conflict. Each application is handled on an individual, or case-by-case, basis, she added. ""The security situation in Venezuela is not considered to be so serious that those returning to Venezuela would be in real danger of being subjected to the death penalty, torture, persecution or other treatment that violates human dignity,"" Savolainen wrote. However, she also revealed that Migri does ""not have country-specific instructions for processing applications from Venezuelan citizens"", but instead relies on its own guidelines for application of law when deciding on such cases. ""We're trying to make them [Migri] understand that no one is actually safe in Venezuela,"" Zapata says. Migri's refusal of Anzola and Zapata's asylum also comes despite the fact that Venezuelans have been added to Finland's list of quota refugees for 2026, which seeks to offer protection to particularly vulnerable groups of people as decreed by the UNHCR. The list specifies that Finland will offer 50 asylum places to Venezuelans who have resided in Peru, as Anzola and Zapata did before applying for protection from Finnish authorities. Finland also advised its citizens in December to avoid all travel to Venezuela due to the deteriorating security situation in the country. Anzola and Zapata have appealed Migri's decision, and they now live in hope that the Finnish authorities will change their minds. For now, they are trying to further integrate into Finland, a country they had hoped would be their new home — by learning Finnish and adapting to Finnish culture. ""We're trying to learn Finnish as much as we can, because we want to find a job and we know it is really important to speak Finnish,"" Anzola says. In the video below, Deylin Anzola and Luis Zapata explain how they felt about Migri rejecting their applications for asylum. However, the prospect of being deported back to Venezuela hangs over them the entire time. They are sceptical about the regime's claims that life in Venezuela is changing. ""These people have been lying to us all our lives,"" Zapata says. Correction, 13 January, 10.46am: Removed reference to Trump 'installing' Rodríguez as Maduro's replacement. The intelligence agency said it's seeking creative people with good interpersonal and teamwork skills, as well as an ability to withstand stressful situations. For a salaried employee, it takes an average of 46 days to earn what a chief executive makes in a single day. Finland's pandemic-era restrictions were effective and adhered to, according to health agency THL.",https://yle.fi/a/74-20209150,1.8571428571428572,1
2026-02-11 11:54:45,Foreign policy,Stubb and Orpo debate Europe's uncertain future at high-profile summits,"President Alexander Stubb heads to the Munich Security Conference while PM Petteri Orpo (NCP) meets with EU colleagues at a Belgian castle before a visit to the Winter Olympics. Finnish President Alexander Stubb heads to Germany for the Munich Security Conference on Friday and Saturday. Nearly 50 heads of state and government are to attend, including the leaders of most European countries, the EU, Nato and the UN. The US will be represented by Secretary of State Marco Rubio. Along with the conference’s basic theme of European security and defence, participants will discuss the fraught state of transatlantic relations and the multilateral system and Russia’s full-scale war in Ukraine, now entering its fifth year. Stubb is to take part in several discussion and panel events, including a Nato-hosted roundtable on the future information environment. He will also hold one-to-one talks with various other leaders on the sidelines of the conference. The president will be accompanied by Foreign Minister Elina Valtonen and Defence Minister Antti Häkkänen, both from Stubb’s former National Coalition Party (NCP). Stubb’s successor as NCP leader, Prime Minister Petteri Orpo, meanwhile travels to Belgium on Thursday for an EU leaders’ retreat. The informal meeting, focusing on EU competitiveness, will be held at Alden Biesen castle in northeastern Belgium. In a statement ahead of the meeting, Orpo said that the EU should reduce its ""harmful dependencies,"" without providing any more specifics. EU leaders are to discuss Europe’s future competitiveness with former Italian PM and European Central Bank chief Mario Draghi, among others. Orpo will also attend the Milan–Cortina Winter Olympics, meeting Finnish athletes and cheering them on. The games run until 22 February in northern Italy. The intelligence agency said it's seeking creative people with good interpersonal and teamwork skills, as well as an ability to withstand stressful situations. For a salaried employee, it takes an average of 46 days to earn what a chief executive makes in a single day. Finland's pandemic-era restrictions were effective and adhered to, according to health agency THL.",https://yle.fi/a/74-20209586,4.0,1
2026-02-08 12:08:22,Foreign policy,Finland commits €3m to UN women's initiative in Ukraine,"The foreign ministry says the effort demonstrates Finland's commitment to supporting the rights of women and girls and aiding Ukraine's recovery. Finland has announced plans to allocate three million euros towards supporting the UN Women's Ukraine Country Programme during 2026-2028, according to the Finnish foreign ministry. In a press release on Friday, the ministry said the move demonstrates Finland's commitment to supporting the rights of women and girls and aiding Ukraine's recovery and rebuilding. ""Supporting UN Women in Ukraine is an investment in the country’s resilience and its gender equality efforts. Through this funding, we aim to promote the rights and agency of women and girls living in crisis-affected areas,"" Minister for Foreign Trade and Development, Ville Tavio (Finns), said in the release. The UN programme works to advance gender equality through cooperation with Ukrainian authorities and civil society. According to the ministry, Finland's goal in supporting the effort is to ensure equal access to services and decision-making, ""and to help build a sustainable future"". The ministry said Finland's aim is to promote women's private-sector engagement, boost innovation and digitalisation, as well as ensure that Ukrainian women have ""the opportunity to shape reconstruction solutions"". The intelligence agency said it's seeking creative people with good interpersonal and teamwork skills, as well as an ability to withstand stressful situations. For a salaried employee, it takes an average of 46 days to earn what a chief executive makes in a single day. Finland's pandemic-era restrictions were effective and adhered to, according to health agency THL.",https://yle.fi/a/74-20208978,3.5,1
2026-02-05 14:11:05,Foreign policy,Migri partially suspends review of Iranian asylum applications,"Iran is experiencing intense, nationwide anti-government protests since the start of the year. Finland's immigration authority Migri has partially suspended the processing of asylum applications from Iranian nationals. The Finnish Immigration Service said it would pause decisions in cases that require updated information about Iran's domestic situation. The move follows a review of Iran's security environment, which officials say has shifted amid large scale protests and the increasingly forceful response of Iranian security forces. According to the agency, such pauses are standard practice across the European Union when there are significant and sudden changes in a country's security situation, making it difficult to reliably assess an applicant's circumstances. Migri is currently considering roughly 100 asylum applications from Iranian citizens. Last month, Finnish Foreign Minister Elina Valtonen (NCP) urged Iran's regime to ""immediately stop violence against its own citizens."" The intelligence agency said it's seeking creative people with good interpersonal and teamwork skills, as well as an ability to withstand stressful situations. For a salaried employee, it takes an average of 46 days to earn what a chief executive makes in a single day. Finland's pandemic-era restrictions were effective and adhered to, according to health agency THL.",https://yle.fi/a/74-20208536,3.0,1
2026-02-05 12:16:50,Foreign policy,"Finland doesn't like Article 5 talk regarding Ukraine, Politico says","The US news outlet is again reporting on Finland featuring in US State Department cables. News outlet Politico is following up on its reporting of dispatches obtained from the US Embassy in Helsinki. It now reports that Finland has urged American officials not to describe future security pledges to Ukraine as ""Article 5-like."" Article 5 is Nato's mutual defence clause, outlining that an armed attack on one member is considered an attack on all of the alliance's members. The cable is based on discussions in mid-January between Foreign Minister Elina Valtonen (NCP) and American lawmakers who are also members of the House Armed Services Committee. Politico suggests that talk of Article 5 regarding Ukraine could weaken the clause's deterrence while confusing other bilateral promises made to the country. The news outlet also attributed Valtonen as underscoring Finland's position that Russia is a ""long-term strategic threat"" and warned against a ""weak"" peace deal for Ukraine. The Foreign Ministry has not commented on the reporting. In December Prime Minister Petteri Orpo (NCP) said that Finland is not prepared to offer security guarantees to Ukraine. The intelligence agency said it's seeking creative people with good interpersonal and teamwork skills, as well as an ability to withstand stressful situations. For a salaried employee, it takes an average of 46 days to earn what a chief executive makes in a single day. Finland's pandemic-era restrictions were effective and adhered to, according to health agency THL.",https://yle.fi/a/74-20208496,2.0,1
2026-02-03 12:45:25,Foreign policy,"Valtonen plays down strains in US–Finnish relations: ""Let's not get a divorce""","Finland appears in US State Department cables on Greenlan, obtained by Politico. Finland features in US State Department dispatches obtained by Politico which relate to Greenland. ""The Finns were desperate to prevent a trade war over the island,"" Politico wrote of diplomatic exchanges in the aftermath of Donald Trump's demands to acquire Greenland. According to Politico, Finnish Foreign Minister Elina Valtonen (NCP) told visiting members of the United States Congress that the deployment of a few Finnish soldiers to Greenland had been a ""misunderstanding."" The claim appears in a diplomatic cable sent from the US embassy in Helsinki on 20 January. The foreign ministry has rejected this account, saying Finland's dispatch of officers to Greenland was not the result of any misunderstanding. In January, Finland said it would send two liaison officers to Greenland to explore training opportunities. The announcement came just days after the White House had indicated that the United States was also considering military options related to Greenland. According to the online publication, Valtonen came across as eager to calm tensions. It cited Valtonen as saying Finland had no plans of any kind to do anything ""against the Americans,"" adding that ""a couple of guys"", referring to the Finnish officers in Greenland, had already returned to Finland. Politico also suggested Valtonen downplayed the European Union's threat of retaliatory tariffs, describing it as a ""negotiating tactic"" and said she intended to press the bloc to ""do anything to prevent a trade war."" ""Let's not get a divorce,"" Valtonen said, according to one cable, ""especially not a messy one."" In mid-January, Trump threatened to impose tariffs on countries that refused to comply with his demand concerning Greenland. Politico said the Finnish leadership did not respond to a request for comment. The cables exposed by Politico also highlight China's apparent hope that Trump's demand would drive a wedge between Europe and the United States. Politico noted that the exchanges, more than anything, underscore how important the US remains to Europe. The intelligence agency said it's seeking creative people with good interpersonal and teamwork skills, as well as an ability to withstand stressful situations. For a salaried employee, it takes an average of 46 days to earn what a chief executive makes in a single day. Finland's pandemic-era restrictions were effective and adhered to, according to health agency THL.",https://yle.fi/a/74-20208031,1.8,1
2026-02-05 15:22:58,History,Turku café bakes world's biggest Runeberg pastry,"The cake stands at 57 centimetres, weighing more than 33 kilos. What is being billed as the world's largest Runeberg torte has been baked in Turku, at Café Dominic in the local adult education centre. The cake rises 57 centimetres and weighs 33.5 kilos. It can be cut into roughly 350 slices, the product of three days' work in the kitchen. On Wednesday, baker Tero Kemppainen put the finishing touches to the confection alongside chef Robin Hoppe. Lifting the jam-topped ""cap"" into place required a steady hand from both. ""The final details are always the most nerve-racking,"" Kemppainen said, adding that the two managed the task ""with four hands"" without mishap. He revealed the technique behind achieving such height, drawing on experience from similarly towering wedding cakes. Yle News reporter Matthew Schilke dove into the history of the Runeberg torte in the embedded video below. The previous record dates back two years to a café in Pori, where a Runeberg torte measuring 46 centimetres was produced. Finland observes Runeberg Day on 5 February in honour of Finland's national poet, Johan Ludvig Runeberg. The commemorations are closely associated with the Runeberg torte, a pastry that has become the edible highlight of the occasion. The intelligence agency said it's seeking creative people with good interpersonal and teamwork skills, as well as an ability to withstand stressful situations. For a salaried employee, it takes an average of 46 days to earn what a chief executive makes in a single day. Finland's pandemic-era restrictions were effective and adhered to, according to health agency THL.",https://yle.fi/a/74-20208551,3.75,1
2026-02-20 13:48:24,Politics,Finns Party's Wille Rydman appointed social affairs and health minister,"At the same time, Kaisa Juuso (Finns) was released from her duties at the head of the ministry. Finnish President Alexander Stubb on Friday formally appointed MP Wille Rydman (Finns) as the country's new minister of social affairs and health. At the same time, the president released Kaisa Juuso (Finns) from her duties as social affairs and health minister, according to a government press release. Just over a week ago, the Finns Party's leader, Riikka Purra, announced that Juuso was stepping down from the post and would also be taking a period of sick leave. Juuso also took sick leave last spring. After Purra's announcement, Juuso wrote in a Facebook post that her work at the health ministry had been trying. Since last summer, shs has led a working group tasked with finding ways of cutting social services spending by 100 million euros. However, the group only proposed cuts of half that amount. Rydman, 40, will likely need to find saving measures for the ministry, as PM Petteri Orpo's (NCP) coalition government is expected to further cut spending. In December, Purra — who serves as finance minister — said the Finns Party would be prepared to make further spending cuts during the remainder of the government's term. As Rydman stepped down from his role as economic affairs minister, taking a ministerial oath for his new post was not necessary. The intelligence agency said it's seeking creative people with good interpersonal and teamwork skills, as well as an ability to withstand stressful situations. For a salaried employee, it takes an average of 46 days to earn what a chief executive makes in a single day. Finland's pandemic-era restrictions were effective and adhered to, according to health agency THL.",https://yle.fi/a/74-20211511,2.25,1
2026-02-20 11:20:52,Politics,"HS: Orpo says government is not preparing to abolish inheritance, gift tax","""This is not in the government programme,""  Prime Minister Petteri Orpo (NCP) told Helsingin Sanomat. Prime Minister Petteri Orpo's (NCP) government is not currently preparing to abolish the inheritance and gift tax, according to newspaper Helsingin Sanomat (HS). HS wrote that business group the Confederation of Finnish Industries (EK), as well as a number of NCP members, have called for the abolition of inheritance and gift taxes. The paper further noted that the government has already made a number of decisions that the business and industrial sector has wanted. The National Coalition Party, which Orpo leads, has a long-term goal of abolishing inheritance and gift taxes. HS asked Orpo whether his government is planning to raise the issue of getting rid of inheritance and gift taxes during the remainder of its term. ""We are partly discussing this publicly, but I am only stating my own position. This is not in the government programme,"" Orpo told HS, adding that his administration had already made its big taxation decisions last year. The paper noted that easing corporate taxes was not in the government programme either, but the four-party coalition still decided to do so. As it was working on its budget last year, the government did not reach a consensus about the abolition of inheritance and gift taxes. Doing so would have left a major dent in revenue, amounting to hundreds of millions of euros. ""In terms of the economy, no solution was found that would have been able to finance the abolition of the tax,"" Orpo told HS. However, the government did manage to ease inheritance and gift taxes, with MPs approving the reform at the end of last year. The intelligence agency said it's seeking creative people with good interpersonal and teamwork skills, as well as an ability to withstand stressful situations. For a salaried employee, it takes an average of 46 days to earn what a chief executive makes in a single day. Finland's pandemic-era restrictions were effective and adhered to, according to health agency THL.",https://yle.fi/a/74-20211460,1.75,1
2026-02-19 11:18:58,Politics,Unions: Planned integration cuts would also threaten hundreds of teaching jobs,"The Finnish government has proposed cutting integration funding by around 47 million euros. The Trade Union of Education (OAJ) and Sivista, a union representing private education sector employers, are both opposed to the government's plans to cut integration programmes for immigrants. According to the unions, the planned cuts would not only affect immigrants' language studies, they would also threaten hundreds of teaching jobs. The government has proposed cuts to integration programmes amounting to around 47 million euros. The share of those cuts in liberal arts education amounts to around seven million euros. According to the government's proposal, the cuts would effectively end funding for literacy and language training at adult education centres and local institutions, among other impacts. Yle News' podcast All Points North asked if Finland is making integration more difficult. You can listen to the episode via this embedded player, on Yle Areena, via Apple, Spotify or wherever you get your podcasts. The intelligence agency said it's seeking creative people with good interpersonal and teamwork skills, as well as an ability to withstand stressful situations. For a salaried employee, it takes an average of 46 days to earn what a chief executive makes in a single day. Finland's pandemic-era restrictions were effective and adhered to, according to health agency THL.",https://yle.fi/a/74-20211235,2.0,1
2026-02-18 16:19:20,Politics,Finnish MPs reject citizens' initiative to legalise cannabis,"The citizens' initiative was started in 2022. Finnish lawmakers on Wednesday voted by a wide margin to reject a citizens' initiative calling for the legalisation of cannabis. The votes fell 145-18, with no abstentions and 36 MPs absent. The decision followed a recommendation in December by the Legal Affairs Committee that the proposal be rejected. The committee said it based its decision on a report by the Institute for Health and Welfare (THL). THL's report stated that the use of cannabis can be addictive and potentially lead to a number of harms, despite noting that the substance is far less harmful than many other intoxicants. Votes to reject the initiative came from a majority of the governing National Coalition Party, the Finns Party, the Swedish People's Party and the Christian Democrats. Regarding opposition parties, the votes against the measure were cast by a broad majority of the Social Democrats and the Centre Party. The votes in favour of the measure came from the Green Party and the Left Alliance. The citizens' initiative to legalise cannabis was started in 2022. It garnered the required 50,000 signature mark — enabling its submission to parliament — the following year. The initiative called for the legalisation of the use, possession, personal cultivation, manufacture and sale of cannabis in Finland, subject to age restrictions. It also proposed the establishment of a regulatory system for the production and sale of cannabis comparable to those regulating other intoxicants, with the aim of minimizing harms. A previous citizens' initiative to decriminalise cannabis reached the required 50,000 signatures in 2019. However, in April 2022, the Legal Affairs Committee voted to reject it. The intelligence agency said it's seeking creative people with good interpersonal and teamwork skills, as well as an ability to withstand stressful situations. For a salaried employee, it takes an average of 46 days to earn what a chief executive makes in a single day. Finland's pandemic-era restrictions were effective and adhered to, according to health agency THL.",https://yle.fi/a/74-20211094,2.0,1
2026-02-12 16:32:48,Politics,Health minister Juuso suddenly resigns,"Finns Party chair and Finance Minister Riikka Purra made the announcement at a surprise news conference, adding that the party hopes to choose a replacement next week. Minister of Social Affairs and Health Kaisa Juuso (Finns) has resigned. Finns Party chair and Finance Minister Riikka Purra made the announcement at a surprise news conference on Thursday afternoon. She said that Juuso will also be taking sick leave, as she did last spring. Purra said that the Finns Party hopes to choose her replacement early next week. The government has just over a year left in its legislative term. ""I have submitted my resignation from the position of minister,"" Juuso wrote in a Facebook post later in the afternoon. ""The work has been really hard and we have had to make difficult decisions to secure services that are important to Finns. I think I've done my best, but now it's time for someone else to continue. I wish a lot of strength to my successor, whom I will help as best I can,"" she said, adding that she would be on sick leave indefinitely and would not comment further on her decision. Just a day earlier, Juuso published a major report on reining in social welfare services costs. Since last summer, she led a working group tasked with finding ways of cutting social services spending by 100 million euros. The panel only proposed cuts of around 50 million euros. It proposed savings through measures such as streamlining and combining services, with a minimal impact on customers' rights and services. Last autumn, Juuso faced controversy over the fate of a hospital in Kemi, and over her hiring of her 25-year-old son to replace her former assistant – who left the post after referring to social welfare recipients as ""losers"" in a social media post. The intelligence agency said it's seeking creative people with good interpersonal and teamwork skills, as well as an ability to withstand stressful situations. For a salaried employee, it takes an average of 46 days to earn what a chief executive makes in a single day. Finland's pandemic-era restrictions were effective and adhered to, according to health agency THL.",https://yle.fi/a/74-20209987,2.4,1
2026-02-07 16:23:08,Politics,Donor-conceived adults in Finland gain access to their origins,"Since 2007, sperm and egg donation in Finland has not been anonymous. The first children conceived since then are reaching adulthood, granting them the right to learn the identity of their donor. In Finland, it has for several years no longer been possible to donate gametes anonymously. The Act on Assisted Fertility Treatments, which entered into force in September 2007, requires that all donors be registered in a database maintained by the Finnish Supervisory Agency. The register contains the donor's first and last name, date of birth and nationality. Even before 2007, donors could consent to having their details recorded, but back then, it was voluntary. The first children conceived under the current regulatory framework will turn 18 this year. According to the Finnish Institute for Health and Welfare (THL), 402 children were born as a result of treatments using donated gametes in 2007. Antti Perheentupa, a reproductive medicine expert at Turku University Hospital, said that the reform initially caused widespread concern within the field. ""We thought that no one would want to become a donor anymore. For a time, the number of donors did drop, but when we spoke publicly in the media about the problem, the situation improved,"" he said According to Perheentupa, the rationale for banning anonymous donation was that children conceived this way should have the right to know about their genetic background and biological origins. Perheentupa said it is difficult to estimate how many will choose to exercise the right to find out the identity of their donor. Today, around 800 children are born in Finland each year with the help of donated sperm and egg cells. The intelligence agency said it's seeking creative people with good interpersonal and teamwork skills, as well as an ability to withstand stressful situations. For a salaried employee, it takes an average of 46 days to earn what a chief executive makes in a single day. Finland's pandemic-era restrictions were effective and adhered to, according to health agency THL.",https://yle.fi/a/74-20208912,1.75,1
2026-02-06 10:35:17,Politics,Venezuelans included in refugee quota,"Finland will admit 50 Venezuelans from Peru as part of its annual refugee quota. The government has confirmed its 2026 refugee quota, keeping it unchanged from the past two years. Finland admits 500 quota refugees annually. This year, that figure includes 150 Afghans from Iran, 120 Congolese from Rwanda and 100 Syrians from Turkey. In addition, Finland will admit 50 Venezuelans from Peru, 30 evacuees from Libya via Rwanda, and 50 emergency cases without nationality or regional restrictions. Last year's quota distribution sparked debate in Finland after the Non-Discrimination Ombudsman suggested the Interior Ministry's political leadership was prioritising Christian asylum seekers. The Chancellor of Justice ultimately found the preparation of the allocation flawed but determined that religion had not been used unlawfully as a criterion. The intelligence agency said it's seeking creative people with good interpersonal and teamwork skills, as well as an ability to withstand stressful situations. For a salaried employee, it takes an average of 46 days to earn what a chief executive makes in a single day. Finland's pandemic-era restrictions were effective and adhered to, according to health agency THL.",https://yle.fi/a/74-20208705,2.3333333333333335,1
2026-02-05 11:27:56,Politics,"Support for opposition Social Democrats hits 25%, Yle's survey finds","The Finns Party, which fell to fourth place, saw the biggest decline in support. Parts of the article content might not be accessible, for example, with a screen reader. One-quarter of voters in Finland would cast their ballots for the opposition Social Democrats, according to Yle's latest political support survey. The SDP saw support rise by more than a full percentage point, even as inter-party allegations about inappropriate workplace behaviour circulated during the first month of the year. Now, the country's biggest opposition party has a six-point lead over Prime Minister Petteri Orpo's National Coalition Party. The Centre Party was the survey's third-most popular among prospective voters, seeing an uptick of 0.8 percent in support. Among all parties, the Finns Party, which fell to fourth place, saw the biggest drop (-1.8%) in support. Yle commissions the political support survey every month, and polling is carried out by Taloustutkimus. According to the survey firm's research chief, Tuomo Turja, recent political scandals appear to have had little impact on people's support for the parties. For example, the Finns Party became embroiled in a furore in December over allegations of racism. Some of its members posted images of themselves stretching their eyelids to the side, purportedly in support of the former Miss Finland, who was seen doing the same in a scandal that resulted in her losing the title. But that string of incidents did not seem to bother Finns Party supporters at the time, at least according to Yle's support poll last month. However, it saw a significant drop in support in the latest poll. Each month the survey is carried out over the course of weeks, and support for the SDP began to wane as the inappropriate behaviour allegations rolled out. But according to Turja, support for the party did not collapse. He said that the opposition SDP is clearly the most popular party among the working class right now. He said the poor economic situation, record-high unemployment and Finland being subject to the EU's excessive deficit procedure and other factors all contributed to the current situation. ""Support levels for the Finns Party may reflect general dissatisfaction with the economic situation and how the government has managed the economy,"" Turja explained. The Finns Party's chair, Finance Minister Riikka Purra, has been a prominent face of the government's cuts to social services and benefits, among other things. In terms of support for opposition parties, the Left Alliance has enjoyed good momentum for months. Its support has returned to levels it saw in July 2024, after its success in the European Parliamentary elections. According to Turja, the Left Alliance surpassing a level of 11 percent in support is exceptional. ""Former Green Party voters have moved to the Left Alliance in fairly large numbers. There are no real flows of support from somewhere else,"" he said. The intelligence agency said it's seeking creative people with good interpersonal and teamwork skills, as well as an ability to withstand stressful situations. For a salaried employee, it takes an average of 46 days to earn what a chief executive makes in a single day. Finland's pandemic-era restrictions were effective and adhered to, according to health agency THL.",https://yle.fi/a/74-20208485,2.5714285714285716,1
2026-02-04 15:20:19,Politics,Finns Party MP faces expulsion from party,"Mikko Polvinen was suspended from the Finns Party's parliamentary group in October after voting against the government, and now says he will not apply for re-admission. MP Mikko Polvinen looks set to be expelled from the Finns Party after announcing he does not intend to re-apply to the party's parliamentary group. Polvinen was temporarily suspended from the parliamentary group in October after voting against the government in parliament over plans to end the provision of emergency services during the night at a hospital in the town of Oulaskangas, about 100 kilometres south of Oulu. Polvinen represents the Oulu electoral district, which includes the Oulaskangas municipality. The party leadership had previously warned Polvinen about his voting behaviour. In a post on Facebook, the politician wrote that he discussed his plans with the Finns Party's parliamentary group chair Jani Mäkelä, who informed him that such a move would, in practice, mean expulsion from the party. The intelligence agency said it's seeking creative people with good interpersonal and teamwork skills, as well as an ability to withstand stressful situations. For a salaried employee, it takes an average of 46 days to earn what a chief executive makes in a single day. Finland's pandemic-era restrictions were effective and adhered to, according to health agency THL.",https://yle.fi/a/74-20208335,3.0,1
2026-02-04 10:53:09,Politics,Finnish MP Päivi Räsänen to testify before US Congress about European censorship laws,"The veteran Christian Democrat politician has faced three charges of incitement to hatred in Finland, following written and spoken statements she made about homosexuality. Christian Democrat MP Päivi Räsänen is set to appear before a House Judiciary Committee hearing at the US Congress in Washington DC on Wednesday. Räsänen was invited to speak to the committee about her experiences of being charged in Finland on three counts of incitement to hatred. The charges arose from written and spoken statements she had made about homosexuality. She was acquitted of the charges by both the district and appeal courts, but Finland's Supreme Court is still reviewing the case. The House Judiciary hearing begins at 10am in Washington DC, or 5pm Finnish time. According to the US judiciary's website, Wednesday's hearing ""will highlight how European online censorship laws, such as the European Union's (EU) Digital Services Act (DSA) and the United Kingdom's (UK) Online Safety Act (OSA), threaten Americans' right to speak freely online in the United States"". Irish comedy writer Graham Linehan, known for his controversial views on transgender people, as well as Irish barrister Lorcán Price are also due to appear before the committee on Wednesday. Räsänen became a cause célèbre among conservative Christian groups in the US during her trial, with the Alliance Defending Freedom International (ADF International) among other organisations raising funds for her defence. Lorcán Price also serves as ADF's legal counsel. The intelligence agency said it's seeking creative people with good interpersonal and teamwork skills, as well as an ability to withstand stressful situations. For a salaried employee, it takes an average of 46 days to earn what a chief executive makes in a single day. Finland's pandemic-era restrictions were effective and adhered to, according to health agency THL.",https://yle.fi/a/74-20208243,3.0,1
2026-02-03 11:58:50,Politics,Finnish MPs return from winter break as SDP re-elects parliamentary whip,"Jussi Halla-aho (Finns) was re-elected as Speaker of Parliament. Earlier, an SDP lawmaker who apologised for making inappropriate comments was replaced as deputy chair of the parliamentary group. Finland's MPs reconvened for Parliament’s spring session on Tuesday after a winter break of nearly six weeks. The largest opposition bloc, the Social Democrats, re-elected Tytti Tuppurainen as leader of the party's parliamentary group as its first order of business. Last week, she strongly denied allegations of inappropriate behaviour towards her assistants and other MPs, made anonymously in a story published by the Finnish news agency STT. Before the meeting, SDP chair Antti Lindtman told reporters that ""Tuppurainen has been the target of unreasonable accusations"". With the SDP leading public opinion polls by a wide margin for many months, Lindtman is a likely contender to take over as prime minister following parliamentary elections next year. The party has also been grappling with reports of sexual harassment at SDP events by some politicians, made in an Yle documentary last month. One of the MPs linked to the accusations is Kim Berg, who apologised for making inappropriate comments in 2023. On Tuesday, he did not seek re-election as deputy chair of the parliamentary group. He was replaced by Seppo Eskelinen. According to Yle sources, the decisions were made unanimously at the meeting. At noon on Tuesday, the whole legislature gathered for its first plenary session of 2026. The only matter of business was the election of the Speaker of Parliament and two deputy speakers by secret ballot. Former Finns Party chair Jussi Halla-aho was re-elected as Speaker by a wide margin. Ex-ministers Paula Risikko (NCP) and Tarja Filatov (SDP) also got the nod to continue as deputy speakers. The formal State Opening of Parliament is scheduled for Wednesday afternoon, with President Alexander Stubb set to deliver a speech. Before that, leaders gather for an ecumenical service at Helsinki's Lutheran Cathedral at noon, with a sermon by the Lutheran Bishop of Tampere, Matti Repo. Last Thursday, Parliament’s Grand Committee met to rubber-stamp the government’s support for an EU loan to Ukraine, worth 90 billion euros. Finance Minister Riikka Purra (Finns) has slammed the EU's loan decision as ""a major failure"". The last parliamentary session was on 19 December. The spring term generally runs until late June. 12.57pm: Updated with Halla-aho re-election. 2.13pm: Updated with deputy speakers' re-election. The intelligence agency said it's seeking creative people with good interpersonal and teamwork skills, as well as an ability to withstand stressful situations. For a salaried employee, it takes an average of 46 days to earn what a chief executive makes in a single day. Finland's pandemic-era restrictions were effective and adhered to, according to health agency THL.",https://yle.fi/a/74-20208017,2.5,1
2026-02-20 10:25:15,Immigration,"""We wonder if we're welcome here"" — Immigrant groups express uncertainty and anxiety over Finland's citizenship test","Integration specialists point to problems such as prohibitive costs, a lack of study materials, and the risks of indirect discrimination. Specialists working in the areas of immigration and integration have issued stark warnings about Finland's plans to introduce a citizenship test. The introduction of the test is the final part of the government's three-pronged strategy aimed at tightening the rules around obtaining a Finnish passport. The previous changes focused primarily on periods of residency and financial self-sufficiency. The Interior Ministry sent the proposal out for comments in December, and the deadline for providing feedback ended on Friday 6 February. The introduction of the test was cautiously welcomed by some of the contributors to the consultation phase, but many others expressed deep concerns. The government intends to bring the bill before Parliament in April with a view to the new laws coming into force by the beginning of next year — but the test itself has left many questions unanswered. Although the exact content of the planned citizenship exam remains unclear, Finland's interior ministry has previously revealed that the test will include multiple-choice and true-false questions. In addition, the ministry said, applicants will take the computer-based test in Finnish or Swedish as a means of further demonstrating their knowledge of Finland and ability to integrate. However, the ministry's assertion that the test questions ""will be based on predefined and publicly available learning material"" is frustratingly vague, according to Nancy Riikola Burton, a spokesperson for the Finland Remigrants Association. ""Finland will require citizenship applicants to pass a high-stakes exam, yet the government has not committed to providing an official, standardised citizenship handbook,"" Riikola Burton noted. She added that her association's analysis of other EU member states who ask immigrants to pass a citizenship test found that Finland's plans in this area lag far behind its peers. Countries such as France, the Netherlands and Denmark provide comprehensive handbooks and study guides which cover topics such as history, society, governance and civic responsibilities. This is all in ""quite stark contrast"" to Finland's plans, Riikola Burton said. ""By forcing citizenship applicants to rely on what the government terms, 'widely available materials' instead of an official handbook or sanctioned materials, it becomes a game of chance rather than a test of your true knowledge and integration,"" she said. In addition, Riikola Burton noted that the constant changes to Finland's Citizenship Act represent a mid-game moving of the goalposts that has left many immigrants feeling ""baffled and disappointed"". ""For the laws to change so significantly, not to mention the increase in anti-immigration rhetoric overall, it absolutely makes us wonder if we're welcome here,"" she said. The 'unwelcoming atmosphere' that the introduction of the citizenship test has created — alongside a host of other measures brought in by the current government — was also mentioned by Panu Puhakka, an advocacy coordinator at the NGO Familia Ry. In his view, Finnish authorities need to ""take a breather"" from focusing on making life increasingly difficult for immigrants in Finland. With the introduction of the citizenship test, he noted, Finland will be in the ""absurd situation"" of measuring an immigrant's level of integration while at the same time cutting the resources and funding that make successful integration possible. In addition, Puhakka pointed out that the cost of taking the citizenship test heaps another expense on top of the application fees, the language certification costs, and any additional translation or administration charges. Although the cost of sitting the test has not been revealed yet by the interior ministry, the government's proposal mentions an annual cost estimate of 2.3 million euros — which would be covered by the people taking the test. According to Familia's calculations, this means the cost per person could be somewhere between 235 and 470 euros as an estimated 5,000-10,000 people are expected to sit the citizenship test every year. This could put the option of sitting the test out of the financial reach of many prospective citizens, he said, especially those on low incomes. ""By the time people get to that stage [the citizenship test], they've already paid hundreds if not thousands of euros to the Finnish government for their right to be here,"" he said. ""It's quite a significant expense on immigrants who already pay a lot to the system."" Bahar Mozaffari, a sustainable integration specialist who was named Finland's Refugee of the Year in 2017, told Yle News that the move to bring in a citizenship test sends a message about ""who is considered a legitimate member of society and on what terms"". She therefore warns of the danger that the test will become indirectly discriminatory. ""There is a real risk that it ends up measuring educational background, test-taking skills, digital literacy, or language proficiency rather than actual civic understanding,"" she pointed out. This risk is especially prevalent, she added, for groups that already face significant challenges in integrating into Finnish society — such as individuals with low levels of formal education or limited literacy, people with disabilities or learning difficulties, or older applicants. ""These groups may face structural barriers in preparing for and completing a standardised test, even if they are well integrated in everyday life and possess practical civic knowledge,"" she said. With this in mind, Mozaffari considers it essential that the test's questions focus on people's fundamental rights and responsibilities as well as other civic matters such as how Finnish public institutions function in practice. ""I would not support questions that test personal values, beliefs, or cultural conformity, nor overly detailed historical or factual trivia with little relevance to everyday participation,"" she added. In an email to Yle News, the interior ministry's senior specialist Hanna Pihkanen noted that the bill is still being drafted and issues such as the cost of taking the citizenship test have not yet been finalised. ""At the moment, there is no particular estimate on the sum of the fee. The draft proposal includes information on some other countries’ citizenship tests and fees. In those countries, the fee of the citizenship test is more or less than 100 euros,"" she wrote. Pihkanen added that the proposal will be ""amended and complemented"" based on the feedback received during the comments and consultation round, but could not provide specific details. The interior ministry will work on the amendments alongside other ministries as well as government agencies, she added, including the Finnish Immigration Service Migri. Interior Minister Mari Rantanen (Finns) revealed last year that Migri will likely develop the test in cooperation ""with a university"" and will also be responsible for administering the exam. A spokesperson for Migri confirmed to Yle News that the agency is ready to ""move on to more in-depth planning"" once the legislation has been approved by Parliament. ""We plan to release comprehensive information, including preparation materials and guidelines for applicants, well in advance of the first opportunity to take the test,"" Migri Service Owner Marja Alkio said. The bill is set to come before Parliament in the first week of April. The intelligence agency said it's seeking creative people with good interpersonal and teamwork skills, as well as an ability to withstand stressful situations. For a salaried employee, it takes an average of 46 days to earn what a chief executive makes in a single day. Finland's pandemic-era restrictions were effective and adhered to, according to health agency THL.",https://yle.fi/a/74-20211291,2.125,1
2026-02-19 12:27:30,Immigration,The stark choice immigrants face in Finland: collecting the dole or applying for citizenship,"With a baby on the way and her fixed-term contract about to end, Canadian Silvie Kroeker must decide between her long-held ambition of becoming a Finnish citizen or a short-term unemployment entitlement. Canadian national Silvie Kroeker finds herself in a catch-22 situation. While she should be looking forward to the birth of her first child later this spring, the joyful event is being overshadowed by the challenges she faces in applying for Finnish citizenship — a long-held ambition. Kroeker will finally meet the length-of-residence condition for applying for citizenship in May, when she will have lived in Finland for five years, and she intends to submit the application as soon as she can. However, the government has repeatedly changed and tightened the laws around applying for a Finnish passport over the past two years — including a provision passed into law last year which means that citizenship could be denied if the applicant has collected unemployment benefits for a period of three months over the previous two years. This is the stipulation that leaves Kroeker facing a stark choice: should she apply for unemployment benefits, or citizenship? Because she cannot do both. Kroeker moved to Finland in 2015 to study at the University of Tampere. After graduation however, she was unable to find work in Finland and moved to Germany, where she had managed to secure employment. She stayed there for three years, before returning to Finland in 2021. ""My spouse is Finnish, and I moved here to be with him,"" she said. ""At first I was unemployed and studied Finnish. After about nine months I got a job, and since then I've been employed most of the time."" Her time spent working in Germany interrupted the residency period required for Finnish citizenship. This was previously Kroeker's only obstacle to obtaining a Finnish passport, as she had already proved her language proficiency by passing the YKI test in 2023. But then the rules changed. Now, with the birth of her first child imminent, Kroeker must decide whether to apply for unemployment benefits when her fixed-term contract with her current employer ends in March. Doing so, however, would jeopardise her chances of obtaining Finnish citizenship because even one month of receiving benefits would push her into the new law's catchment as she was unemployed for two months over the past two years in between projects. ""It's easier if I don't apply for it. I'll get maternity allowance anyway before the baby is born,"" she said, though added that she and her Finnish partner could certainly do with the extra income with a baby on the way. The government's continued changes to and tightening of Finland's citizenship laws have been a source of growing concern and frustration for the country's immigrant community. ""I feel that every new law and rule that they've made recently surrounding integration of foreigners and citizenship have been made to make it harder for us, more difficult, and it's already difficult, and I feel that we're just not wanted,"" Bronwyn Vainionpää, who moved to Finland in 2023 to be with her Finnish husband, told Yle News' All Points North podcast in November — echoing the views of many others. The introduction of the three months limit on receiving unemployment benefits has been cited as especially unreasonable, particularly in light of Finland's dire employment situation — currently the worst in the EU. The language requirement also proves tough for many, especially as the Finnish government also wants to cut the integration funding that helps municipalities to provide Finnish language instruction for foreigners. According to figures from Statistics Finland, only about 30 percent of people who sat the YKI test in Finnish last year passed the exam. Taking the intermediate-level YKI test costs 190 euros per attempt, and many people have to sit the exam several times. The conditions for receiving a permanent residence permit were also tightened in January. The new rules require applicants to have lived in Finland for longer, demonstrate some proficiency in Finnish or Swedish, and have a work history of a certain length. In addition, a citizenship test is also in the works — with the government planning to roll it out next year. This represents another hurdle to Silvie Kroeker's hopes of becoming a Finnish citizen. ""I've learned quite a lot about Finland. I've lived here for a total of nine years, and I have many Finnish friends, a Finnish spouse and his family. I've learned quite a lot about Finnish society and culture during that time,"" she said. There is currently a significant backlog of citizenship applications at the offices of the Finnish Immigration Service Migri. According to the agency's own figures, there are just under 23,000 citizenship applications waiting to be processed. This is due, the agency noted, to the exceptionally large number of applications that have been submitted in recent years. However, the number of applications is falling — from more than 18,000 in 2023 to just 11,000 last year. This has coincided with the government's changes to Finland's Citizenship Act, which went into effect in 2024. Migri spokesperson Anna-Lena Lindberg noted that the government's changes have in fact increased the number of applications — as people want to get their documents in before the rules are tightened. This puts extra pressure on the agency, Lindberg said. ""As a result of legislative changes, there are more requirements for permanent permits and citizenship. This naturally brings changes to the processing of applications, as there is more to investigate and clarify,"" she said. Processing a citizenship application currently takes up to 34 months, or almost three years, for most applicants. And at the end of those three years, the result might be negative. The intelligence agency said it's seeking creative people with good interpersonal and teamwork skills, as well as an ability to withstand stressful situations. For a salaried employee, it takes an average of 46 days to earn what a chief executive makes in a single day. Finland's pandemic-era restrictions were effective and adhered to, according to health agency THL.",https://yle.fi/a/74-20211259,2.6923076923076925,1
2026-02-25 08:00:47,Culture,Finland already tops Eurovision odds — but the act is still up in the air,"Many bets are on Finland to win this year's Eurovision Song Contest. One act is a particular favourite, but the actual entry won't be known until Saturday night. For some time now, international betting sites have favoured Finland to win the Eurovision Song Contest this year. However, Finland has yet to choose the act that will be sent to Eurovision, but that will happen soon. As of Wednesday morning, according to eurovisionworld.com, bookmakers were giving Finland an average 14 percent chance of winning. However, Finland is closely trailed by Greece at this early stage, with a 12-percent chance. Betting houses also seem pretty sure about which act Finland will send to the song contest in Vienna in May. That decision will be made on Saturday night at the UMK26 national qualifier at Nokia Arena in Tampere, where seven acts will compete for the chance. But it isn't only Finland that's keeping an eye on UMK (aka the Contest for New Music), as there is a good deal of speculation about the Finnish qualifier on social media platform Reddit — and many of the discussions are in English. The finalists were announced in mid-January. And here are their song entries: The five members of Komiat make modern-day ""humppa"", the good-humoured, quick-tempoed music style that has filled Finnish dancefloors for generations. The group includes singer Aleksi Yli-Sissala, guitarist-singer Samuel Järvinen, accordion player Antero Linden, drummer Eero Nummela and bassist Juho Eskola. Reddit user Miudmon said: ""There's something really endearing about this. Very earnest. Like the vibe of someone who is having fun, not the vibe of trying to make others have fun, if that makes sense. I really like this"". However, according to international betting houses, unless things change at Saturday's qualifier, Komiat's UMK entry Lululai has a two percent chance of reaching ESC. The accordion-playing, throat-singing Antti Paalanen uniquely combines traditions of Southern Ostrobothnian folk music and Mongolian throat singing. Paalanen has said he wants to take the hybrid style to a larger audience. Using those influences, his entry, Takatukka, pays homage to his 'business in front, party in the back' hairstyle known as 'the mullet'. Redditor Vayne Verso shared an opinion about the entry: ""This was exactly as unhinged as I figured it would be when I started listening to his discography the other day. Honestly, I love when countries let their freak flag fly like this in national finals"". Reddit also saw commenter Smudy said: ""You know this is gonna be winning or at least get very close to winning knowing how the Finnish public votes"". According to betting houses on Wednesday, at 17 percent, Paalanen's Takatukka has better chances of winning on Saturday than most of his competitors. Mexican-American Chachi Hildén, whose stage name is CHACHI, was born in Texas. After moving to Finland for love, she first gained public recognition after appearing on the reality TV show Masked Singer Finland in 2020. A few years later she landed a recording deal. A Reddit user with the handle Mysterinna was confident that CHACHI's entry Cherry Cake would ""be amazing live"". ""This isn’t exactly my type of music, but it’s super catchy and it kind of makes me want to dance. I’m not sure whether I like Chachi’s voice that much, but I love her energy and moves,"" Mysterinna noted on Reddit. However, CHACHI's entry has a mere one percent chance of winning the national qualifier, according to the betting tracker on Wednesday. Pop star Etta's song is called Million Dollar Smile, but apart from the chorus and title, the track is sung in Finnish. The singer-rapper, born with the name Emmalotta Kanth, was raised in Vantaa and released her first single in 2018. One UMK follower on Reddit suggested that Etta's Million Dollar Smile would likely do well on the radio. Another said: ""A quality entry that many countries would kill for, but nothing special from Finland"". As of Wednesday, bookmakers were giving Etta's track a two-percent chance of winning at UMK. Half Finnish and half South African, Sinikka Monte was born in Scotland and grew up in Austria. Compared to many of her competitors, she entered the contest as a relative unknown. Similarly, her subtle, mournful track Ready To Leave is in stark contrast to this year's louder UMK entries. ""I didn't expect to like this. Now after playing this on repeat for about 30 minutes, it's safe to say I like this,"" WittyEggplant said about the song in a comment on Reddit. Like most other entries this year, Ready To Leave appears to have little chance to win (1%), the betting tracker site said on Wednesday. With Greek and Finnish roots, KIKI (Petra Gavalas) has said that her music combines Finnish melancholy with Greek darkness. But her entry Rakkaudenkipee (Lovesick), is a moody dance track verging into techno territory — and sung entirely in Finnish. ""Very dramatic, very stylish, a bit mysterious. I like how the song builds and develops. And the video is absolutely insane, wow,"" Redditor Mysterinna said about Rakkaudenkipee. ""Another year of UMK giving us more bangers than a British lunch lady. What are they putting in the saunas up there?"" another commenter said on Reddit. KIKI's Rakkaudenkipee has a three percent chance of winning at UMK, according to the betting house tracker. However, things are known to change. Pop vocalist Pete Parkkonen and classical violinist Linda Lampenius joined forces with their entry Liekinheitin (Flamethrower). Parkkonen became a familiar face in 2008, competing in the TV singing contest Idols. Meanwhile, Lampenius has performed around the world, becoming a household name in the 1990s and rejuvenating her pop music career with an energetic performance alongside Finnish female vocalists at UMK last year. ""Finland slays year after year. To think they used to trade last places with Norway and Portugal,"" Reddit user vilhelmin said when the track was released. According to eurovisionworld.com on Wednesday, Liekinheitin has a 75 percent chance of winning at UMK, far ahead of any of their competitors. According to Yle, which organises the national contest, UMK's winner is determined by a combination of audience votes (75%) and international juries (25%). Audience votes can be cast via Yle's app, by SMS (at €1.50 per vote) or by phone (€1.52 per call, plus local charge). The proceeds will be donated to Mieli Mental Health Finland for its mental health efforts among youths. The UMK26 domestic qualifier will be held at Nokia Arena in Tampere on Saturday, 28 February 2026, at 9pm (Finnish time). It will be streamed on Yle Areena (with English commentary) and broadcast on Yle's TV1. You can read more about UMK in English here. The intelligence agency said it's seeking creative people with good interpersonal and teamwork skills, as well as an ability to withstand stressful situations. For a salaried employee, it takes an average of 46 days to earn what a chief executive makes in a single day. Finland's pandemic-era restrictions were effective and adhered to, according to health agency THL.",https://yle.fi/a/74-20212069,3.0,1
2026-02-02 14:37:26,Culture,Yle's Moomin reading marathon attracts over 1.7 million viewers,"The read-a-thon forms part of the celebrations of Yle's 100 years of broadcasting, which is themed around shared moments. A total of 1.7 million TV viewers tuned in to watch Yle's Moomins Reading Marathon over the past weekend, which ran for three days on the Yle Teema channel. The read-a-thon is also available on Yle Areena, where so far it has been viewed for a total of 400,000 hours. The event forms part of Yle's celebrations of 100 years of broadcasting, which is themed around 'shared moments'. About 130 readers — including from the worlds of politics, sport, film and music — took part in the marathon, which featured nine of Tove Jansson’s most famous Moomin books. In the clip below, you can see Finnish President Alexander Stubb, former Prime Minister Sanna Marin, reality TV star Topi Borg, singer Mirella, actor Olavi Uusivirta, first lady Suzanne Innes-Stubb, former president Tarja Halonen, nature journalist Mikko Peltola, presenter Joonas Nordman, freestyle skater Pekka Hyysalo and actor Johannes Brotherus all reading snippets from the books (in Finnish). The list of readers was selected by Yle's culture journalists Minna Joenniemi and Hannamari Hoikkala. They broke the nine books into scenes and carefully considered who would be suitable as a reader of each part. ""The readers were chosen with love and a lot of attention was paid to the details,"" Joenniemi said. The marathon started with a reading by Tove Jansson’s niece, Sophia Jansson. Other notable appearances were made by Finnish hockey player Marko ""Mörkö"" Anttila, who read two different sections featuring the Moomin character from which his nickname originates, while influencer couple Miisa and Tomas Grekov read about a Moomin wedding and hobby horse enthusiast Ada Filppa regaled viewers with the tale of a seahorse. Joenniemi and Hoikkala also wanted to include readers for whom Finnish is not their mother tongue, which led to appearances by the president’s spouse Suzanne Innes-Stubb as well as by Ukrainian theatre practitioner Sofya Poliezhaieva and Angolan-born media personality Viki ""Seksikäs-Suklaa"" Konssi. Yle organised a similar reading marathon on Independence Day 2024, when Väinö Linna's 1954 novel The Unknown Soldier (Tuntematon sotilas in Finnish) was read out over the course of 20 hours. The intelligence agency said it's seeking creative people with good interpersonal and teamwork skills, as well as an ability to withstand stressful situations. For a salaried employee, it takes an average of 46 days to earn what a chief executive makes in a single day. Finland's pandemic-era restrictions were effective and adhered to, according to health agency THL.",https://yle.fi/a/74-20207860,3.1666666666666665,1
2026-02-02 14:10:34,Culture,Finnish producer scores second Grammy Award,"Jonas W. Karlsson won for his work with US electroacoustic duo ARKAI, while conductor Esa-Pekka Salonen and other Finnish nominees went home empty-handed. Finnish producer Jonas W. Karlsson was among the prizewinners at the 68th Grammy Awards ceremony in Los Angeles, which was marked by statements criticising the US immigration crackdown. Karlsson won in the Best Contemporary Instrumental Album category for his work as producer and mastering engineer of Brightside, the second album by electroacoustic violin/cello duo ARKAI. He also worked on the 2024 debut album by the Asian-American, Juilliard-trained pair, whose sound suggests a poppier counterpart to the Finnish metal-cello trio Apocalyptica. It’s the second Grammy for Karlsson, a 38-year-old who lived in Los Angeles for seven years – but now watched the ceremony from his home in Ingå (Inkoo), just west of Helsinki, early Monday Finnish time. ""The victory came after 2am, and with all the excitement, I think I fell asleep around four or five,"" Karlsson says, adding that he then had to take his daughter to daycare. As a producer, he ensured that the overall picture and the individual songs worked. ""The sound world is created together with the artists, and mastering is the last step just before release: we make sure everything sounds good before it comes out on a streaming service or car radio,"" he explains. He previously scooped a Grammy for his work on singer-songwriter John Legend's Bigger Love, which won as Best R&B Album in 2020. Karlsson has also written and produced hits for domestic artists such as Kasmir and Anna Abreu. In 2012, he co-wrote the Finnish Eurovision entry, ""När jag blundar"", performed by his sister, Pernilla Karlsson. This year's Finnish Eurovision song will be selected at a Tampere gala on 28 February, while the ""Finnish Grammy"" awards will be handed out at the Emma Gala on 7 March in Espoo. Several other Finns also got Grammy nominations this year, but went home empty-handed. Veteran conductor Esa-Pekka Salonen was up for Best Orchestral Performance honour for his recording of Igor Stravinsky's Symphony in Three Movements with the San Francisco Symphony Orchestra. Salonen didn’t win this time, but already has two Grammys on his mantlepiece. He has frequently collaborated with Yle's Radio Symphony Orchestra over the decades, including an appearance at Austria's Salzburg Festival last spring. This year’s orchestral Grammy went to Latvian conductor Andris Nelsons for an album with the Boston Symphony Orchestra. Meanwhile Finnish producers Daniel Okas and Santeri Kauppinen – better known by their stage names Danitello and MDS – were short-listed in the Best International Album category for their work on a track by Nigerian superstar Burna Boy. The song, featuring Mick Jagger on guest vocals, appears on Burna Boy's album No Sign of Weakness, which he performed in Helsinki at last summer’s Flow Festival, his second appearance at the event. More recently, Burna Boy cancelled a scheduled gig at the Helsinki Ice Hall in mid-January. The Best International Album award went to Brazilian legends Caetano Veloso and Maria Bethânia. The intelligence agency said it's seeking creative people with good interpersonal and teamwork skills, as well as an ability to withstand stressful situations. For a salaried employee, it takes an average of 46 days to earn what a chief executive makes in a single day. Finland's pandemic-era restrictions were effective and adhered to, according to health agency THL.",https://yle.fi/a/74-20207847,4.0,1
2026-02-02 08:25:42,Culture,"Monday's papers: Helsinki life hacks, the dangers of salt, and some love for Lahti","Helsingin Sanomat offers readers some tips on the proper etiquette for life in the Finnish capital. In a column written as an open letter to people who have just moved to Helsinki, Helsingin Sanomat offers advice on how to navigate life in the capital. ""Consideration is virtue number one, because there are so many of us here,"" the list begins, noting that this consideration extends to saying hello to neighbours in the stairwell, never parking on a cycle path, and holding the tram door open if someone is rushing to get on board. The last one in particular is highlighted as ""your good deed for the day in the city"". Another category for life in Helsinki is ""understanding boundaries"", such as always listening to music with headphones, not eating on the bus, and sitting in the back seat of a taxi. And then there is the rule so important that HS writes it twice: ""Don't stare. At anyone. Especially not celebrities"". ""There are thousands of them in the capital region. If you have to say something, again, you can thank them,"" the paper advises. But what of shouting loudly, especially here in the capital of Finland — a nation famously (or stereotypically) quiet and reserved. Well, don't do it, of course. ""And why would you even want to? No one cares,"" HS notes. Tabloid Iltalehti's most-read article on Monday morning warns readers of the dangers posed by the most mundane and everyday household spice of them all: salt. IL writes about a new study on how high salt intake is leading to a rise in heart disease and high blood pressure in Finland, among other health issues. ""The harmful effect of salt is not limited to a single disease, but it acts as an indirect risk factor that worsens or increases the risk of several serious chronic diseases,"" Professor Maijaliisa Erkkola tells the tabloid. Erkkola adds that salt is a factor in ""thousands of deaths"" in Finland every year, and that Finns are especially vulnerable to the dangers because of an over-reliance on the spice in Finnish cuisine. ""It’s lazy seasoning if you only use salt. We could do much better,"" she says. The All Points North podcast asked if Finland should introduce a similar ban on social media as in Australia. You can listen to the episode via this embedded player, on Yle Areena, via Apple, Spotify or wherever you get your podcasts. Anyone familiar with Finnish media will no doubt be aware of the 'Suomi mainittu' ('Finland mentioned') phenomenon — in which any reference to Finland by international media is picked up and reported by Finnish newspapers. The list of Suomi mainittu examples is endless, but recent instances have included US broadcaster CNN naming Oulu on its list of 20 top travel destinations and Lonely Planet waxing lyrical about ""castle-topped Turku"" and ""cultured, lakeside Tampere"". But the latest mention is perhaps a more surprising — or in Ilta-Sanomat's words, a ""more exotic"" — location: Lahti. With barely-disguised disbelief, Ilta-Sanomat writes that Lahti appears in a list of travel recommendations for the Nordic countries suggested by readers of The Guardian, a UK newspaper. ""Lahti is full of charming little cafes and quiet, down-to-earth people, not to mention scenes straight from a fairytale,"" the reader, a woman called Esther, says of one of Finland's oft-forgotten cities. Esther spent a month in Lahti as part of her studies, and the experience appears to have had a profound effect on her. ""[I] was equally amazed by the Finnish approach to public health as I was by how comfortable -22C can feel,"" she writes. Finland gets two mentions on the list in fact, with Stephen Edwards writing of his admiration for renowned Finnish architect Alvar Aalto’s Paimio sanatorium in southwest Finland. ""Walking its corridors offers deep insight into Finnish culture – pragmatic, compassionate, nature-led,"" Edwards notes. The intelligence agency said it's seeking creative people with good interpersonal and teamwork skills, as well as an ability to withstand stressful situations. For a salaried employee, it takes an average of 46 days to earn what a chief executive makes in a single day. Finland's pandemic-era restrictions were effective and adhered to, according to health agency THL.",https://yle.fi/a/74-20207751,2.4444444444444446,1
2026-02-20 15:31:51,Nature,Finns pick Kuusamo landscape photo as most beautiful stamp of 2025,"The competition was arranged by Posti and garnered about 9,000 votes, with one third going to the winning image of a mill by the Myllykoski rapids. An idyllic winter scene along the Kitkajoki River in Kuusamo, captured by photographer Jukka Risikko, has been voted Finland's most beautiful postage stamp of 2025. The image shows an old mill building beside the Myllykoski rapids, surrounded by a snowy and frost-covered landscape. The poll garnered some 9,000 votes, with 33 percent going to Risikko's snap. Risikko has form when it comes to this particular competition, as his photographs have previously won the vote for Most Beautiful Postage Stamp in 2021, 2022 and 2024. The winning image for 2025 was captured during conditions of -25 degrees Celsius. ""Snow, ice, and the special light create opportunities that cannot be captured in milder weather. In extremely cold conditions, even mundane landscapes can look magical,"" Risikko said. Myllykoski is located along the Karhunkierros trail in Kuusamo. The intelligence agency said it's seeking creative people with good interpersonal and teamwork skills, as well as an ability to withstand stressful situations. For a salaried employee, it takes an average of 46 days to earn what a chief executive makes in a single day. Finland's pandemic-era restrictions were effective and adhered to, according to health agency THL.",https://yle.fi/a/74-20211505,3.3333333333333335,1
2026-02-20 14:33:27,Nature,Leaking water pipe wakes Korkeasaari bears from winter hibernation,"An unsettled start to their slumber, and the early-than-planned wake-up call, means the bears only caught about three weeks of uninterrupted sleep this winter. Korkeasaari Zoo's two brown bears have woken from their winter hibernation — a little earlier than expected. According to the Helsinki island zoo, the noise from a leaking water pipe roused the two female bears from their slumber. The pair had retired to their winter den in the middle of November, but the milder temperatures of the early winter initially interrupted their rest. ""We saw from the den camera that the bears often got up to stretch their legs, and we brought them light snacks. They sometimes peeked outside too, but then returned to sleep,"" Korkeasaari animal keeper Susan Nuurtila wrote in a press release. The unsettled start to their slumber, and the early-than-planned wake-up call, means the bears only caught about three weeks of uninterrupted sleep this winter. The mild winters of recent years have impacted the Korkeasaari bears' sleeping rhythm. The intelligence agency said it's seeking creative people with good interpersonal and teamwork skills, as well as an ability to withstand stressful situations. For a salaried employee, it takes an average of 46 days to earn what a chief executive makes in a single day. Finland's pandemic-era restrictions were effective and adhered to, according to health agency THL.",https://yle.fi/a/74-20211523,2.6666666666666665,1
2026-02-11 13:01:45,Nature,Finland plans limited logging ban during birds' nesting season,"The legislative amendment follows last year's decision by the European Court of Justice, which upheld a logging ban during the nesting season in Estonia. The government plans to ban logging in certain types of forests during the bird nesting season in spring and summer. According to the draft bill, logging would be prohibited in deciduous forests, groves and coastal forests in northern Finland between May and July. In the rest of Finland, the ban period would begin and end two weeks earlier. Under the bill, northern Finland is defined as Lapland plus the municipalities of Kuusamo, Pudasjärvi, Taivalkoski, Hyrynsalmi, Puolanka and Suomussalmi. According to the proposal, before harvesting, loggers must assess the birdlife in the area based on factors such as forest type and age. Conservation groups have warned that the population of many of Finland’s best-known bird species has dropped sharply in recent years. The wording of the bill pledges that the three-month restriction will not have a significant impact on private forest owners. It notes that the areas subject to a limited ban are small and that logging can be carried out at other times. The government says that the legislative change is not expected to affect the sale price of timber, either. It is circulating the draft proposal for comments until next week. The Forest Act will be amended to reflect a ruling by the European Court of Justice last August, which banned logging in Estonian forests during the bird breeding season. That case stemmed from a decision in 2021 when Estonia’s Environmental Board suspended logging by two companies until late June. The board ruled that the forestry work posed a real risk of disturbing bird nesting or destroying nests, Estonian public broadcaster ERR reported. The intelligence agency said it's seeking creative people with good interpersonal and teamwork skills, as well as an ability to withstand stressful situations. For a salaried employee, it takes an average of 46 days to earn what a chief executive makes in a single day. Finland's pandemic-era restrictions were effective and adhered to, according to health agency THL.",https://yle.fi/a/74-20209630,2.6,1
2026-02-11 12:10:19,Nature,Finland's quota-based wolf hunting season ends with death toll of 82,"Hunters would have been allowed to shoot up to 100 wolves after a controversial change to Finland's wildlife laws took effect on New Year's Day. Finland's quota-based wolf hunting season has ended, the Finnish Wildlife Agency announced on Wednesday morning. Hunters shot 86 of the allowed quota of 100 wolves. The season began on New Year's Day following a controversial update to the country's Hunting Act. Wolves in Finland had previously enjoyed year-round protection from hunters, but the legal reform allowed the animals to be culled during the period from 1 January to 10 February. Finland's parliament voted last year in favour of lifting the year-round ban, which has mostly been in effect since 1973, due to concerns about the growing numbers of wolves in certain territories. According to figures from the Wildlife Agency, a total of 82 wolves were killed across 15 different designated hunting areas during the 2026 hunting season. However, Finland's Natural Resources Institute (acronymed as Luke in Finnish) is still analysing samples, meaning that figure is subject to change. There were about 430 wolves in Finland in 2024, according to Luke's estimates. Finland’s independent Council of Regulatory Impact Analysis sharply criticised the government's wolf-hunting legislation last year, arguing the process bypassed regular procedure and failed to carry out an impact analysis. Yle News reporter Matt Schilke explains the background to the introduction of the new law. The intelligence agency said it's seeking creative people with good interpersonal and teamwork skills, as well as an ability to withstand stressful situations. For a salaried employee, it takes an average of 46 days to earn what a chief executive makes in a single day. Finland's pandemic-era restrictions were effective and adhered to, according to health agency THL.",https://yle.fi/a/74-20209619,2.25,1
2026-02-10 13:08:41,Health,Protestors call on politicians to overhaul Finland's healthcare funding model,"A massive reform of the way in which regional healthcare authorities are funded was introduced in 2022, but many people are dissatisfied with the results. A group of about 100 people held a demonstration on the steps outside the Parliament Building in Helsinki on Tuesday afternoon, calling for a review of how healthcare funds are distributed around the country. According to an Yle reporter at the scene, the group was mainly made up of people from the regions of South Karelia, South Savo, and Kymenlaakso — three areas of Finland which have been hit especially hard by the financial crisis currently facing the public healthcare system. The group — made up of regional councillors, municipal decision-makers as well as ordinary members of the public — is demanding the government review the way in which Finland funds its regional healthcare authorities, also known as wellbeing services counties. The current funding model — nicknamed sote — was introduced in 2022 by the government of Sanna Marin after a decade of political wrangling and failures by previous coalitions to get the legislation over the line. However, people in Finland have not been pleased with the consequences of the sweeping reform. A poll last year found a clear majority felt their local health services had deteriorated since sote was brought in. Many healthcare regions face spiralling debts, with some forced to lay off hundreds of workers as they try to balance the books. The protestors outside parliament on Tuesday pointed in particular to what they said is the unfair nature in which funds are distributed, and the subsequent knock-on effects such decisions can have on smaller regions. The intelligence agency said it's seeking creative people with good interpersonal and teamwork skills, as well as an ability to withstand stressful situations. For a salaried employee, it takes an average of 46 days to earn what a chief executive makes in a single day. Finland's pandemic-era restrictions were effective and adhered to, according to health agency THL.",https://yle.fi/a/74-20209383,2.25,1
2026-02-07 12:34:49,Health,Medicines watchdog warns of deadly social media pill challenges,"Misuse can quickly cause permanent harm, Fimea says. Finland's medicines agency (Fimea) is warning about social media challenges involving over-the-counter drugs, as the consequences can be life threatening. Some challenges circulating on social media have involved paracetamol and acetylsalicylic acid. Paracetamol, commonly used for pain relief and fever reduction, is safe when taken in the correct dose, but even a slight overdose can cause serious liver damage, Fimea said in a statement. Acetylsalicylic acid, commonly known as aspirin, also has blood-thinning properties. ""High doses or prolonged use of acetylsalicylic acid can cause stomach and intestinal problems, and in some cases potentially life-threatening gastrointestinal bleeding,"" said Piia Vuorela, a director at Fimea. She said that adults should talk with children and teens about the social media challenges and the risks associated with medicines. Yle News' All Points North podcast looked at moves to ban social media for kids in Finland. The intelligence agency said it's seeking creative people with good interpersonal and teamwork skills, as well as an ability to withstand stressful situations. For a salaried employee, it takes an average of 46 days to earn what a chief executive makes in a single day. Finland's pandemic-era restrictions were effective and adhered to, according to health agency THL.",https://yle.fi/a/74-20208900,2.3333333333333335,1
2026-02-06 07:00:42,Entertainment,"The Hosts of UMK 2026 are Sami Sykkö, Jorma Uotinen, and Jasmin Beloued","The hosting trio will be seen in action at the UMK26 show on 28 February 2026. This year’s UMK will be hosted by Sami Sykkö, Jorma Uotinen, and Jasmin Beloued. The UMK26 show will feature seven competing performances by Etta, Linda Lampenius x Pete Parkkonen, Komiat, Sinikka Monte, Antti Paalanen, Chachi, and Kiki. In addition, the show will include yet-to-be-announced opening and interval acts that will certainly deliver plenty of surprises. UMK host Sami Sykkö is a journalist, working life professor at LUT University, economist, style icon, and traveller. Sykkö is known, among other things, as the style expert in Yle’s Independence Day Reception broadcasts. The idea of hosting UMK occurred to Sykkö already at the previous UMK event. – I was sitting in the audience at last year’s UMK and thought this would be a great gig for me and Jorma. Then the stars aligned, and we got a call from the UMK production. It felt incredible that Jorma and I were asked to host, since I had been thinking about it almost a year earlier – and that’s why it also felt so natural!, Sykkö describes. – Jorma and I will give it our all and bring our own personalities into the UMK world. Over the years, UMK has developed into a huge spectacle for the whole nation, something everyone wants to be a part of. It’s a privilege to be involved in UMK right now when it has grown into such a significant player in the Finnish music and entertainment scene. For Sykkö, being a fan of UMK and Eurovision is fairly new, a spark that ignited through a radio gig. – I wasn’t much of a UMK or Eurovision fan before, but a few years ago I was invited to provide radio commentary for the Eurovision Song Contest, and that’s when the spark was lit. Jorma organizes annual Eurovision parties, where we follow the contest, rate the songs, and try to guess the winner. Helena Lindgren always gets everything right – I always guess wrong, Sykkö laughs. UMK host Jorma Uotinen, well known to the Finnish public, is a professor, choreographer, singer, and judge on Dancing With the Stars Finland. Uotinen has served as artistic director at the Helsinki City Theatre Dance Company, the Finnish National Ballet, and the Kuopio Dance Festival. – It’s great to be part of a show the size of UMK, which has now grown to the same scale as Sweden’s Melodifestivalen. As a host, this is my UMK debut, but I have performed in UMK once before. Ten years ago, we made a short film for the UMK show together with then-show producer Elias Koskimies, Uotinen recalls. Uotinen is a devoted fan of UMK and Eurovision, and he organizes Eurovision parties at his home every year. – I have followed Eurovision ever since the beginning of Finland’s history in the contest, dating back to when Laila Kinnunen represented Finland. Especially in recent years, I have followed with great interest what kind of people participate in UMK and Eurovision. Yle Mix’s journalist and host Jasmin Beloued has the honor of hosting the UMK show for the second year in a row. Last year, she co-hosted with the artist Sanni. Jasmin began hosting Yle’s early youth program Yle Galaxi in 2017, and in spring 2020, she hosted Yle’s special broadcast about the coronavirus for children. In 2020, Jasmin joined Yle’s children’s news service Yle Mix as a journalist. Since 2021, Jasmin has also been seen as Yle’s reporter at the Independence Day Reception. – It’s wonderful to get to host UMK again! I didn’t think this opportunity would come again so soon, but it truly is an incredible honor, Beloued comments. Compared to last year, Beloued plans to do certain things differently this time. – Over the past year, I’ve gained much more confidence and learned to be calmer. Now I can enjoy these moments better, and as I get to participate even more in scripting my own segments, it feels really great. Another important lesson is to tape my toes well before the show, since I’ll be in high heels for a long time. Last year, Sami Sykkö was there cheering Jasmin on at UMK – now they’re together on stage. – I consider Sami and Jorma to be very charming gentlemen. I know Sami from the Independence Day Reception over many years, and he was also cheering me on at the last UMK. I’m excited to get to know Jorma as well. I’m looking forward to seeing what they come up with for the show, Beloued says. The winner of the Contest for New Music UMK will be announced on 28 February 2026 at the UMK26 show at the Nokia Arena in Tampere. The UMK show will be broadcast live on Yle TV1, Yle Areena, YleX and YleX3M. The winner will be determined by adding together the audience votes and the international jury score: the share of the audience vote is 75% and the share of the international jury vote is 25%.",https://yle.fi/a/74-20208608,4.2,1
2026-02-11 11:16:20,Transport,Helsinki Metro services suspended following incident on track,"A man was seriously injured after being trapped under a Metro train. The Helsinki Metro line was suspended between Helsinki University and Ruoholahti for about an hour on Wednesday morning following an incident on the tracks. According to reports in the immediate aftermath of the incident, a person suffered a serious injury in the vicinity of the Helsinki Central Station. Several units from the Helsinki Rescue Department were dispatched to the scene shortly after 10am. The department confirmed to reporters about 20 minutes later that a casualty had occurred, and that responsibility for providing further information about the incident would be passed to Helsinki police. Helsingin Sanomat reported on Wednesday afternoon, citing a statement from Helsinki police, that an adult male was seriously injured after becoming trapped under a Metro train. The daily added that no crime is suspected in relation to the incident. Police are continuing their investigation. Article updated at 13:51 on 11.2.2026 to add details from Helsingin Sanomat article. The intelligence agency said it's seeking creative people with good interpersonal and teamwork skills, as well as an ability to withstand stressful situations. For a salaried employee, it takes an average of 46 days to earn what a chief executive makes in a single day. Finland's pandemic-era restrictions were effective and adhered to, according to health agency THL.",https://yle.fi/a/74-20209603,1.6666666666666667,1
2026-02-11 10:33:22,Transport,"One third of young people think it's too easy to get a driving licence in Finland, poll finds","The Finnish government's plans to amend the Driving Licence Act, which aims to improve road safety for young drivers, will be debated in Parliament next week. One third of young people in Finland believe the threshold for obtaining a driving license is too low, according to a survey commissioned by Fintraffic, the country's traffic management agency. The poll collected the views of over 800 people between the ages of 15 and 24, of whom 463 hold a driving license. The apparent ease of securing a license raises serious safety concerns, Fintraffic CEO Pasi Anteroinen wrote in a press release, noting that Finland lags behind the other Nordic countries in youth traffic safety. The government's plans to amend the Driving Licence Act, which aims to improve road safety for young drivers, will come before Parliament next week. ""At present, there is too little instruction. The proposed law would increase it by three theory lessons and one driving lesson. Although the increase is small, it’s a step in the right direction,"" Anteroinen wrote. Aside from the increased lessons, the government's bill will also tighten the requirements under which an underage driver can receive an exemption license as well as impose a nighttime driving ban on those with such permits. Finland's legal driving age is 18, but a law change in 2018 allowed 17-year-olds to obtain driving licences under certain, less-stringent circumstances. According to figures from Fintraffic, currently nine out of 10 applicants meet the criteria to receive an exemption license and some 20,000 17-year-olds now hold such permits, nearly a third of the entire age group. Based on that data, Anteroinen questions whether the regulation can be considered an ""exemption"" any longer. He also welcomes the government's plans to ban 17-year-old license holders from driving between midnight and 5am. ""Two out of five fatal traffic accidents involving young people happen at night. A nighttime driving ban is an easy way to try to prevent nearly half of fatal crashes,"" Anteroinen noted. Nearly half (45 percent) of the young people surveyed backed this view, while 35 percent were against a nighttime ban for 17-year-old drivers. If approved by Parliament, the legislative change will take effect on 1 June. The intelligence agency said it's seeking creative people with good interpersonal and teamwork skills, as well as an ability to withstand stressful situations. For a salaried employee, it takes an average of 46 days to earn what a chief executive makes in a single day. Finland's pandemic-era restrictions were effective and adhered to, according to health agency THL.",https://yle.fi/a/74-20209565,2.0,1
2026-02-09 14:37:28,Transport,"More than €4 billion needed for road and rail repairs, says Finland's infrastructure agency","The Finnish Transport Infrastructure Agency estimates that some 4.3 billion euros worth of repairs are overdue on Finland's railways, roads and waterways. The estimated cost of the Finnish state's backlog of needed repairs to roads, railways and waterways rose by more than 100 million euros last year. The Finnish Transport Infrastructure Agency published its latest data on Monday. The agency said that the price tag for the total backlog of repairs now adds up to almost 4.3 billion euros. That would cover the cost of fixing infrastructure that is in poor or very poor condition. It covers state-owned transport routes, not municipal streets or private roads, for instance. At the end of last year, by far the largest chunk of this ‘repair debt’ was for state roads, which the agency says need over 2.6 billion euros in maintenance. A large proportion of this is for less-used roads. The rail network needs approximately 1.6 billion euros in repairs while 29 million euros should be spent to maintain water transport routes, the agency said. The figure for waterways is virtually unchanged from last year’s report. The Finnish Transport Infrastructure Agency has updated its repair needs calculation annually since 2016, with the shortfall in needed expenditures increasing practically every year. Meanwhile Prime Minister Petteri Orpo (NCP) has vowed to push ahead with a new high-speed rail line between Helsinki and his native Turku that could cost up to four billion euros. The government’s overall state budget for this year calls for spending of just over 90 billion euros. The intelligence agency said it's seeking creative people with good interpersonal and teamwork skills, as well as an ability to withstand stressful situations. For a salaried employee, it takes an average of 46 days to earn what a chief executive makes in a single day. Finland's pandemic-era restrictions were effective and adhered to, according to health agency THL.",https://yle.fi/a/74-20209161,1.25,1
2026-02-02 12:06:07,Transport,Finland to introduce 'green wave' automated system for emergency vehicles,"Fintraffic’s national traffic priority system, which is set to be introduced this summer, will recognise the location of an emergency vehicle and automatically change the lights to green to facilitate its passage. Finland's traffic authority Fintraffic is preparing to roll out a new traffic lights system across the country, which will give priority to emergency vehicles. The automated system will allow ambulances, fire trucks, and other emergency response units to pass through intersections via a 'green wave' of lights. In a press release, Fintraffic explained that the initiative is intended to speed up emergency response times and reduce the risk that emergency vehicles get stuck at busy intersections. The so-called national traffic light priority system, which is set to be introduced this summer, will recognise the location of an emergency vehicle and automatically change the lights to facilitate its passage. ""All cities, municipalities, and wellbeing services counties are welcome to join the national traffic light priority system. The aim now is to implement a nationwide green wave for rescue and emergency units, enabling them to get help to the scene safely and quickly,"" Juho Neuvonen, Fintraffic’s Product Manager, explained in a press release on Monday. Although the new system will be officially in operation from July, rolling it out across the country will take time as traffic systems are tested and updated. The plan follows a successful pilot project. ""About 700 intersections and 300 emergency vehicles were involved in the pilot phase. No emergency-related accidents occurred at the intersections included in the pilot. This demonstrates the system’s effectiveness in practice, and its impact is especially evident in congested areas where every moment is crucial for rescue and emergency units,"" Neuvonen said. The intelligence agency said it's seeking creative people with good interpersonal and teamwork skills, as well as an ability to withstand stressful situations. For a salaried employee, it takes an average of 46 days to earn what a chief executive makes in a single day. Finland's pandemic-era restrictions were effective and adhered to, according to health agency THL.",https://yle.fi/a/74-20207808,4.4,1
2026-02-02 09:55:16,Transport,Mind your head — Finns top EU charts for bike helmet usage,"Roadside observations found that more than 70 percent of Finnish cyclists used a helmet, compared to just 5 percent in the Netherlands. People in Finland are the most conscientious users of bicycle helmets in Europe, according to the results of a comparative study of 25 EU member states. Finland's data was collected by the VTT Technical Research Centre, with roadside observations revealing that more than 70 percent of Finnish cyclists used a helmet. According to a VTT press release, this put Finland ahead of the 16 other countries in which helmet-wearing habits were researched. By contrast, the corresponding figure in the Netherlands was just five percent. The study also found that, in all countries, the use of bicycle helmets was less common in urban areas than in rural regions. Although Finns scored highly on the wearing of bike helmets, the study found other areas of road safety where there is significant room for improvement. For example, speeding by motorists — especially on rural roads with a speed limit of 80 km/h — was found to be of particular concern. Only 35 percent of Finnish drivers on such roads complied with the limit, according to the results of the study. ""Speeding continues to be a significant road safety challenge in Finland, and more efforts should be made to prevent it,"" VTT Research Team Leader Fanny Malin noted. ""This is why the additional recommendations state that effective measures, such as monitoring, communications and infrastructure solutions, should be developed to prevent speeding."" As part of the project, road safety in Finland was assessed based on six key performance indicators (KPIs): compliance with speed limits, seat-belt use, cycling helmet use, drink-driving, vehicle safety, and the time elapsed between notification of a road traffic accident and the arrival of the first rescue unit at the scene of the accident. Compliance with speed limits was the only KPI in which Finland scored comparatively poorly. The intelligence agency said it's seeking creative people with good interpersonal and teamwork skills, as well as an ability to withstand stressful situations. For a salaried employee, it takes an average of 46 days to earn what a chief executive makes in a single day. Finland's pandemic-era restrictions were effective and adhered to, according to health agency THL.",https://yle.fi/a/74-20207771,2.8,1
2026-02-12 13:00:39,Media,"Over 4 million tune into Finnish radio every week, survey finds","Radio listenership remains steady, reaching over 80 percent of the population each week. Two of the top three stations are Yle outlets. Radio listenership in Finland is alive and well, according to the results of a survey by Finnpanel, a media market research firm. The latest National Radio Survey revealed that more than four million people in Finland listened to the radio every week last year, meaning that the medium reached over 80 percent of the population during an average week. This is similar to the results of the previous year's survey, showing that radio listenership remains steady. In terms of the most popular radio stations last year, Yle Radio Suomi topped the charts by reaching 30 percent of the population on a weekly basis, while commercial station Radio Nova came in second. In third was Yle Radio 1, which carries a mix of music and talk, including the daily News in English. Overall, commercial stations reached some 3.4 million people weekly, while 2.3 million tuned in to Yle's offerings. Breaking down last year's data further, the most popular listening time was 9am, when about one million people usually tuned in. People also tended to listen to an average of about two hours of radio per day, typically dividing that time between one or two stations. People aged over 55 were particularly avid listeners, tuning in for about three and a half hours a day. The most common place people listened to the radio was at home, with in the car being second and at the workplace in third. Podcasts were also increasingly popular, especially among younger people, with nearly one in three 15–24-year-olds listening to podcasts weekly. Yle News broadcasts daily news bulletins on Yle Radio 1 at 3:55pm and on Yle Mondo at 3:30pm. The bulletins are also available to listen to on Yle Areena and on the Yle News home page. Finnpanel conducts the National Radio Survey annually. The listening data is collected year-round from about 18,000 respondents’ habits, covering over 120,000 listening days in total. The intelligence agency said it's seeking creative people with good interpersonal and teamwork skills, as well as an ability to withstand stressful situations. For a salaried employee, it takes an average of 46 days to earn what a chief executive makes in a single day. Finland's pandemic-era restrictions were effective and adhered to, according to health agency THL.",https://yle.fi/a/74-20209891,3.2,1
2026-02-04 09:48:20,Media,"Wednesday's papers: Security-minded Finns, Everyone's Rights confusion, and it's not just the weather that's cold","Some people seem to have forgetten the rules regarding Everyone's Rights. People in Finland are more concerned about security issues than their European counterparts, according to results of the latest Eurobarometer survey carried out on behalf of the European Parliament. The Social Democrats' newspaper Demokraatti reported the results, noting that nearly 80 percent of Finns said they were concerned about security, while 70 percent of all EU citizens said they felt the same. Finns were also more likely to want more resources to stave off international threats. Some 90 percent of people in Finland favoured additional resources, while 70 percent of those in other European countries were of the same opinion. In addition to concerns about security and terrorism threats, around two-thirds of EU citizens said they were concerned about climate-change related disasters, cyberattacks and migration, according to Demokraatti. A vast majority (90%) of all respondents said EU states should be more united to meet current global challenges. When asked what issues they would like the European Parliament to raise, curbing inflation and living costs came in first place, with about 40 percent of respondents saying so. Around the world, Finland is famous for a few things: it is the happiest country on earth (at least for the past eight years), it is the spirtual home of the sauna, and it has something called Everyone's Rights. The term (which until a farily recent gender-neutral change) used to be Everyman's Rights — or jokamiehenoikeudet in Finnish — and refers to a tradition allowing people the right and freedom to move around in nature and use natural resources without having to own the land in question. But it seems people in Finland are forgetting the rules surrounding those rights, according to Swedish-language daily Hufvudstadsbladet. Last weekend the paper published an article about a couple who live in the Tammisaari archipelago in Southern Finland. The couple claimed that visitors to the island-dotted area have been behaving worse than in the past. Among other things, the couple told HBL that last summer they filled 20 large garbage sacks full of litter they collected from their group of islands that was left behind by visitors. In addition, visitors have also built campfires on the land, a practice which is not part of Everyone's Rights. To light any type of fire on property that is not your own requires the permission of the landowner, HBL pointed out. The couple told the paper they think people's behaviour has gotten so bad, that they would like to be able to limit the public's access to the islands. As a follow-up, the paper sought out nature conservation and recreation specialist Miliza Malmelin from the Ministry of the Environment. Malmelin has worked in the field for the past decade, but told the paper that she hasn't noticed an increase in troublesome visitors or misunderstandings of the Everyone's Rights rules. She however agreed that lighting campfires or grilling on someone else's land without permission is absolutely unacceptable. Furthermore, overnight visitors on someone else's property should stay a couple of days at the most. While public access rights are not written in lawbooks, that's the general rule. Stays lasting a week are clearly excessive, according to Malmelin. Generally speaking, she said that restricting public access laws would be a major change for Finland, adding that Everyone's Rights offers ""people equal opportunities in ways that private ownership never could"". The communications chief at Finland's natural resource — and national park management — firm Metsähallitus, Harri Karjalainen, told the paper that he thinks that people aren't as familiar with the rules surrounding public access as they used to be. ""Not everyone knows what you can and can't do in nature,"" he told the paper. According to Metsähallitus, around 3.5 million people visited the country's national parks. Some 51,000 of those visits were made to the Tammisaari Archipelago National Park. Karjalainen noted that people increasingly headed out to the countryside and forests during the Covid pandemic. That was a positive development, he noted, but it also led to many new visitors that may not be familiar with the rules. ""We have received some feedback saying that people don't know how to behave now,"" he told the paper. The firm has received complaints about littering, people letting their dogs run free, as well as about visitors building fires without permission. Metsähallitus used a campaign to remind people about the rules that need to be followed at national parks, but some of the guidelines can be used in other areas too, according to the paper. But the campaign effort has not been active recently, even though its posters and related information can still be seen at the parks. Raising questions about everyday aesthetics, Helsingin Sanomat spoke with lighting designer Håkan Långsted who thinks that lighting should make people feel good rather than bad. However, he also thinks that is rarely seen in Finland's public spaces. The country's health centres, transport and shopping centres are all very brightly lit with lighting that is white, flat and nearly contrast-free. There is usually no accommodation made to create a positive atmosphere, according to Långsted. But the paper asks why. According to Elisa Hillgen, chair of the Illuminating Engineering Society of Finland, it is because ""public spaces are used by people of all ages and types, the design starts from the assumption that lighting should be accessible, meaning we think about it from the perspective of the most vulnerable ones"". She told the paper that to people with normal vision the bright lights can seem excessive. Lighting in Finland's public spaces is generally based on EU rules, with a few exceptions. However, Hillgen noted, changing the colour temperature of lighting does not in itself reduce visibility. Instead, different light sources and colour temperatures have the potential to make shades and contrasts less distinct. But warmer colour temperatures in themselves are not a major safety risk, according to Hillgen. The reason public spaces are often lit with 4000-degrees Kelvin (very cold white) lighting, stems from a bygone era, when cool-toned lightbulbs produced more light per watt than warm-toned bulbs. Now, in the era of modern LED lighting, the difference in energy consumption levels of bulbs with different colour temperatures has shrunk to such a small degree that using cold lighting cannot be justified on energy conservation grounds, according to the paper. According to Hillgen , technology has made it possible to take other considerations into account when planning lighting for public spaces. Both Hillgen and Långsted think the situation is set to change, with aesthetics possibly taking a larger role in such planning. ""Lighting should offer a feeling of it being on your side,"" Långstedt said. The intelligence agency said it's seeking creative people with good interpersonal and teamwork skills, as well as an ability to withstand stressful situations. For a salaried employee, it takes an average of 46 days to earn what a chief executive makes in a single day. Finland's pandemic-era restrictions were effective and adhered to, according to health agency THL.",https://yle.fi/a/74-20208221,2.1333333333333333,1
